bucket,brand,external_key,style_name,colorways,fronts,sides,backs,unique_photos,unique_fronts,model_photos,flat_photos,missing_front_colors,hero_front_file,hero_side_file,hero_back_file,style_image_file,on_model_front_file,slug,id
no_photos,ATC Accessories,A1080,Twill Blend Full Length Apron,9,0,0,0,0,0,0,0,Black; Clay; Coal Grey; Coffee; Military; Navy; Red; Royal; White,,,,,,sanmar-a1080-53850202-black-efas3o,95a3b14c-9abf-4e54-bb2f-bdbfc5e4f0fe
no_photos,ATC Accessories,A1081,Twill Blend Waist Length Apron,1,0,0,0,0,0,0,0,Black,,,,,,sanmar-a1081-1807295979-black-2ai1q1,9a9e342c-96ce-4547-8c43-7015d52b624a
every_colour_has_front,ATC Accessories,ATCHBAND,Performance Headband,3,3,0,0,3,3,0,0,,atchband_flat-front_black_2025_cil.jpg,,,atchband_flat-front_black_2025_cil.jpg,,sanmar-atchband-1634815161-black-dezjtt,a673e051-557b-4120-9817-417e0563ca13
every_colour_has_front,ATC Accessories,ATCWBAND,Performance Wristband,3,3,0,0,3,3,0,0,,atcwband_flat-front_black_2025_cil.jpg,,,atcwband_model_web.jpg,,sanmar-atcwband-264425475-black-f6j7lj,3ce860d8-9d34-442f-85c8-f459af9b68a7
every_colour_has_front,ATC Accessories,B1029,Retro Backpack,4,4,4,0,8,4,0,0,,b1029_black_front.jpg,b1029_black_side.jpg,,b1029_black_front.jpg,,sanmar-b1029-1767874391-black-t15tg6,4de2c0cd-fa07-4089-ad85-7618e4c82514
every_colour_has_front,ATC Accessories,B1033,Retro Barrel Duffel,4,4,0,0,4,4,0,4,,b1033_flat_angle_black_2016_1.jpg,,,b1033_flat_front_darkgrey_2016.jpg,,sanmar-b1033-547183138-black-hu9ffb,14953b4a-738f-4f36-bb2f-33068a5a5eb0
every_colour_has_front,ATC Accessories,B110,Everyday Essential Tote,13,13,0,0,13,13,0,0,,b110_form-front_athletic-gold_2026_cil.jpg,,,l3517_raspberryheather_b110_black_modl_c2016.jpg,,sanmar-b110-12251756-athletic-gold-57x7b5,3fa7e3f3-ff15-4621-878a-6ae8827aa2b7
most_colours_have_front,ATC Accessories,B120,Everyday Cinch Pack,10,9,0,0,9,9,0,4,Lime,b120_athleticgold.jpg,,,b120_gold_modl_studio-1-2019.jpg,,sanmar-b120-392941079-athletic-gold-af7se4,56925c89-1062-471d-b5c6-88b486bedc1c
every_colour_has_front,ATC Earth Wash,ATC6015,Everyday Earth Wash L/S Tee,6,6,6,0,12,6,0,0,,atc6015_form-angle_black_2024_cil.jpg,atc6015_form-side_black_2024_cil.jpg,,atc6015_modl_pewter_crop_2024_cil.jpg,,sanmar-atc6015-785989518-black-ow4yk4,6028e4d5-dcd9-417c-8a71-078182039df8
every_colour_has_front,ATC Earth Wash,ATC6040,Everyday Earth Wash Tee,14,14,14,0,28,14,0,0,,atc6040_form-angle_black_2024_cil.jpg,atc6040_form-side_black_2024_cil.jpg,,atc6040_form-angle_black_2024_cil.jpg,,sanmar-atc6040-368965882-black-6sg91c,64db9522-5b98-4b58-b6b7-24749a4beda2
every_colour_has_front,ATC Earth Wash,ATC6040L,Everyday Earth Wash Ladies Tee,11,11,11,0,22,11,0,0,,atc6040l_form-angle_black_2024_cil.jpg,atc6040l_form-side_black_2024_cil.jpg,,atc6040l_form-angle_black_2024_cil.jpg,,sanmar-atc6040l-922323195-black-t1nanq,b89bf615-7773-4da7-b28f-f901cb78140c
every_colour_has_front,ATC Earth Wash,ATC6040Y,Everyday Earth Wash Youth Tee,11,11,10,0,21,11,0,0,,atc6040y_form-angle_black_2024_cil.jpg,atc6040y_form-side_black_2024_cil.jpg,,atc6040y_form-angle_black_2024_cil.jpg,,sanmar-atc6040y-212860219-black-pilzyn,0cd371f9-90c8-4cd5-8f5f-09ca2da4b20f
every_colour_has_front,ATC Earth Wash,ATCF6400,Everyday Earth Wash Crewneck,8,8,8,0,16,8,0,0,,atcf6400_form-angle_black_2025_cil.jpg,atcf6400_form-side_black_2025_cil.jpg,,atcf6400_modl_sand_studio-crop_2024_cil.jpg,,sanmar-atcf6400-459604382-black-ljo3xm,8e385fd3-cc9a-4a13-9845-3795c5ba3c40
every_colour_has_front,ATC Earth Wash,ATCF6500,Everyday Earth Wash Hood,11,11,11,0,22,11,0,0,,atcf6500_form-angle_black_2025_cil.jpg,atcf6500_form-side_black_2025_cil.jpg,,atcf6500_modl_navy_studio-crop_2024_cil.jpg,,sanmar-atcf6500-794580562-black-ao7wqe,81e75118-81c2-46fe-abd0-65f6508dbb11
every_colour_has_front,ATC Earth Wash,ATCY6500,Everyday Earthwash Youth Hood,6,6,6,0,12,6,0,0,,atcy6500_form-angle_earth-black_2025_cil.jpg,atcy6500_form-side_earth-black_2025_cil.jpg,,atcy6500_modl_earth-navy_crop_2025_cil.jpg,,sanmar-atcy6500-1691521485-black-gxkzst,19c2aeda-343c-4469-b243-ca05017aaa05
every_colour_has_front,ATC Essentials,ATC3700,Essential Performance Tee,10,10,10,0,20,10,0,0,,atc3700_form-angle_black_2025_cil.jpg,atc3700_form-side_black_2025_cil.jpg,,atc3700_orange_modl_crop_2025_cil.jpg,,sanmar-atc3700-1085782565-black-n5onae,b024dddf-67d0-41a7-bca5-88c7f8a0ec8c
every_colour_has_front,ATC Essentials,ATC3700L,Essential Performance Lds Tee,10,10,10,0,20,10,0,0,,atc3700l_form-angle_black_2025_cil.jpg,atc3700l_form-side_black_2025_cil.jpg,,atc3700l_true-royal_modl_crop_2025_cil.jpg,,sanmar-atc3700l-1897182528-black-izv3wp,30cdb7c6-ce2c-4201-92ab-4912791de796
every_colour_has_front,ATC Essentials,ATC3700Y,Essential Performance Yth Tee,10,10,10,0,20,10,0,0,,atc3700y_form-angle_black_2025_cil.jpg,atc3700y_form-side_black_2025_cil.jpg,,atc3700y_modl_true-red_crop_2025_cil.jpg,,sanmar-atc3700y-1674162418-black-pslnj7,6d19acd1-c80e-4af8-8127-94a2e9ea401d
every_colour_has_front,ATC Essentials,ATC3715,Essential Performance LS Tee,6,6,6,0,12,6,0,0,,atc3715_form-angle_black_2025_cil.jpg,atc3715_form-side_black_2025_cil.jpg,,atc3715_modl_coal-grey_studio-2_2025.jpg,,sanmar-atc3715-1343455045-black-3bmry8,93c1317e-8f69-43c9-bf28-77bb0f25cc45
every_colour_has_front,ATC Essentials,ATC3715Y,Essential Performance Yth LS T,6,6,6,0,12,6,0,0,,atc3715y_form-angle_black_2025_cil.jpg,atc3715y_form-side_black_2025_cil.jpg,,atc3715y_modl_white_studio-1_2025.jpg,,sanmar-atc3715y-209735046-black-q2prv2,80d1431d-de87-4201-a021-d3f0297edd4c
most_colours_have_front,ATC Essentials,ATCF2100,Essential Performance Hood,12,11,11,0,22,11,0,0,Charcoal Hthr,atcf2100_form-angle_athletic-grey_2024_cil.jpg,atcf2100_form-side_athletic-grey_2024_cil.jpg,,atcf2100_modl_true-royal_crop_2024_cil.jpg,,sanmar-atcf2100-1752607669-athletic-grey-qb1r2b,47e795fb-2587-446c-b5aa-072c63ef03fa
every_colour_has_front,ATC Essentials,ATCF2110,Essential Perf Fleece FZ Hood,3,3,3,0,6,3,0,0,,atcf2110_form-angle_athletic-grey_2026_cil.jpg,atcf2110_form-side_athletic-grey_2026_cil.jpg,,atcf2110_true-navy_modl_studio_crop_2026_cil.jpg,,sanmar-atcf2110-889968361-athletic-grey-wz7pzt,4d2fd285-5831-4281-8cd2-285937c725af
every_colour_has_front,ATC Essentials,ATCF2130,Essential Perf Fleece 1/4 Zip,3,3,3,0,6,3,0,0,,atcf2130_form-angle_athletic-grey_2026_cil.jpg,atcf2130_form-side_athletic-grey_2026_cil.jpg,,atcf2130_true-navy_modl_studio_crop_2026_cil.jpg,,sanmar-atcf2130-1811287215-athletic-grey-4it2uv,38d89187-f38b-4423-9a75-8571989fd2e9
every_colour_has_front,ATC Essentials,ATCF2180,Essential Perf Fleece Pant,3,3,3,0,6,3,0,0,,atcf2180_form-angle_athletic-grey_2026_cil.jpg,atcf2180_form-side-left_athletic-grey_2026_cil.jpg,,atcf2110_true-navy___atcf2180_true-navy_modl_studio_crop_2026_cil.jpg,,sanmar-atcf2180-821411129-athletic-grey-a7hz51,bea5cc34-13a6-49cd-8788-f70bc6e5bf5a
most_colours_have_front,ATC Essentials,ATCY2100,Essential Yth Performance Hood,12,11,11,0,22,11,0,0,Charcoal Hthr,atcy2100_form-angle_athletic-grey_2024_cil.jpg,atcy2100_form-side_athletic-grey_2024_cil.jpg,,atcy2100_modl_purple_crop_2024_cil.jpg,,sanmar-atcy2100-47147225-athletic-grey-1j8wne,d03351ea-3f69-441b-a220-e0480a4e6b1e
every_colour_has_front,ATC Essentials,ATCY2180,Essential Perf Youth Sweatpant,3,3,3,0,6,3,0,0,,atcy2180_athletic-grey_modl_studio_crop_2026_cil.jpg,atcy2180_form-side-left_athletic-grey_2026_cil.jpg,,atcy2180_athletic-grey_modl_studio_crop_2026_cil.jpg,,sanmar-atcy2180-1124742219-athletic-grey-s38ks,35e2d84a-cbb9-42cc-9903-5e54f97b40ae
one_colour_photographed,ATC EuroSpun,ATC0822,Ring Spun Baseball Tee,4,1,0,1,2,1,0,0,AthGry/Char; AthGry/Navy; Wht/True Navy,atc0822_whiteblack_modl_studio2_2019.jpg,,atc0822_form_back_whiteblack_052015.jpg,atc0822_whiteblack_modl_studio2_2019.jpg,,sanmar-atc0822-1534636687-white-black-3wfdmx,f77e64ad-fe8c-4073-8021-975a3d6ce2e5
one_colour_photographed,ATC EuroSpun,ATC0822Y,Ring Spun Baseball Yth Tee,3,1,0,1,2,1,0,0,AthGry/Char; Wht/True Navy,atc0822y_form_angle_whiteblack_052015_1.jpg,,atc0822y_form_back_whiteblack_052015.jpg,atc0822y_greycamo_modl_2016.jpg,,sanmar-atc0822y-1890136093-white-black-w4cjz8,f1929840-a9ee-4029-937f-297aee9f4972
most_colours_have_front,ATC EuroSpun,ATC8000,Ring Spun Tee,19,14,0,14,28,14,0,0,Charcoal Hthr; Hthr Cardinal; Hthr Forest; Hthr Navy; Hthr Teal,atc8000_form_angle_athleticgrey_042015.jpg,,atc8000_form_back_athleticgrey_042015_1.jpg,atc8000_black_modl_wall_cil.jpg,,sanmar-atc8000-2001052401-athletic-grey-mu8u5c,2d6874e4-e0a6-431f-bacd-e5a364add658
most_colours_have_front,ATC EuroSpun,ATC8000L,Ring Spun Lds' Tee,5,4,0,4,8,4,0,0,Charcoal Hthr,atc8000l_form_angle_athleticgrey_042015_1.jpg,,atc8000l_form_back_athleticgrey_022016.jpg,atc8000l_kellygreen_modl_studio.jpg,,sanmar-atc8000l-687310237-athletic-grey-aau83k,c1ae0bf5-1115-4778-815f-0280dc1d04ed
every_colour_has_front,ATC EuroSpun,ATC8000Y,Ring Spun Yth Tee,11,11,0,10,21,11,0,0,,atc8000y_form_angle_athleticgrey_042015.jpg,,,atc8000y_pinkcamo_modl_2016.jpg,,sanmar-atc8000y-1926777103-athletic-grey-9clmrk,b7d6aea9-5202-44b0-a50b-3289dbd68135
most_colours_have_front,ATC EuroSpun,ATC8001L,Ring Spun V-Neck Lds' Tee,14,10,0,10,20,10,0,0,Charcoal Hthr; Hthr Cardinal; Hthr Navy; Hthr Teal,atc8001l_form_angle_black_042015.jpg,,atc8001l_form_back_black_042015.jpg,atc8001l_form_angle_athleticgrey_042015.jpg,,sanmar-atc8001l-103782472-black-n5x9u,138c60e3-7e0a-4b63-8381-9834eded67e3
every_colour_has_front,ATC EuroSpun,ATC8004,Ring Spun Tank,1,1,0,1,2,1,0,0,,atc8004_form_angle_white_032017_c2.jpg,,atc8004_form_back_white.jpg,atc8004_black_modl_studio-2_c2018.jpg,,sanmar-atc8004-761973628-white-xfkrs0,f08fbe9f-f0b3-4731-b780-e9dd406ace54
most_colours_have_front,ATC EuroSpun,ATC8015,Ring Spun L/S Tee,7,6,0,5,11,6,0,0,Charcoal Hthr,atc8015_form_angle_athleticgrey_022016.jpg,,atc8015_form_back_athleticgrey_022016.jpg,atc8015_truenavy_modl_crop-3.jpg,,sanmar-atc8015-564535328-athletic-grey-sslrxa,831d123e-30c0-4de6-9f13-4167f3514bf7
partial_colour_photos,ATC EuroSpun,ATC8015L,EuroSpun Long Sleeve Lds Tee,3,2,0,0,2,2,0,0,Charcoal Hth,atc8015l_form-front_black_2022_cil.jpg,,,atc8015l_form-front_black_2022_cil.jpg,,sanmar-atc8015l-910020668-black-djjysy,aabf153f-79f6-470b-b6d0-11ae82a69134
no_photos,ATC EuroSpun,ATC8064,Vintage Thermal L/S Henley,3,0,0,0,0,0,0,0,Cardinal Hthr; Charcoal Hthr; Grey Hthr,,,,atc8064_dark-heather-grey_modl_studio_1_2020.jpg,,sanmar-atc8064-1283466264-cardinal-hthr-78tzfr,3495cdb8-a9cd-44ca-9bf5-4e69676dd576
no_photos,ATC EuroSpun,ATC8064L,Vintage Thermal L/S Lds'Henley,1,0,0,0,0,0,0,0,Charcoal Hthr,,,,atc8064l_athletic-grey_modl_studio_1_2020.jpg,,sanmar-atc8064l-727040450-charcoal-hthr-htpf4n,35156e69-c504-4655-a8bc-3d2391a3a1e4
most_colours_have_front,ATC Everyday,ATC1000,Everyday Cotton Tee,50,42,2,18,62,42,0,0,Athletic Hthr; Dark ChcBrown; Dark HthrGrey; Graphite Hthr; MilitaryGreen; Oatmeal Hthr; Team Drk Hthr; Team FrstGrn,atc1000_form-angle_aquatic-blue_2024_cil.jpg,,,atc1000_modl_oatmeal-heather_crop_2023_cil.jpg,,sanmar-atc1000-2001322649-aquatic-blue-o90g1n,6d6e317e-5bde-433b-a96e-88833817b41d
most_colours_have_front,ATC Everyday,ATC1000L,Everyday Cotton Lds' Tee,26,23,1,16,40,23,0,0,Athletic Hthr; Dark HthrGrey; Oatmeal Hthr,atc1000l_form-angle_aquatic-blue_2024_cil.jpg,,,atc1000l_heatherroyal_modl_crop_2019.jpg,,sanmar-atc1000l-1995389134-aquatic-blue-77s505,84203032-83f2-44b2-b823-9c60568bae66
every_colour_has_front,ATC Everyday,ATC1000P,Everyday Pkt Tee,6,6,0,4,10,6,0,0,,atc1000p_form_angle_black_052019.jpg,,atc1000p_form_back_black_012017.jpg,atc1000p_royal_modl_studio_2_2020.jpg,,sanmar-atc1000p-2057303631-black-77dwit,99a95381-d8b1-4f5b-8673-020a6132ade6
most_colours_have_front,ATC Everyday,ATC1000T,Everyday Cotton Tall Tee,9,8,0,0,8,8,0,0,Athletic Hthr,atc1000t_black_modl_studio_2019c_1.jpg,,,atc1000t_black_modl_studio_2019c_1.jpg,,sanmar-atc1000t-1155244171-black-t4l6ij,f3780982-3d2f-4627-bad5-808cf9761bd2
most_colours_have_front,ATC Everyday,ATC1000Y,Everyday Cotton Youth Tee,34,29,0,17,46,29,0,0,Athletic Hthr; Dark HthrGrey; Oatmeal Hthr; Team Drk Hthr; Team FrstGrn,atc1000y_form-angle_aquatic-blue_2024_cil.jpg,,,atc1000y_modl_ash-grey_studio-girl-crop_2023_cil.jpg,,sanmar-atc1000y-438091653-aquatic-blue-10o8ou,624e505d-1a59-45ee-b622-3c87a1fc09f2
most_colours_have_front,ATC Everyday,ATC1002,Everyday Cotton Sleeveless Tee,5,4,0,0,4,4,0,0,Athletic Hthr,atc1002_form-angle_black_2024_cil.jpg,,,atc1002_modl_navy_studio_crop_2024_cil.jpg,,sanmar-atc1002-1483925633-black-39dxab,4ba22a09-074c-44f2-aee0-966ac35081c9
most_colours_have_front,ATC Everyday,ATC1004,Everyday Cotton Tank Top,7,6,0,6,12,6,0,0,Athletic Hthr,atc1004_form_angle_black_012017.jpg,,atc1004_form_back_black_012017.jpg,atc1004_royal_modl_studio-3-2019_1.jpg,,sanmar-atc1004-877628555-black-w3bswo,02385a1d-2fcd-4725-8eb9-c4140db3f291
most_colours_have_front,ATC Everyday,ATC1004L,Everyday Cotton Lds' Tank Top,7,6,0,6,12,6,0,0,Athletic Hthr,atc1004l_form_angle_black_012017.jpg,,atc1004l_form_back_black_012017.jpg,atc1004l_red_modl_crop-2019.jpg,,sanmar-atc1004l-1015214429-black-3ldbxd,cbd3859d-f7c3-42e3-aef2-71b8c8389334
most_colours_have_front,ATC Everyday,ATC1015,Everyday Cotton L/S Tee,28,22,2,12,36,22,0,0,Athletic Hthr; Dark HthrGrey; Hthr Navy; Oatmeal Hthr; Team Drk Hthr; Team FrstGrn,atc1015_form-angle_ash-grey_2023_cil.jpg,atc1015_form-side_ash-grey_2023_cil.jpg,,atc1015_maroon_modl_c2018_1.jpg,,sanmar-atc1015-1575800677-ash-9keaz9,9ac7d9b5-6e6e-423a-84f0-bf30d0d32642
most_colours_have_front,ATC Everyday,ATC1015Y,Everyday Cotton L/S Yth Tee,13,11,0,11,22,11,0,0,Athletic Hthr; Dark HthrGrey,atc1015y_form_angle_black_012017.jpg,,atc1015y_form_back_black_012017.jpg,atc1015y_maroon_modl_crop-1-2019.jpg,,sanmar-atc1015y-875451221-black-o8tmqt,043f0e21-08d3-4f69-ad58-3eb6767f081b
most_colours_have_front,ATC Everyday,ATC5015,Everyday Cotton Blend LS Tee,5,4,0,0,4,4,0,0,Athletic Hthr,atc5015_form-angle_black_2024_cil.jpg,,,atc5015_modl_navy_studio-angle_2024-crop_cil.jpg,,sanmar-atc5015-1044688105-black-npzcms,2345fa4e-e632-48ab-afdc-fa02bcb47302
most_colours_have_front,ATC Everyday,ATC5050,Everyday Cotton Blend Tee,29,25,0,13,38,25,0,0,Athletic Hthr; Dark HthrGrey; Team Drk Hthr; Team FrstGrn,atc5050_form-angle_aquatic-blue_2024_cil.jpg,,,atc5050_modl_sapphire_studio-crop_2023_cil.jpg,,sanmar-atc5050-1788307738-aquatic-blue-rue8ut,7f05e7e4-b8fe-45fb-9f42-94ffa85c884e
most_colours_have_front,ATC Everyday,ATC5050Y,Everyday Cotton Blend Yth Tee,29,25,0,13,38,25,0,0,Athletic Hthr; Dark HthrGrey; Team Drk Hthr; Team FrstGrn,atc5050y_form-angle_aquatic-blue_2024_cil.jpg,,,atc5050y_navy_modl_crop-1-2019.jpg,,sanmar-atc5050y-1972935715-aquatic-blue-ea05ec,0fd70831-2df2-4cdc-b6c1-c9051ec9a3bc
partial_colour_photos,ATC Everyday,ATCF2500T,Everyday Fleece Tall Hood,4,2,2,0,4,2,0,0,Athletic Hthr; Dk Hthr Grey,atcf2500t_form-angle_black_2025_cil.jpg,atcf2500t_form-side_black_2025_cil.jpg,,atcf2500t_modl_dark-heather-grey_crop_2025_cil.jpg,,sanmar-atcf2500t-1608458966-black-eocsem,e9e64bdc-ed61-416b-a228-a04f17e5919b
most_colours_have_front,ATC Everyday,ATCF2600,Everyday Fleece F/Z Hooded,20,15,9,5,29,15,0,0,Athletic Hthr; Dark HthrGrey; MilitaryGreen; Oatmeal Hthr; Team ForestGr,atcf2600_form_angle_black_022017.jpg,,atcf2600_form_back_black_022017.jpg,atcf2600_modl_white_brick-wall-girl-1_2021_cil.jpg,,sanmar-atcf2600-768948679-black-knuc38,b88acff8-4fdd-417b-88e4-3ae7ded87a52
partial_colour_photos,ATC Everyday,ATCF2700,Everyday Fleece 1/4 Zip,11,7,5,2,14,7,0,0,Athletic Hthr; Dark HthrGrey; Oatmeal Hthr; Team DarkHthr,atcf2700_black_modl_crop_2020.jpg,,atcf2700_form_back_black_062019.jpg,atcf2700_black_modl_crop_2020.jpg,,sanmar-atcf2700-753156699-black-egb8k5,1e56620d-62cf-412d-916e-d57bb3ab0915
partial_colour_photos,ATC Everyday,ATCF2800,Everyday Fleece Sweatpants,6,3,0,2,5,3,0,0,Athletic Hthr; Dark HthrGrey; Oatmeal Hthr,atcf2500_sapphire_atcf2800_black_modl_crop_1_2020.jpg,,atcf2800_form_back_black_062019.jpg,atcf2500_sapphire_atcf2800_black_modl_crop_1_2020.jpg,,sanmar-atcf2800-1080485549-black-jmsr25,4d6ed76a-01b8-4673-b0bd-457804c289c2
single_shared_photo,ATC Everyday,ATCF2850,Everyday Fleece Jogger,3,1,0,0,1,1,0,0,Athletic Hthr; Dark HthrGrey,atcf2850_dark-heather-grey___atc1000l_black_modl_girlstanding_1_2021.jpg,,,atcf2850_dark-heather-grey___atc1000l_black_modl_girlstanding_1_2021.jpg,,sanmar-atcf2850-694516671-black-puf7m0,159096a1-a0f8-482f-9512-4c135ceeb24f
partial_colour_photos,ATC Everyday,ATCF2875,Everyday Fleece Short,3,2,0,0,2,2,0,0,Dark Hthr Gry,atcf2875_form-front_black_2025_cil.jpg,,,atcf2875_form-front_black_2025_cil.jpg,,sanmar-atcf2875-708813316-black-3tvym4,6566cfa6-c3ec-4d3c-bd99-b66c356389be
partial_colour_photos,ATC Everyday,ATCY2600,Everyday Fleece F/Z Yth Hooded,11,7,3,4,14,7,0,0,Athletic Hthr; Dark HthrGrey; MilitaryGreen; Team ForestGr,atcy2600_form_angle_black_022017.jpg,,atcy2600_form_back_black_022017.jpg,atcy2600_modl_military-green_studio-toddler-4_2025_cil.jpg,,sanmar-atcy2600-515472718-black-nhqvn,7a3e18e8-f58a-4605-ac41-bb146e3ec452
no_photos,ATC Everyday,ATCY2700,Everyday Fleece Youth  1/4 Zip,6,0,0,0,0,0,0,0,Athletic Hthr; Black; Team DrkHthr; Team Navy; Team Red; Team Royal,,,,,,sanmar-atcy2700-1158761643-athletic-hthr-wsz3zv,ac2795e6-addd-4bd9-8425-b5bc76bab3e2
partial_colour_photos,ATC Everyday,ATCY2800,Everyday Fleece Yth Sweatpants,4,2,0,1,3,2,0,0,Athletic Hthr; Dark HthrGrey,atcf2800_form_angle_black_062019.jpg,,atcf2800_form_back_black_062019_1.jpg,atcf2800_form_angle_black_062019.jpg,,sanmar-atcy2800-1672490183-black-qr3a9o,70991b15-b2f2-4e36-974e-f351d462e845
most_colours_have_front,ATC FleeceCore,F2016,Core Hooded Sweatshirt,4,3,0,3,6,3,0,0,Charcoal Hthr,f2016_form_angle_athleticgrey_032017_v3c1.jpg,,f2016_form_back_athleticgrey_032017_v2c1.jpg,f2016_trueroyal_modl_studio1_2019.jpg,,sanmar-f2016-1165894593-athletic-grey-e12bzq,60eeaa9f-a9f9-4f0a-a5f8-6e4615d8d581
most_colours_have_front,ATC FleeceCore,F2018,Core F/Z Hooded Sweatshirt,4,3,0,3,6,3,0,0,Charcoal Hthr,f2018_form_angle_athleticgrey_032017_v3c1.jpg,,f2018_form_back_athleticgrey_032017_v2c1.jpg,f2018_black_modl_studio1_2019.jpg,,sanmar-f2018-1569340545-athletic-grey-f85pvk,efd007a5-ae63-4f44-8470-ef7f91efa1a6
partial_colour_photos,ATC FleeceCore,L2018,Core F/Z Hooded Lds'Sweatshirt,3,2,0,2,4,2,0,0,Charcoal Hthr,l2018_athletic-grey_modl_studio_1_2020.jpg,,l2018_form_back_athletic-grey_032019.jpg,l2018_athletic-grey_modl_studio_1_2020.jpg,,sanmar-l2018-1729611871-athletic-grey-wry9o9,12b9d944-0c1b-4616-b929-47c857c3ab1e
most_colours_have_front,ATC FleeceCore,Y2016,Core Hooded Yth Sweatshirt,4,3,0,2,5,3,0,0,Charcoal Hthr,y2016_form_angle_athleticgrey_032017_v2c1.jpg,,y2016_form_back_athleticgrey_032017_c1.jpg,y2016_trueroyal_modl_whtbrick_studio-5_bc_c2018.jpg,,sanmar-y2016-394756288-athletic-grey-jvcagh,867d8032-4c88-4224-b970-10eb133a10ad
every_colour_has_front,ATC Flexfit,ATC110F,One Ten Snapback Cap,4,4,3,4,11,4,0,11,,atc110f_flat_front_sticker_black_042015_1.jpg,atc110f_flat_inside_black_042015.jpg,atc110f_flat_back_black_042015.jpg,atc110f_flat_front_sticker_black_042015_1.jpg,,sanmar-atc110f-1240679011-black-w4l2rk,c941aaea-a9c3-4137-a510-0e8cbcf19bdc
most_colours_have_front,ATC Flexfit,ATC110M,One Ten Mesh Back Cap,8,7,0,4,11,7,0,0,Charcoal/Wht,atc110m_form-angle_black_black_2024_cil.jpg,,atc110m_form-back-angle_black_black_2024_cil.jpg,atc110m_form-angle_black_black_2024_cil.jpg,,sanmar-atc110m-1703237812-black-black-x03r16,46189a37-b3d7-4ffe-af37-cc278e605c28
every_colour_has_front,ATC Flexfit,ATC110P,One Ten Cool &amp; Dry Mini Pique,3,3,0,3,6,3,0,0,,atc110p_form_angle_black_sticker_2020_cil.jpg,,atc110p_form_back_black_2020_cil.jpg,atc110p_form_angle_black_sticker_2020_cil.jpg,,sanmar-atc110p-795608709-black-aljtoi,ac7fb219-9bef-4106-a7b3-44f527ced933
most_colours_have_front,ATC Flexfit,ATC6006,YP 5 Panel Classic Trucker Cap,10,7,7,0,14,7,0,0,Charcoal/Bk; Charcoal/Char; Charcoal/Wht,atc6006_form-angle_black_black_2025_cil.jpg,atc6006_form-side_black_black_2025_cil.jpg,,atc6006_form-angle_black_black_2025_cil.jpg,,sanmar-atc6006-948290592-black-black-9i9cfx,c533605b-7614-493e-aa04-9351e801879b
every_colour_has_front,ATC Flexfit,ATC6089M,Premium Classic Snapback,3,3,3,1,7,3,0,0,,atc6089m_angle_black.jpg,atc6089m_form-inside_black_2026_cil.jpg,,atc6089m_front_darkheather.jpg,,sanmar-atc6089m-2016767121-black-zg40ke,800f4e65-ea10-4f6e-b61b-7191934107ae
every_colour_has_front,ATC Flexfit,ATC6245CM,LowProfile CottonTwill Dad Hat,5,5,5,4,14,5,0,0,,atc6245cm_front_black.jpg,atc6245cm_form-inside_black_2026_cil.jpg,atc6245cm_back_black.jpg,atc6245cm_form-angle_khaki_sticker_2026_cil.jpg,,sanmar-atc6245cm-924467854-black-mma8jq,1f5e5c16-d248-4e95-bf23-44ff89264bf8
most_colours_have_front,ATC Flexfit,ATC6277,Wooly Combed,11,10,9,10,29,10,0,29,Blk Multicam,atc6277_flat_front_black_042014.jpg,atc6277_flat_inside_black_052014.jpg,atc6277_flat_back_black_042014.jpg,atc6277_flat_front_black_042014.jpg,,sanmar-atc6277-280387716-black-4cxgva,06b2df24-6fa3-4dd7-b70c-11d2a985928e
partial_colour_photos,ATC Flexfit,ATC6506,YP FivePanel Retro Trucker Cap,10,6,6,0,12,6,0,0,Charcoal/Char; Charcoal/Wht; Heather/Blk; Heather/Wht,atc6506_form-angle_black_black_2025_cil.jpg,atc6506_form-side_black_black_2025_cil.jpg,,atc6506_form-angle_black_black_2025_cil.jpg,,sanmar-atc6506-1177508733-black-black-5rg8r2,15b4ff19-2484-44d1-917b-f06b3e72382d
partial_colour_photos,ATC Flexfit,ATC6606,YP Classics Retro Trucker Cap,22,13,12,0,25,13,0,0,Blk Multi/Blk; Caramel/BK; Charcoal/Bk; Charcoal/Char; Charcoal/Whit; Coyote Br/BK; Multicam/Blk; Realtree/Brwn; SteelBlue/Sil,atc6606_form-back_black_black_2024_cil.jpg,atc6606_form-inside_black_black_2026_cil.jpg,,atc6606_form-angle_coyote-brown_black_2025_cil.jpg,,sanmar-atc6606-1722732247-black-black-btmval,3eb2f448-67a4-4a99-ba6e-72269b52eaf8
every_colour_has_front,ATC Gameday,F2004,Game Day Fleece F/Z Hooded,1,1,0,1,2,1,0,0,,f2004_black_modl_studio_1_2019.jpg,,f2004_form_back_black_012016_1.jpg,f2004_black_modl_studio_1_2019.jpg,,sanmar-f2004-1585456078-black-tzaxad,23f41f84-d4a4-42f9-a2ef-85d0b5596105
no_photos,ATC Headwear,ATC1600,Earth Wash Beanie,6,0,0,0,0,0,0,0,Black; Caramel; Military; Navy; Pewter; Sand,,,,,,sanmar-atc1600-69966212-black-yj5lxc,1b440401-4be5-4614-b950-d7779ae0e134
most_colours_have_front,ATC Headwear,C100,Everyday Knit Cuff Toque,29,24,0,0,24,24,0,0,AthleticGreen; AthleticOxfrd; DarkChocolate; MilitaryGreen; Oatmeal Hthr,c100_flat-front_athletic-gold_2025_cil.jpg,,,atcf2500_military-green___c100_caramel_modl_studio-6_2024_cil.jpg,,sanmar-c100-959299000-athletic-gold-x3dw7m,433e62c1-e591-4d20-9ace-2adc64b0c639
every_colour_has_front,ATC Headwear,C105,Everyday Knit Skull Cap,3,3,0,0,3,3,0,3,,c105_flat_black.jpg,,,c105_flat_athleticgreen_092015.jpg,,sanmar-c105-1131173140-black-v6kti,d4b0c6fd-eb5c-42b5-945e-3a8d93c99d53
no_photos,ATC Headwear,C1202,Striped Cuff Pom Pom Toque,3,0,0,0,0,0,0,0,Black/Blk; BlkHth/BlkHth; Navy/Navy,,,,c1202_flat_blackblack_032017.jpg,,sanmar-c1202-1005293097-black-blk-drdalp,ec7264e7-f1c9-4945-9396-31e2edf12d7f
most_colours_have_front,ATC Headwear,C130,Everyday Cotton Twill Cap,22,19,0,15,34,19,0,30,Concrete; Dark Brown; MilitaryGreen,c130_authenticblue_flat_front_010912.jpg,,c130_authenticblue_flat_back_010912.jpg,c130_orange_modl_studio-3.jpg,,sanmar-c130-1529116677-authenticblue-uf8cm5,fb318bbd-4199-4be0-a7b7-262ed8415595
every_colour_has_front,ATC Headwear,C1302,Everyday Twill Bucket Hat,8,8,8,0,16,8,0,0,,c1302_form-angle_black_2025_cil.jpg,c1302_form-inside_black_2025_cil.jpg,,c1302_modl_true-red_studio_crop_2026_cil.jpg,,sanmar-c1302-1684704818-black-bez72s,e19f5031-7b3b-4692-b384-bc371172ed12
every_colour_has_front,ATC Headwear,C1305,Everyday Cotton Twill Dad Cap,5,5,0,0,5,5,0,0,,c1305_form-angle_black_2024_cil.jpg,,,c1305_navy_modl_crop_2024_cil.jpg,,sanmar-c1305-2123701765-black-92go4e,0a1ef509-f296-4133-a78a-0dca916979cb
partial_colour_photos,ATC Headwear,C1318,Everyday Snapback Trucker Cap,24,16,0,15,31,16,0,0,CoalGrey/Blk; CoalGrey/Wht; Dk Brown Sand; JasperBl/Crem; Maroon/Creme; Navy/Creme; Sand/DkBrown; Tropical/Crem,c1318_form_angle_blackblack_052018.jpg,,c1318_form_back_blackblack_052018.jpg,c1318_camoblack_modl_studio2019c_1_.jpg,,sanmar-c1318-628851411-black-black-eivl9l,18475c76-553f-4720-b46a-b8f886049fbd
no_photos,ATC Headwear,C1318TRI,Everyday TRI-Colour Trucker,8,0,0,0,0,0,0,0,Blu/Nav/Gry; Brow/Car/Cre; Crem/Car/Gry; Crem/For/Gry; Crem/Mar/Gry; Crem/Nav/Gry; Crem/Yel/Gry; Gre/Car/Cre,,,,c1318tri_form-angle_coal-grey_caramel_creme_2026_cil.jpg,,sanmar-c1318tri-1402960688-blu-nav-gry-gdqq6,aed8e34c-399a-4c27-908a-8fdeab665193
most_colours_have_front,ATC Headwear,C1321,Pigment Dyed Cap,9,8,1,0,9,8,0,0,MilitaryGreen,c1321_form-angle_black_2024_cil.jpg,,,c1321_form-angle_black_2024_cil.jpg,,sanmar-c1321-911023922-black-jo7zl,bda2cdb0-f892-4f3e-ac8e-f3b372d165b3
most_colours_have_front,ATC Headwear,C1322,Pigment Dyed Trucker Cap,7,6,1,0,7,6,0,0,MilitaryGreen,c1322_form-angle_black_creme_2024_cil.jpg,,,c1322_form-angle_black_creme_2024_cil.jpg,,sanmar-c1322-1805941630-black-cpvjx5,4f915053-9bfa-409c-a8c9-5a51e526977f
every_colour_has_front,ATC Headwear,C1327,5 Panel Foam Trucker Cap,6,6,6,0,12,6,0,0,,c1327_form-angle_black_black_2025_cil.jpg,c1327_form-inside_black_black_2025_cil.jpg,,c1327_modl_white_black_crop_2025_cil.jpg,,sanmar-c1327-13478782-black-black-a2wsm1,eeaf50de-17a6-49f8-97f9-ec5064019486
most_colours_have_front,ATC Headwear,C1340,Everyday 5-Panel Cotton Cap,12,10,10,0,20,10,0,0,Dark Brown; MilitaryGreen,c1340_modl_black_studio_crop_2026_cil.jpg,c1340_form-inside_black_2025_cil.jpg,,c1340_modl_black_studio_crop_2026_cil.jpg,,sanmar-c1340-1104998046-black-p9hjea,30e67084-f54c-4234-9425-c29a2555c55b
most_colours_have_front,ATC Headwear,C1342,Everyday 5-Panel Trucker Cap,9,7,7,0,14,7,0,0,CoalGrey/Coal; Concrete/Wht,c1342_form-angle_black_black_2025_cil.jpg,c1342_form-inside_black_black_2025_cil.jpg,,c1342_modl_concrete_white_studio_crop_2025_cil.jpg,,sanmar-c1342-463643232-black-black-j2qmrk,f7db66c4-2a93-452b-9cf5-7946dbf429c7
no_photos,ATC Headwear,C1343,Everyday 5-Panel Rope Trucker,10,0,0,0,0,0,0,0,BLK/BLK/BLACK; BLK/WHITE/WH; CARA/BLK/BLK; COALG/BLK/BLK; CONCRET/WH/WH; NAVY/NAVY/NVY; NAVY/WHITE/WH; RED/WHITE/WH; ROYAL/WH/WH; WHITE/BLK/BLK,,,,c1343_modl_royal_white_studio_2025_cil.jpg,,sanmar-c1343-2037830631-blk-blk-black-bf50l0,b5f62a4c-6a3e-4541-b7c2-11a6d023969b
most_colours_have_front,ATC Headwear,Y100,Everyday Youth Cuffed Toque,6,5,0,0,5,5,0,0,AthleticOxfrd,ch7690y_black___y100_charcoal-heather_modl_studio-3_2025_cil_1.jpg,,,ch7690y_black___y100_charcoal-heather_modl_studio-3_2025_cil_1.jpg,,sanmar-y100-1955477832-black-hpqqsy,d5b1c5cd-90d5-4810-a47c-a67437e70322
most_colours_have_front,ATC Headwear,Y130,Everyday CottonTwill Youth Cap,12,11,0,10,21,11,0,20,Royal Blue,c130_black_flat_front_010912.jpg,,c130_black_flat_back_010912.jpg,y3526_whitelimeshock_y130_limeshock_modl_studio-2.jpg,,sanmar-y130-974729431-black-779zir,c61c09a7-5651-43df-8be4-6fe8d89ce492
no_photos,ATC PPE,EMPGLOVES,Employee Disposable Glove (Box,2,0,0,0,0,0,0,0,Black; Blue,,,,,,sanmar-empgloves-1121936618-black-fok5t0,1b9bba06-7358-4dfa-9ed4-0e242256464b
no_photos,ATC PPE,EMPMASK,Employee Disposable Mask,1,0,0,0,0,0,0,0,Viva Blue,,,,,,sanmar-empmask-77063858-viva-blue-bra174,f9470a36-9d11-494a-a03d-c853f06dcc0e
every_colour_has_front,ATC PTech,F220,PTech Fleece Hooded Sweatshirt,1,1,0,1,2,1,0,0,,f220_f223_truenavy_modl_studio-1-2019.jpg,,f220_form_back_truenavy_2011.jpg,f220_f223_truenavy_modl_studio-1-2019.jpg,,sanmar-f220-48316731-true-navy-e6idig,b37761ad-72b4-4e85-b46b-7c6d596dd649
every_colour_has_front,ATC Pro Team,L350,ProTeam S/S Lds' Tee,13,13,0,13,26,13,0,13,,l350_form_angle_black.jpg,,l350_flat_back_black_2013.jpg,l350_carolinablue_modl_studio-3_bc_c2018.jpg,,sanmar-l350-1260366267-black-su9mgt,3a0c029a-08f6-43f8-94ad-b0ae37094bdf
no_photos,ATC Pro Team,L3517,ProTeam ProFormance Lds' Tee,4,0,0,0,0,0,0,0,Blue Wake; Cardinal; Charcoal; Graphite Hth,,,,l3517_bluewakeheather_modl_studio-2-2019.jpg,,sanmar-l3517-352140258-blue-wake-3iy5r7,031966a2-8dc4-4341-902e-6e3f59a3b536
every_colour_has_front,ATC Pro Team,L3520LS,ProTeam L/S V-Neck Lds' Tee,7,7,0,7,14,7,0,0,,l3520ls_form_angle_black_032014.jpg,,l3520ls_form_back_black_032014.jpg,l3520ls_trueroyal_modl_studio_bc_c2018.jpg,,sanmar-l3520ls-2078423182-black-a5td5e,92a980af-79e9-43e3-b89f-4333a7768883
every_colour_has_front,ATC Pro Team,L3527,ProTeam Sleeveless V-Neck Lds',10,10,0,8,18,10,0,0,,l3527_form_angle_black_102015.jpg,,l3527_form_back_black_092014.jpg,l3527_carolinablue_modl_studio-2-2019.jpg,,sanmar-l3527-2132431968-black-eruhox,08f12cc0-ceea-42af-8e4a-064e12d67ff1
no_photos,ATC Pro Team,PROCLUBKIT,Pro Club Team Kit,1,0,0,0,0,0,0,0,Sample,,,,proclubkit_form-mockup_royal_2025_cil.jpg,,sanmar-proclubkit-1003764923-sample-wgrhie,b42d9712-0d05-4215-b5e4-34858a989b42
no_photos,ATC Pro Team,PROMESHKIT,Pro Club Reversible Mesh Kit,1,0,0,0,0,0,0,0,Sample,,,,promeshkit_form-mockup_black_2025_cil.jpg,,sanmar-promeshkit-1568237226-sample-zdd5ap,23aa0224-4582-4355-a748-f6383240c1c9
most_colours_have_front,ATC Pro Team,S350,ProTeam S/S Tee,17,15,0,12,27,15,0,0,Extreme Orang; Extreme Yello,s350_modl_atomic-blue_studio-3_2021_cil.jpg,,,s350_modl_atomic-blue_studio-3_2021_cil.jpg,,sanmar-s350-1805074656-atomic-blue-rtgj7j,2123724c-1b21-4cc9-93ee-c2b525b7a794
no_photos,ATC Pro Team,S3517,ProTeam ProFormance Tee,1,0,0,0,0,0,0,0,Cardinal,,,,s3517_cardinalheather_modl_studio-3-2019.jpg,,sanmar-s3517-2012505627-cardinal-bgvjyy,eceba428-306f-45d0-ab18-78a494874405
partial_colour_photos,ATC Pro Team,S3519,ProTeam Home &amp; Away Jersey,8,3,0,3,6,3,0,0,Black/Red; Coal Grey/Bk; Lime/TrueNavy; Navy/Gold; Royal/White,s3519_form_angle_blackgold_2013.jpg,,s3519_form_back_blackgold.jpg,s3519_goldblack_modl_studio-3-2019.jpg,,sanmar-s3519-1260910130-black-gold-lda7vx,e622facd-8745-48a6-8bf7-5a12a2ce8965
every_colour_has_front,ATC Pro Team,S3525,Pro Mesh Short,2,2,0,2,4,2,0,2,,s3524_trueredwhite_s3525_black_modl_studio-3.jpg,,s3525_flat_back_black_092014.jpg,s3524_trueredwhite_s3525_black_modl_studio-3.jpg,,sanmar-s3525-79978142-black-ifcu72,1590c669-1a6e-44c6-bf3a-53b38301de60
partial_colour_photos,ATC Pro Team,S3526,ProTeam Baseball Jersey,10,3,0,3,6,3,0,0,Char/Black; Char/Navy; Char/Red; Char/Royal; White/DpOrang; White/TrueNav; White/TrueRoy,s3526_form_angle_whiteblack_102014.jpg,,s3526_form_back_whiteblack_102014.jpg,s3526_whitemaroon_modl_studio-2.jpg,,sanmar-s3526-1109365358-white-black-qtnkk,d3016c40-17ff-475c-b5f1-8f11daf117c1
every_colour_has_front,ATC Pro Team,S3527,Pro Team Sleeveless Tee,9,9,0,8,17,9,0,0,,s3527_form_angle_black_102015.jpg,,s3527_form_back_black_102014.jpg,s3527_carolinablue_modl_studio2_web.jpg,,sanmar-s3527-1307161694-black-2ui0zt,3be69e31-1dd1-4373-b661-cef5fb6f3252
every_colour_has_front,ATC Pro Team,S3536,"Pro Club 7"" Mesh Shorts",3,3,3,3,9,3,0,3,,s3536_form-angle_black_2025_cil.jpg,s3536_form-side_black_2025_cil.jpg,s3536_flat_black_back_2025_cil.jpg,s3536_form-angle_black_2025_cil.jpg,,sanmar-s3536-1360742674-black-98uhgp,947db616-711e-4c4d-ba04-3b0dfba0913e
most_colours_have_front,ATC Pro Team,S355,ProTeam Shorts,7,5,1,5,11,5,0,0,Charcoal Hth; Graphite Hth,s355_from_angle_black.jpg,,s355_form_back_black.jpg,s350ls_s355_truenavy_modl_studio-1-2019.jpg,,sanmar-s355-24025841-black-n73n7w,d929ebc5-17e4-4828-acb3-614a65268b48
every_colour_has_front,ATC Pro Team,S3550LS,Pro Club Long Sleeve Tee,5,5,5,0,10,5,0,0,,s3550ls_form-angle_black_white_2025_cil.jpg,s3550ls_form-side_black_white_2025_cil.jpg,,s3550ls_true-royal_modl_crop_2025_cil.jpg,,sanmar-s3550ls-688002601-black-7622dk,2cac3cab-24d5-4547-b040-9cf605b0101c
every_colour_has_front,ATC Pro Team,S3560,Pro Club Polo,5,5,5,0,10,5,0,0,,s3560_black_white___s357p_black_modl_crop-1_2025.jpg,s3560_form-side_black_white_2025_cil.jpg,,s3560_black_white___s357p_black_modl_crop-1_2025.jpg,,sanmar-s3560-416306996-black-lvlmof,54000922-3684-4ff2-bea2-b198c93def5e
every_colour_has_front,ATC Pro Team,S357P,"Pro Team 7"" Short with Pockets",5,5,5,0,10,5,0,0,,s357p_black_modl_crop_2025_cil.jpg,s357p_form-side_black_2025_cil.jpg,,s357p_black_modl_crop_2025_cil.jpg,,sanmar-s357p-1645595586-black-bf81jl,b4dfedde-b2b4-4642-9f73-e572826443a0
most_colours_have_front,ATC Pro Team,Y350,ProTeam S/S Yth Tee,18,16,0,16,32,16,0,15,Extreme Orang; Extreme Yello,y350_form_angle_atomicblue_122019.jpg,,y350_form_back_atomicblue_032020.jpg,y350_form_angle_atomicblue_122019.jpg,,sanmar-y350-1486394223-atomic-blue-gvhohk,74af9b3e-eeff-4a2d-afcf-5c5568e7a20a
one_colour_photographed,ATC Pro Team,Y3519,ProTeam Home &amp; Away Yth Jersey,7,1,0,1,2,1,0,0,Black/Red; Carolina/Coal; Navy/Gold; Navy/White; Red/White; Royal/White,y3519_form_angle_blackwhite_2013_1.jpg,,y3519_form_back_blackwhite_2013.jpg,y355_trueroyal_y3519_trueroyalwhite_modl_studio-1.jpg,,sanmar-y3519-664837115-black-white-an4wqv,42a96e58-354f-4a2d-90fe-fc6ffcfc046d
no_photos,ATC Pro Team,Y3524,Pro Mesh Reversible Yth Tank,1,0,0,0,0,0,0,0,TrueRoy/White,,,,y3524_y3525_truenavy_modl_studio-2-2019_2.jpg,,sanmar-y3524-1827634575-trueroy-white-6kaef6,630e76cf-a719-4fc0-a3a5-b14489fd66c1
every_colour_has_front,ATC Pro Team,Y3525,Pro Mesh Yth Shorts,2,2,0,2,4,2,0,2,,y3525_form_angle_black_2014.jpg,,y3525_flat_back_black_092014.jpg,y3524_y3525_truenavy_modl_studio-3-2019.jpg,,sanmar-y3525-1372641506-black-vqs6bu,8b9ed987-d06c-44af-a35f-676f9e347740
partial_colour_photos,ATC Pro Team,Y3526,ProTeam Baseball Yth Jersey,8,2,0,2,4,2,0,0,Char/Black; Char/Navy; Char/Red; Char/Royal; White/TrueNav; White/TrueRoy,y3526_form_angle_whiteblack_2014_1.jpg,,y3526_form_back_whiteblack_2014.jpg,y3526_charcoalheathernavy_modl_crop-2_bc_c2018.jpg,,sanmar-y3526-1267452673-white-black-8dp613,bf657c76-24be-4e7b-8f92-bf8a7b7493dc
every_colour_has_front,ATC Pro Team,Y3535,Pro Club Reversible Youth Tank,7,7,0,7,14,7,0,0,,y3535_form-angle_black_white_2025_cil.jpg,,y3535_form-back-reverse_black_white_2025_cil.jpg,y3535_true-navy_white_modl_crop_2025_cil.jpg,,sanmar-y3535-1180829331-black-6ckuhf,a81ee2ba-422e-450f-9907-d4bd990396c1
every_colour_has_front,ATC Pro Team,Y3536,"Pro Club 5"" Mesh Youth Short",3,3,3,3,9,3,0,3,,y3535_true-royal___y3536_black_modl_crop-basketball_2025.jpg,y3536_form-side_black_2025_cil.jpg,y3536_flat_black_back_2025_cil.jpg,y3535_true-royal___y3536_black_modl_crop-basketball_2025.jpg,,sanmar-y3536-1100942654-black-m0igey,1abc02b8-ed07-4dac-8a43-36fbe4a6480c
partial_colour_photos,ATC Pro Team,Y355,ProTeam Yth Shorts,6,4,0,4,8,4,0,0,Charcoal Hth; Graphite Hth,y355_form_angle_black_082015.jpg,,y355_form_back_black.jpg,y350ls_truered_y355_black_modl_studio-1-2019.jpg,,sanmar-y355-1501063747-black-mk2ytd,f7a19584-7b7a-4828-9b1f-b08ef5fa8cd9
every_colour_has_front,ATC Pro Team,Y3550,Pro Club Youth Tee,10,10,10,0,20,10,0,0,,y3550_form-angle_black_white_2025_cil.jpg,y3550_form-side_black_white_2025_cil.jpg,,y3550_true-navy_white_true-red_white_modl_crop_2025_cil.jpg,,sanmar-y3550-949550440-black-2m0go1,e5499088-59c8-4ab9-a055-d0b03e963e60
every_colour_has_front,ATC Pro Team,Y357P,"Pro Team 5"" Yth Short w/Pocket",5,5,5,0,10,5,0,0,,y357p_form-angle_black_2025_cil.jpg,y357p_form-side_black_2025_cil.jpg,,y357p_true-red_modl_studio_crop_2025_cil.jpg,,sanmar-y357p-870110255-black-oa7cyo,a8796fb2-d3f5-4f66-a44e-1813d46baffe
every_colour_has_front,ATC ProSpun,ATC3600,Pro Spun Tee,6,6,0,6,12,6,0,0,,atc3600_form_angle_black_022020.jpg,,atc3600_form_back_black_022020.jpg,atc3600_sapphire_modl_studio_1_2021.jpg,,sanmar-atc3600-1249854409-black-1edx5z,6520553c-41a9-4d7f-a608-863f8d8b00ce
every_colour_has_front,ATC ProSpun,ATC3600L,Pro Spun Lds' Tee,9,9,0,9,18,9,0,0,,atc3600l_form_angle_black_032020.jpg,,atc3600l_form_back_black_032020.jpg,atc3600l_forest-green_modl_studio_2_2021.jpg,,sanmar-atc3600l-1013995063-black-2uec5b,9ffe84c4-112a-44ab-b89b-963ad67ed81d
every_colour_has_front,ATC ProSpun,ATC3600Y,Pro Spun Yth Tee,5,5,0,5,10,5,0,0,,atc3600y_form_angle_black_032020.jpg,,atc3600y_form_back_black_032020.jpg,atc3600y_orange_modl_studio_1_2021.jpg,,sanmar-atc3600y-215612019-black-vzdn4u,219bd9a0-9196-42ec-9417-4a79f1131096
every_colour_has_front,ATC ProSpun,ATC3615,Pro Spun L/S Tee,4,4,0,4,8,4,0,0,,atc3615_form_angle_black_032020.jpg,,atc3615_form_back_black_032020.jpg,atc3615_true-red_modl_studio_2_2021.jpg,,sanmar-atc3615-1446567989-black-g2lcmu,16fb7e9a-440e-48fe-9ee6-7729f7fa1d6e
every_colour_has_front,ATC ProSpun,ATC3615L,ProSpun Ladies Long Sleeve Tee,2,2,0,0,2,2,1,0,,atc3615l_form-angle_black_2022_cil.jpg,,,atc3615l_modl_true-navy_studio-front_2022-crop_cil.jpg,,sanmar-atc3615l-1034030040-black-ey0sb5,a06d0a20-0445-427f-b50a-37624a33e04e
partial_colour_photos,ATC Ringspun,24EVER,24EVER Ringspun Cotton Tee,38,23,23,0,46,23,0,0,Dark Chocolat; Graphite Hthr; Hthr DarkGrey; Hthr Indigo; Hthr IrishGrn; Hthr Maroon; Hthr Mili Grn; Hthr Navy; Hthr Orange; Hthr Purple; Hthr Red; Hthr Royal; MilitaryGreen; Oatmeal Hthr; `White,24ever_form-angle_antique-white_2026_cil.jpg,24ever_form-side_antique-white_2026_cil.jpg,,24ever_maroon_modl_crop_2026_cil.jpg,,sanmar-24ever-1046767926-antique-white-gv3nk7,d618f6c6-b161-40b9-b506-40b02652ad40
most_colours_have_front,ATC Ringspun,24EVERL,24EVER Ringspun Cotton Lds Tee,24,19,19,0,38,19,0,0,Drk Chocolate; Drk Heather; MilitaryGreen; Oatmeal Hthr; `White,24everl_form-angle_antique-white_2026_cil.jpg,24everl_form-side_antique-white_2026_cil.jpg,,24everl_modl_dark-heather_studio_crop_2026_cil.jpg,,sanmar-24everl-1142448918-antique-white-y1olzh,e06c3340-9ad0-4e4a-813f-2947e58cf8c6
most_colours_have_front,ATC Ringspun,24EVERLS,24EVER Ringspun Cotton LS Tee,11,8,8,0,16,8,0,0,Drk Heather; Oatmeal Hthr; `White,24everls_modl_antique-white_studio_crop_2026_cil.jpg,24everls_form-side_antique-white_2026_cil.jpg,,24everls_modl_antique-white_studio_crop_2026_cil.jpg,,sanmar-24everls-1576902306-antique-white-stdg89,d60e156e-511a-4f49-b91f-eb07cda14873
most_colours_have_front,ATC Ringspun,24EVERY,24EVER Ringspun Cotton Yth Tee,25,20,20,0,40,20,0,0,Drk Chocolate; Drk Heather; MilitaryGreen; Oatmeal Hthr; `White,24every_form-angle_antique-white_2026_cil.jpg,24every_form-side_antique-white_2026_cil.jpg,,24every_modl_daisy_studio_crop_2026_cil.jpg,,sanmar-24every-30944109-antique-white-jc4ssc,a2370b21-9349-442a-8624-5ec824c4a2df
most_colours_have_front,ATC Ringspun,ATC2000L,Everyday Ctn Ringspun Lds Tee,8,6,6,0,12,6,0,0,Athletic Hthr; Dark HthrGrey,atc2000l_modl_black_studio-1crop_2022_cil.jpg,atc2000l_form-side_black_2022_cil.jpg,,atc2000l_modl_black_studio-1crop_2022_cil.jpg,,sanmar-atc2000l-440230097-black-x525xe,e838e177-2e8e-4019-8e50-b23f031d2cce
most_colours_have_front,ATC Ringspun,ATC2000Y,Everyday Ctn Ringspun Yth Tee,8,6,6,0,12,6,0,0,Athletic Hthr; Dark HthrGrey,atc2000y_form-angle_black_2022_cil.jpg,atc2000y_form-side_black_2022_cil.jpg,,atc2000y_modl_orange_crop-2_2025.jpg,,sanmar-atc2000y-1508752837-black-8qkixg,2cedd6b3-3786-4fae-b709-67518b9e218e
one_colour_photographed,ATC Vintage,F2042,Vintage 1/4 Zip Sweatshirt,4,1,0,1,2,1,0,0,Black; Charcoal; Navy,f2042_form_angle_athletic-grey_112019.jpg,,f2042_form_back_athletic-grey_032019.jpg,f2042_navyheather_modl_studio4_2019.jpg,,sanmar-f2042-398929784-athletic-grey-wn4sdy,a1e6db99-0492-49ad-863c-cf71ad7a7ac0
no_photos,ATC Vintage,F2044,Vintage TwoTone Hooded Sweat,3,0,0,0,0,0,0,0,Char/Black; Char/Forest; Char/Navy,,,,f2044_cardinalheathercharcoalheather_modl_studio_2019.jpg,,sanmar-f2044-1155822654-char-black-nq7jff,3a1a654f-b9e5-4e2a-8277-018ffdd13bc8
no_photos,ATC Vintage,F2045,Vintage Hooded Sweatshirt,3,0,0,0,0,0,0,0,Black; Charcoal; Navy,,,,f2045_blackheather_modl_studio1_2019.jpg,,sanmar-f2045-1708805119-black-cfj3eh,ff1597a8-98a4-4155-8b89-b7aaea04af25
partial_colour_photos,ATC Vintage,F2046,Vintage Crewneck Sweatshirt,4,2,0,2,4,2,0,0,Charcoal; Navy,f2046_athleticgrey_modl_studio4_2019.jpg,,f2046_form_back_athleticgrey_042018.jpg,f2046_athleticgrey_modl_studio4_2019.jpg,,sanmar-f2046-1571726196-athletic-grey-7xg62e,b6f84a43-390d-4029-809f-1fe230182fbd
every_colour_has_front,ATC WeRK,WERK250,Heavyweight Ring Spun Cotton T,8,8,8,0,16,8,0,0,,werk250_form-angle_athletic-grey_2025_cil.jpg,werk250_form-side_athletic-grey_2025_cil.jpg,,werk250_modl_dark-bg_web.jpg,,sanmar-werk250-1117677493-athletic-grey-vd5ob7,4e0376a3-1fb1-4010-8858-718799882707
no_photos,ATC WeRK,WERK250L,Heavyweight RS Ctn Womens Tee,5,0,0,0,0,0,0,0,Athletic Grey; Black; Caramel; Dark Navy; White,,,,,,sanmar-werk250l-1528363845-athletic-grey-ff6482,c1185b0d-12b1-4ce1-844b-77f0a115f4f1
every_colour_has_front,ATC WeRK,WERK250T,Heavyweight Ring Spun Tall Tee,8,8,8,0,16,8,0,0,,werk250t_form-angle_athletic-grey_2025_cil.jpg,werk250t_form-side_athletic-grey_2025_cil.jpg,,werk250t_modl_caramel_studio-dark-bg-1_2025_cil.jpg,,sanmar-werk250t-1114447694-athletic-grey-4xrtqo,92712920-c5bf-433f-91c8-b43d0a4cdfe1
every_colour_has_front,ATC WeRK,WERK7611,Freezer Jacket,2,2,2,0,4,2,0,0,,werk7611_modl_black_studio-dark-bg-1_2025_cil.jpg,werk7611_form-side_black_2025_cil.jpg,,werk7611_modl_black_studio-dark-bg-1_2025_cil.jpg,,sanmar-werk7611-106181098-black-zekq07,0ef65006-8e70-4892-a53f-e1edb8633723
every_colour_has_front,ATC WeRK,WERK7611H,Hooded Freezer Jacket,1,1,1,0,2,1,0,0,,werk7611h_modl_black_studio-dark-bg-1_2025_cil.jpg,werk7611h_form-side_black_2025_cil.jpg,,werk7611h_modl_black_studio-dark-bg-1_2025_cil.jpg,,sanmar-werk7611h-408488687-black-3kga5f,f8f43dec-81ab-470c-923d-e8c2bc3fea9e
every_colour_has_front,ATC WeRK,WERK7611L,Womens Quilted Freezer Jacket,1,1,1,0,2,1,0,0,,werk7611l_black___werk1333_grey_black_modl_studio-dark-bg-1_2025_cil.jpg,werk7611l_form-side_black_2025_cil.jpg,,werk7611l_black___werk1333_grey_black_modl_studio-dark-bg-1_2025_cil.jpg,,sanmar-werk7611l-781743242-black-fzg6xe,7826acde-98ff-40f1-832f-736b9f0c48de
every_colour_has_front,ATC WeRK,WERK7645,Yukon Hooded Bomber Jacket,3,3,3,0,6,3,0,0,,werk7645_form-angle_black_2025_cil.jpg,werk7645_form-side_black_2025_cil.jpg,,werk7645_modl_caramel_studio-dark-bg-1_2025_cil.jpg,,sanmar-werk7645-1972934495-black-dlqpmc,217d1a00-601e-47c4-a246-89a196dfc9cc
every_colour_has_front,ATC WeRK,WeRK250LS,Heavyweight Ring Spun LS Tee,8,8,8,0,16,8,0,0,,werk250ls_form-angle_athletic-grey_2025_cil.jpg,werk250ls_form-side_athletic-grey_2025_cil.jpg,,werk250ls_modl_caramel_studio-dark-bg-1_2025_cil.jpg,,sanmar-werk250ls-2049274248-athletic-grey-9wnpab,c84d325d-8870-4499-a2c0-b0b313c0e2ed
every_colour_has_front,ATC WeRK,WeRK250P,Heavyweight Ring Spun Pocket T,8,8,8,0,16,8,0,0,,werk250p_form-angle_athletic-grey_2025_cil.jpg,werk250p_form-side_athletic-grey_2025_cil.jpg,,werk250p_modl_safety-yellow_studio-dark-bg-1_2025_cil.jpg,,sanmar-werk250p-1797931911-athletic-grey-2dt6vb,03a0bd62-f4b5-42b8-97cc-fd7b8baa6200
every_colour_has_front,ATC WeRK,WeRK420,Heavyweight Fleece Hood,7,7,7,0,14,7,0,0,,werk420_form-angle_athletic-grey_2025_cil.jpg,werk420_form-side_athletic-grey_2025_cil.jpg,,werk420_modl_dark-bg_web.jpg,,sanmar-werk420-686588150-athletic-grey-zh2mbh,cd8e3d6b-b4c7-4fdc-939c-7229ab4c3aad
every_colour_has_front,ATC WeRK,WeRK421,Heavyweight Fleece Crewneck,7,7,7,0,14,7,0,0,,werk421_form-angle_athletic-grey_2025_cil.jpg,werk421_form-side_athletic-grey_2025_cil.jpg,,werk421_modl_dark-bg_web.jpg,,sanmar-werk421-1718935022-athletic-grey-rxbdh1,2c8e0445-480f-47f2-8e7c-b6c16640ff03
every_colour_has_front,ATC WeRK,WeRK422,Heavyweight Fleece FZ Hood,7,7,7,0,14,7,0,0,,werk422_form-angle_athletic-grey_2025_cil.jpg,werk422_form-side_athletic-grey_2025_cil.jpg,,werk422_modl_dark-bg_web.jpg,,sanmar-werk422-1685217647-athletic-grey-l7jj0v,4efe08b3-9cae-4960-9c6f-bc32154e2374
partial_colour_photos,ATC WeRK Accsry,WERK1207,Fleece Lined Knit Cuff Beanie,13,9,0,0,9,9,0,0,Black.Hthr; Granite Hthr; Military Grn; Oatmeal Hthr,werk1207_form-front_black_2025_cil.jpg,,,werk1207_modl_sand_studio-dark-bg-1_2025_cil.jpg,,sanmar-werk1207-1989947986-black-aaoixq,e106356e-cab2-4de0-a9c1-59350fa8cc75
every_colour_has_front,ATC WeRK Accsry,WERK1331,Canvas Snapback Cap,3,3,3,0,6,3,0,0,,werk1331_modl_black_studio-dark-bg-1_2025.jpg,werk1331_form-inside_black_2025_cil.jpg,,werk1331_modl_black_studio-dark-bg-1_2025.jpg,,sanmar-werk1331-1445813976-black-h22ayb,bdf887ea-2418-4bd0-8ad7-f69c42519248
partial_colour_photos,ATC WeRK Accsry,WERK1333,Canvas Snapback Trucker Cap,3,2,2,0,4,2,0,0,Grey,werk1333_modl_grey_black_studio-brand-bckgrnd_2025.jpg,werk1333_form-inside_black_black_2025_cil.jpg,,werk1333_modl_grey_black_studio-brand-bckgrnd_2025.jpg,,sanmar-werk1333-980417224-black-ecxolr,90e6cc7d-080b-4043-afcf-7b3cb8fd7289
most_colours_have_front,Allmade,AL2004CA,Unisex Tri-Blend Tee,10,7,0,7,14,7,1,13,DeepSeaGreen; NightSkyNavy; OliveYouGreen,al2004ca_flat_aluminum-grey_front_2025_cil.jpg,,al2004ca_flat_aluminum-grey_back_2025_cil.jpg,al2004ca_modl_huckleberry_studio-front_crop_2025_cil.jpg,,sanmar-al2004ca-1359144562-aluminum-grey-bxzwt6,c8448ae1-c62a-46de-8b32-e507c798448a
most_colours_have_front,Allmade,AL2015CA,Womens TriBlend Scoop Neck Tee,10,7,0,7,14,7,1,13,DeepSeaGreen; NightSkyNavy; OliveYouGreen,al2015ca_flat_aluminum-grey_front_2025_cil.jpg,,al2015ca_flat_aluminum-grey_back_2025_cil.jpg,al2015ca_modl_azure-blue_studio-front_crop_2025_cil.jpg,,sanmar-al2015ca-622069485-aluminum-grey-mnkuyn,f956fd34-30ac-40ac-bdb7-f905be2a2b03
most_colours_have_front,Allmade,AL207CA,Youth Tri-Blend Tee,10,7,0,7,14,7,0,14,DeepSeaGreen; NightSkyNavy; OliveYouGreen,al207ca_flat_aluminum-grey_front_2025_cil.jpg,,al207ca_flat_aluminum-grey_back_2025_cil.jpg,al207ca_modl_deep-sea-green_studio-front-alt_crop_2025_cil.jpg,,sanmar-al207ca-520721709-aluminum-grey-skwoh7,9309701c-65fc-4e09-bed7-74453839ad85
most_colours_have_front,Allmade,AL2100CA,Unisex Organic Cotton Tee,10,8,0,8,16,8,1,15,NightSkyNavy; RevolutionRed,al2100ca_flat_arctic-blue_front_2025_cil.jpg,,al2100ca_flat_arctic-blue_back_2025_cil.jpg,al2100ca_modl_deep-black_studio-front_crop_2025_cil.jpg,,sanmar-al2100ca-1873429659-arctic-blue-xmqv78,01de1691-d913-4a1e-825d-f33471a0a0f6
most_colours_have_front,Allmade,AL2108CA,Women Organic Cotton Scoop Tee,10,8,0,8,16,8,0,16,NightSkyNavy; RevolutionRed,al2108ca_flat_arctic-blue_front_2025_cil.jpg,,al2108ca_flat_arctic-blue_back_2025_cil.jpg,al2108ca_modl_revolution-red_studio-front_crop_2025_cil.jpg,,sanmar-al2108ca-402568295-arctic-blue-5pin0k,f8fdef55-4a1f-42f0-b273-12d77c4f79eb
most_colours_have_front,Allmade,AL210CA,Youth Organic Cotton Tee,10,8,0,8,16,8,1,15,NightSkyNavy; RevolutionRed,al210ca_flat_arctic-blue_front_2025_cil.jpg,,al210ca_flat_arctic-blue_back_2025_cil.jpg,al210ca_modl_canyon-drift_studio-front_crop_2025_cil.jpg,,sanmar-al210ca-630250341-arctic-blue-yzk2e,66d0542a-43a1-4994-83ff-2d88ecb47b20
most_colours_have_front,Allmade,AL6004CA,Unisex Tri-Blend Long Sleeve T,7,5,0,5,10,5,0,10,NightSkyNavy; OliveYouGreen,al6004ca_flat_azure-blue_front_2025_cil.jpg,,al6004ca_flat_azure-blue_back_2025_cil.jpg,al6004ca_modl_olive-you-green_studio-front_crop_2025_cil.jpg,,sanmar-al6004ca-180194369-azure-blue-9gor8r,2f818b39-3163-4ae9-9d18-f0bc7f09293e
every_colour_has_front,AuthenticColour,ATC1700,Authentic Colours HVYWGHT TEE,20,20,20,0,40,20,0,0,,atc1700_form-angle_bay_2026_cil.jpg,atc1700_form-side_bay_2026_cil.jpg,,atc1700_modl_yam_crop_2026_cil.jpg,,sanmar-atc1700-989982750-bay-ro3bkl,62ad0213-706c-456c-884a-4164ac976291
every_colour_has_front,AuthenticColour,ATC1700L,Authentic Colours hvwt wms tee,10,10,10,0,20,10,0,0,,atc1700l_form-angle_berry_2026_cil.jpg,atc1700l_form-side_berry_2026_cil.jpg,,atc1700l_modl_orchid_studio_pdp_2026_cil.jpg,,sanmar-atc1700l-113146283-berry-pkh4vp,0495d652-d549-4dca-b082-af9a8cd3f411
every_colour_has_front,AuthenticColour,ATC1700Y,Authentic Colours YTH HVYW TEE,10,10,10,0,20,10,0,0,,atc1700y_form-angle_berry_2026_cil.jpg,atc1700y_form-side_berry_2026_cil.jpg,,atc1700y_modl_blossom_crop_2026_cil.jpg,,sanmar-atc1700y-1976978423-berry-roki96,07c97fab-03f3-495b-b6f3-756f8e1a7856
every_colour_has_front,AuthenticColour,ATC1715,Authentic Colours L/S HVYW TEE,10,10,10,0,20,10,0,0,,atc1715_form-angle_berry_2026_cil.jpg,atc1715_form-side_berry_2026_cil.jpg,,atc1715_modl_mustard_crop_2026_cil.jpg,,sanmar-atc1715-861015047-berry-e7s14i,1a865f56-0f63-4ab7-9b90-d3a3738053fc
no_photos,AuthenticColour,ATC1766,Authentic Colours LTWGHT Crew,15,0,0,0,0,0,0,0,Ant. Chambray; Berry; Black; Blossom; Blue Jean; Butter; Graphite; Ivory; Light Green; Moss; Orchid; Pepper; Sandstone; True Navy; White,,,,,,sanmar-atc1766-453721744-ant-chambray-h3y24v,f93cde57-3fe6-4cd6-b747-f2f4ead0d872
no_photos,AuthenticColour,ATC1766L,Authentic Colours LTWT WMS CRW,15,0,0,0,0,0,0,0,Ant. Chambray; Berry; Black; Blossom; Blue Jean; Butter; Graphite; Ivory; Light Green; Moss; Orchid; Pepper; Sandstone; True Navy; White,,,,,,sanmar-atc1766l-674455762-ant-chambray-ik442n,1b3ba265-32b1-47dc-9b43-567321ea4325
no_photos,AuthenticColour,ATC1767,Authentic Colours LGTWT Hoodie,15,0,0,0,0,0,0,0,Ant. Chambray; Berry; Black; Blossom; Blue Jean; Butter; Graphite; Ivory; Light Green; Moss; Orchid; Pepper; Sandstone; True Navy; White,,,,,,sanmar-atc1767-1217685352-ant-chambray-uhnzvs,4e169b3a-d59f-4b6f-9f6e-be784adb2a91
no_photos,AuthenticColour,ATC1768,Authentic Colours LTWT 1/4 Zip,10,0,0,0,0,0,0,0,Berry; Black; Blue Jean; Ivory; Moss; Orchid; Pepper; Sandstone; True Navy; White,,,,,,sanmar-atc1768-1328384471-berry-8vwuxb,f806d861-abee-4b5f-8653-ba9586c4156b
no_photos,Bella,3000,BASEBALLE LONGSLEEVE,1,0,0,0,0,0,0,0,Tan/Army,,,,,,sanmar-3000-256008964-tan-army-x1id2d,b47e654e-6e1c-479c-8075-6508333f5a27
no_photos,CH Accessories,CHBC1105,"Boardroom 16"" Laptop Sleeve",1,0,0,0,0,0,0,0,Black,,,,,,sanmar-chbc1105-1402906616-black-2rzczu,af0b731b-fd52-463c-b6d2-bfb5a7b848ee
no_photos,CH Accessories,CHBC1106,Boardroom Insulated Lunch Bag,4,0,0,0,0,0,0,0,Black; Iron Grey; Midnight Navy; Olive Green,,,,,,sanmar-chbc1106-649954503-black-f6re9e,ec3d4722-54d9-4b36-a753-f803510e7b99
no_photos,CH Accessories,CHBC1107,Boardroom Split Toiletry Bag,1,0,0,0,0,0,0,0,Black,,,,,,sanmar-chbc1107-1620881505-black-5ptqmd,f55e665f-2a61-4931-bb48-d2fd9aa18402
no_photos,CH Accessories,CHBC1108,Boardroom Garment Bag,1,0,0,0,0,0,0,0,Black,,,,,,sanmar-chbc1108-931807183-black-kecwvp,e4633e5a-2743-48bc-b6a9-36b2da9b94d3
no_photos,CH Accessories,CHBC1109,Boardroom 3-pc Packing CubeSet,1,0,0,0,0,0,0,0,Black,,,,,,sanmar-chbc1109-1942528352-black-u16ztt,7199698d-ce86-4f7c-bd67-71e94c1b3fb0
no_photos,CH Accessories,CHBC1110,Boardroom Tech Organizer Bag,1,0,0,0,0,0,0,0,Black,,,,,,sanmar-chbc1110-410181102-black-am844t,b5d0c64f-f25f-4efd-b1d1-a351e5c58198
every_colour_has_front,CH Everyday,L365,Everyday Snag Resist Lds Polo,16,16,16,0,32,16,0,0,,l365_form-angle_black_2025_cil.jpg,l365_form-side_black_2025_cil.jpg,,l365_modl_duck-brown_crop_2025_cil.jpg,,sanmar-l365-2118060286-black-mcinfl,9e2d25ba-c295-47b4-bc11-6798eb82fc3a
most_colours_have_front,CH Everyday,L4007,Everyday Lds' Polo,9,7,0,7,14,7,0,0,Pink Raspberr; Steel Grey,l4007_form_angle_black_032014.jpg,,l4007_form_back_black_032014.jpg,l4007_lime_modl_pestcontrol_studio_2-2019.jpg,,sanmar-l4007-1273902244-black-6zxra5,9d8e9d9f-0fe0-44c6-9a29-8a9a50e35d6d
no_photos,CH Everyday,L4045,Essential Snag Resist Lds Polo,6,0,0,0,0,0,0,0,Black; Iron Grey; True Navy; True Red; True Royal; White,,,,,,sanmar-l4045-1865160898-black-aen00k,2b0d4a77-99f2-4eec-82fb-fc7e4329b6a8
every_colour_has_front,CH Everyday,L4046,Everyday Blend Ladies Polo,6,6,6,0,12,6,0,0,,l4046_form-angle_athletic-grey_2025_cil.jpg,l4046_form-side_athletic-grey_2025_cil.jpg,,l4046_modl_red_crop-1_2025_cil.jpg,,sanmar-l4046-2081719059-athletic-grey-kzm4cv,4c438a65-d521-4758-b5f3-0d986768aa07
partial_colour_photos,CH Everyday,L4047,Everyday CVC Ladies Polo,7,4,4,0,8,4,0,0,Dk Hthr Grey; Dk Sand; MilitaryGreen,l4047_form-angle_black_2025_cil.jpg,l4047_form-side_black_2025_cil.jpg,,l4047_modl_duck-brown_crop-2_2025_cil.jpg,,sanmar-l4047-262870396-black-nchwfi,45197977-c028-4c6d-8b35-c24b6121e545
every_colour_has_front,CH Everyday,S365,Everyday Snag Resistant Polo,16,16,16,0,32,16,0,0,,s365_form-angle_black_2025_cil.jpg,s365_form-side_black_2025_cil.jpg,,s365_modl_silver_studio_crop_2025_cil.jpg,,sanmar-s365-2130724931-black-ud19sy,e5993cb9-7c63-4145-9d45-1de9bfd27eda
every_colour_has_front,CH Everyday,S365LS,Everyday Snag Resist LS Polo,9,9,9,0,18,9,0,0,,s365ls_modl_black_studio_crop_2025_cil.jpg,s365ls_form-side_black_2025_cil.jpg,,s365ls_modl_black_studio_crop_2025_cil.jpg,,sanmar-s365ls-208407623-black-gelixq,d35ae209-cf6f-4142-8aeb-63990c42eb45
every_colour_has_front,CH Everyday,S365P,Everyday Snag Resist Pckt Polo,9,9,8,0,17,9,0,0,,s365p_form-angle_black_2025_cil.jpg,s365p_form-side_black_2025_cil.jpg,,s365p_modl_safety-orange_studio_crop_2025_cil.jpg,,sanmar-s365p-734035176-black-s81o3r,bfc1bd85-5648-41ab-b72d-9c2f306de10f
every_colour_has_front,CH Everyday,S4007,Everyday Polo,8,8,0,7,15,8,0,0,,s4007_form_angle_black_032014.jpg,,s4007_form_back_black_032014.jpg,s4007_steelgrey_modl_studio2.jpg,,sanmar-s4007-1101412514-black-w3akc4,f3315ffa-bb21-4cc9-9a96-d620b53a1e42
no_photos,CH Everyday,S4045,Essential Snag Resist Polo,10,0,0,0,0,0,0,0,Black; Carolina Blue; Forest Green; Iron Grey; Purple; Silver; True Navy; True Red; True Royal; White,,,,,,sanmar-s4045-1195157649-black-nqfsj5,df2bcf74-60fd-4ce1-a4bb-57b3dd6bc3fe
no_photos,CH Everyday,S4045LS,Essential Snag Resist L/S Polo,6,0,0,0,0,0,0,0,Black; Iron Grey; True Navy; True Red; True Royal; White,,,,,,sanmar-s4045ls-1895846601-black-b5sia1,c03dbcfa-7bba-4937-817c-42edce20e03f
every_colour_has_front,CH Everyday,S4046,Everyday Blend Polo,6,6,6,0,12,6,0,0,,s4046_form-angle_athletic-grey_2025_cil.jpg,s4046_form-side_athletic-grey_2025_cil.jpg,,s4046_modl_red_studio_crop_2025_cil.jpg,,sanmar-s4046-1197598033-athletic-grey-pwxsq,c8185fbe-12bc-4e67-a817-583d6f4b21a7
partial_colour_photos,CH Everyday,S4047,Everyday CVC Polo,7,4,4,0,8,4,0,0,Dk Hthr Grey; Dk Sand; MilitaryGreen,s4047_form-angle_black_2025_cil.jpg,s4047_form-side_black_2025_cil.jpg,,s4047_modl_dark-sand_studio_crop_2025_cil.jpg,,sanmar-s4047-124229057-black-5l9nnw,829e14e9-9fde-4b0c-bce0-f310a9a23215
every_colour_has_front,CH Everyday,TS365,Everyday Snag Resist Tall Polo,9,9,9,0,18,9,0,0,,ts365_form-angle_black_2025_cil.jpg,ts365_form-side_black_2025_cil.jpg,,ts365_modl_iron-grey_studio_crop_2025_cil.jpg,,sanmar-ts365-956257227-black-z25tjw,b22d4fa5-c9e0-4d5b-b936-1627ac14f524
every_colour_has_front,CH Everyday,Y365,Everyday Snag Resist Yth Polo,6,6,6,0,12,6,0,0,,y365_form-angle_black_2025_cil.jpg,y365_form-side_black_2025_cil.jpg,,y365_modl_true-royal_crop_2025_cil.jpg,,sanmar-y365-1706746265-black-u6dspy,6ab21665-facd-40df-b701-d703b959cc39
no_photos,CH Everyday,Y4045,Essential Snag Resist Yth Polo,4,0,0,0,0,0,0,0,Black; Iron Grey; True Navy; White,,,,,,sanmar-y4045-760035045-black-sutvab,35063cb2-03c2-45c0-a788-ab19a6ed6e6c
every_colour_has_front,CH Outerwear,CH7690,Essential Go To Puffy Jacket,6,6,6,0,12,6,0,0,,ch7690_form-angle_black_2025_cil.jpg,ch7690_form-side_black_2025_cil.jpg,,ch7690_modl_red_studio-1_2025_cropped_cil.jpg,,sanmar-ch7690-261508086-black-b8ek9c,ca479912-07a8-401a-bdb4-664a4e6573a1
most_colours_have_front,CH Outerwear,CH7690L,Essential Go To Puffy Lds Jckt,7,6,6,0,12,6,0,0,~Iron Grey,ch7690l_form-angle_black_2025_cil.jpg,ch7690l_form-side_black_2025_cil.jpg,,ch7690l_modl_saddle_studio-1_2025_cropped_cil.jpg,,sanmar-ch7690l-1045788209-black-jamf5t,bd1bd7a8-f5e6-4937-a544-8610d196ebfb
every_colour_has_front,CH Outerwear,CH7690Y,Essential Go To Puffy Yth Jckt,5,5,5,0,10,5,0,0,,ch7690y_form-angle_black_2025_cil.jpg,ch7690y_form-side_black_2025_cil.jpg,,ch7690y_modl_olive-green_studio-1_2025_cropped_cil.jpg,,sanmar-ch7690y-746211344-black-ufg4h6,8e1748bc-94b0-485b-8fd3-230a573ce2ec
most_colours_have_front,CH Outerwear,CH7691,Essential Go To Puffy Vest,7,6,0,0,6,6,0,0,~Iron Grey,ch7691_form-angle_black_2025_cil.jpg,,,ch7691_modl_olive-green_studio-3_2025_cropped_cil.jpg,,sanmar-ch7691-766921308-black-cjc1ku,845c7df2-df8e-44cd-91bf-d559cc183716
every_colour_has_front,CH Outerwear,CH7691L,Essential Go To Puffy Lds Vest,6,6,0,0,6,6,0,0,,ch7691l_form-angle_black_2025_cil.jpg,,,ch7691l_modl_ivory_studio_crop_2026_cil.jpg,,sanmar-ch7691l-1936588183-black-6rfnnf,fb24b8f4-9faf-4854-9e60-ad4394d5d1d6
every_colour_has_front,CH Outerwear,CH7691Y,Essential Go To Puffy Yth Vest,5,5,0,0,5,5,0,0,,ch7691y_form-angle_black_2025_cil.jpg,,,ch7691y_saddle___olive-green_modl_studio_2025_cropped_cil.jpg,,sanmar-ch7691y-633297512-black-wsb0ci,91b0f115-3cfe-4b1c-9315-c8b225e68080
one_colour_photographed,CH Outerwear,F2010,Essential Fleece FZ Jacket,2,1,1,0,2,1,0,0,Dk Hthr Grey,f2010_modl_black_studio-crop_2024_cil.jpg,f2010_form-side_black_2024_cil.jpg,,f2010_modl_black_studio-crop_2024_cil.jpg,,sanmar-f2010-660005618-black-v19y7f,07935df5-6350-4664-a830-4a9bd4a37a86
most_colours_have_front,CH Outerwear,J7603,Everyday Soft Shell Jkt,4,3,0,3,6,3,0,0,PearlGreyHthr,j7603_form_angle_black_2013.jpg,,j7603_form_back_black_2013.jpg,j7603_blackheather_modl_studio3.jpg,,sanmar-j7603-1226549772-black-5amlkn,b66a9749-9702-40f3-ba31-b5161cc33f06
every_colour_has_front,CH Outerwear,J7605,Everyday Hooded Soft Shell Jkt,2,2,0,2,4,2,0,0,,j7605_black_modl_studio-1-2019.jpg,,j7605_form_back_black_032016.jpg,j7605_black_modl_studio-1-2019.jpg,,sanmar-j7605-908024946-black-4kpkaj,a4d4f75a-33f1-4b92-8c66-7da02ee282d8
every_colour_has_front,CH Outerwear,J7610,Essential Soft Shell Jacket,2,2,2,0,4,2,0,0,,j7610_modl_black_studio_2024.jpg,j7610_form-side_black_2024_cil.jpg,,j7610_modl_black_studio_2024.jpg,,sanmar-j7610-1699707557-black-j6yv0e,8c5f3113-88c6-4b70-b1a2-1b8f8383d8c7
every_colour_has_front,CH Outerwear,J7700,Essential Windbreaker Jacket,5,5,5,0,10,5,0,0,,j7700_modl_black_studio-1_2024_cil.jpg,j7700_form-side_black_collar-down_2024-temp.jpg,,j7700_modl_black_studio-1_2024_cil.jpg,,sanmar-j7700-552240356-black-j6evkc,7a0ea026-dad8-469a-b79f-74079559bce4
one_colour_photographed,CH Outerwear,L2010,Essential Fleece Lds FZ Jacket,2,1,1,0,2,1,0,0,Dk Hthr Grey,l2010_form-angle_black_2024_cil.jpg,l2010_form-side_black_2024_cil.jpg,,l2010_modl_dark-heather-grey_crop_2025_cil.jpg,,sanmar-l2010-618437641-black-181sm3,27ec1a62-4096-4355-9243-05e5e7c99ea1
every_colour_has_front,CH Outerwear,L7610,Essential SoftShell Lds Jacket,2,2,2,0,4,2,0,0,,l7610_modl_black_studio-3-crop_2024_cil.jpg,l7610_form-side_black_2024_cil.jpg,,l7610_modl_black_studio-3-crop_2024_cil.jpg,,sanmar-l7610-295997155-black-t33bvy,2e36cf1e-6ec1-4ec2-8bc3-153a37d083e8
every_colour_has_front,CH Outerwear,Y7603,Everyday Soft Shell Yth Jkt,3,3,0,3,6,3,0,0,,y7603_black_modl_studio-2-2019.jpg,,y7603_form_back_black_2013.jpg,y7603_black_modl_studio-2-2019.jpg,,sanmar-y7603-1925013830-black-s8jyt3,032e5b00-7e2a-450b-ab2b-f3c69ac3f87b
every_colour_has_front,CH Outerwear,Y7610,Essential Softshell Yth Jacket,2,2,2,0,4,2,0,0,,y7610_black_modl_crop_2024_cil.jpg,y7610_form-side_black_2024_cil.jpg,,y7610_black_modl_crop_2024_cil.jpg,,sanmar-y7610-1333041029-black-2fo8um,71ab69fc-0244-4aaa-b9de-35c95fdc2922
no_photos,CH Sport Shirts,L3518,ProTeam Proformance Lds' Polo,1,0,0,0,0,0,0,0,Deep Orange,,,,l3518_cobaltheather_modl_studio-3-2019.jpg,,sanmar-l3518-684765015-deep-orange-7pdyg0,011af762-a5ad-4fbd-9035-2eef30a05a6e
every_colour_has_front,CH Sport Shirts,L3561,Tech Mesh Snag Resist Lds'Polo,1,1,0,1,2,1,0,0,,l3561_form_angle_darkgrey_042018.jpg,,l3561_form_back_darkgrey_042018.jpg,l3561_violet_modl_studio-1-2019c.jpg,,sanmar-l3561-2100891880-dark-grey-ffdmvz,5d16c343-3f98-465e-b380-de0bc22bf542
partial_colour_photos,CH Sport Shirts,L4001,Snag Resist CBlock Lds' Polo,4,2,0,2,4,2,0,2,Black/Iron; Iron Grey/Bk,l4001_form_front_blackred_082015.jpg,,l4001_blackred_flat_back_021712.jpg,l4001_kellygreenwhite_modl_studio-2-2019.jpg,,sanmar-l4001-951325021-black-red-pxy9py,85547136-3eba-4ae6-a5ad-3d4e8b3542f1
most_colours_have_front,CH Sport Shirts,L4002,Snag Resist Co Inset Lds' Polo,8,6,0,6,12,6,0,0,Black/CoalGry; Black/Orange,l4002_form_angle_blackgold_112014.jpg,,l4002_form_back_blackgold_2014.jpg,l4002_blackroyal_modl_studio-1_bc_c2018.jpg,,sanmar-l4002-327727739-black-gold-5nq4l6,255ce403-c28d-48c8-a2dc-1f7015626f55
every_colour_has_front,CH Sport Shirts,L4005,Snag Proof Power Lds' Polo,1,1,0,1,2,1,0,0,,l4005_form_angle_white_4882_032014.jpg,,l4005_form_back_white_4887_032014.jpg,l4005_royal_modl_studio-3-2019.jpg,,sanmar-l4005-713797495-white-i01v4q,c90d5aed-56e5-419a-a4a0-3f7f4610678b
every_colour_has_front,CH Sport Shirts,L4039,Pro Team Ladies Polo,11,11,0,0,11,11,0,0,,l4039_form-front_atomic-blue_2021_cil.jpg,,,l4039_modl_maroon_studio-1_2021.jpg,,sanmar-l4039-1092611859-atomic-blue-6wrhvw,96581d93-61c0-40e0-9e7c-b4b81dc67c00
every_colour_has_front,CH Sport Shirts,L445,Snag Resist Lds' Polo,14,14,0,14,28,14,0,14,,l445_black_modl_studio-3.jpg,,l445_black_flat_back_2010.jpg,l445_black_modl_studio-3.jpg,,sanmar-l445-114686800-black-85bejp,c08422a9-be78-46fa-8657-c3904d98a9d2
no_photos,CH Sport Shirts,S3518,ProTeam ProFormance Polo,1,0,0,0,0,0,0,0,Forest Green,,,,s3518_cobaltheather_modl_studio-1-2019.jpg,,sanmar-s3518-1629996181-forest-green-ivsr40,9d03c43f-1dd6-446b-b9f4-2b1e318310bc
partial_colour_photos,CH Sport Shirts,S4001,Snag Resist CBlock Polo,4,2,0,2,4,2,0,2,Black/Iron; Iron Grey/Bk,s4001_form_angle_blackred_021412.jpg,,s4001_blackred_flat_back_021712.jpg,s4001_blacktruered_modl_studio-1.jpg,,sanmar-s4001-1080806865-black-red-86jvd,06a90cdf-3526-49ca-b370-2ba30bb6f416
most_colours_have_front,CH Sport Shirts,S4002,Snag Resist Co Inset Polo,7,5,4,5,14,5,0,0,Black/CoalGry; Black/Orange,s4002_form_angle_blackgold_112014.jpg,,s4002_form_back_blackgold_112014.jpg,s4002_blackroyal_modl_studio-5_bc_c2018.jpg,,sanmar-s4002-493716564-black-gold-ezg8ve,9fffb3a9-21ae-4b24-b1af-e4fbc92ec65a
every_colour_has_front,CH Sport Shirts,S4005,Snag Proof Power Polo,9,9,0,9,18,9,0,0,,s4005_form_angle_black_5084_032014.jpg,,s4005_form_back_black_032104.jpg,s4005_charcoal_modl_studio-2.jpg,,sanmar-s4005-1948331673-black-engq0i,e9366b87-ad35-4b38-8a89-2251b58d9b45
every_colour_has_front,CH Sport Shirts,S4005P,Snag Proof Power Pkt Polo,3,3,0,3,6,3,0,0,,s4005p_form_angle_black_042014.jpg,,s4005p_form_back_black_032104.jpg,s4005p_charcoal_modl_construction_studio-1-2019.jpg,,sanmar-s4005p-608417643-black-swq03b,d5aeb924-d088-4480-8361-b0b2a2b0aa7f
every_colour_has_front,CH Sport Shirts,S4039,Pro Team Sport Shirt,12,12,0,12,24,12,0,0,,s4039_form_angle_atomicblue_122019_v2.jpg,,s4039_form_back_atomicblue_122019.jpg,s4039_maroon_modl_studio_1_2021.jpg,,sanmar-s4039-1088799081-atomic-blue-yz7m0j,5550c263-f1ef-4beb-a2ff-585a463ce371
every_colour_has_front,CH Sport Shirts,S445,Snag Resist Polo,14,14,0,13,27,14,0,13,,s445_black_form_angle_021412.jpg,,s445_black_flat_back_2010.jpg,s445_navy_modl_studio_1_2020.jpg,,sanmar-s445-1246637070-black-x2jjqy,5506355c-5ba8-464b-ad8c-1a2a52f48e34
every_colour_has_front,CH Sport Shirts,S445LS,Snag Resist L/S Polo,3,3,0,3,6,3,0,3,,s445ls_form_angle_black.jpg,,s445ls_flat_back_black_2013.jpg,s445ls_irongrey_modl_studio-2.jpg,,sanmar-s445ls-1649448282-black-ckg3lp,f3d56fcd-7947-4ff5-b35f-9596d02506a0
every_colour_has_front,CH Sport Shirts,TS445,Snag Resist Tall Polo,3,3,0,3,6,3,0,5,,ts445_black_flat_front.jpg,,ts445_black_flat_back.jpg,ts445_truenavy_modl_studio-1_1.jpg,,sanmar-ts445-377983042-black-vi8z62,f96cc521-e5de-474e-acbe-f820f576459c
every_colour_has_front,CH Sport Shirts,Y445,Snag Resist Yth Polo,4,4,0,3,7,4,0,3,,y445_black_modl_crop-2_bc2_c2018.jpg,,y445_flat_back_black_2013.jpg,y445_black_modl_crop-2_bc2_c2018.jpg,,sanmar-y445-466602791-black-8e6ey7,2077ae88-59b2-4eff-ac75-3238a2eb12fe
no_photos,CH Wovens,CH6200,Everyday EC L/S Wov Shirt,7,0,0,0,0,0,0,0,Black; Dark Sand; Iron Grey; Red; True Navy; True Royal; White,,,,,,sanmar-ch6200-1475168561-black-3m3d1g,d13885c8-411d-4532-b0d7-b31640ecf202
every_colour_has_front,CH Wovens,CH6200L,Everyday EC L/S Wov Lad Shirt,7,7,7,0,14,7,0,0,,ch6200l_modl_black_studio-angle_pdp_2026_cil.jpg,ch6200l_form-side_black_2026_cil.jpg,,ch6200l_modl_black_studio-angle_pdp_2026_cil.jpg,,sanmar-ch6200l-2069302648-black-1p1fmg,74aebb66-4de8-4b3b-a88b-a4860b8c113c
no_photos,CH Wovens,CH6201,Everyday EC ShrtSlv Wov Shirt,7,0,0,0,0,0,0,0,Black; Dark Sand; Iron Grey; Red; True Navy; True Royal; White,,,,,,sanmar-ch6201-319760130-black-c5xtgr,7682ee30-b91b-42f7-a357-8049d494a2b1
every_colour_has_front,CH Wovens,CH6201L,Everyday EC S/S Wov Lds Shirt,7,7,7,0,14,7,0,0,,ch6201l_form-angle_black_2026_cil.jpg,ch6201l_form-side_black_2026_cil.jpg,,ch6201l_modl_dark-sand_studio-angle_crop_2026_cil.jpg,,sanmar-ch6201l-1615054362-black-24tv13,61c3f154-f080-4e27-84be-4b6f8083f616
every_colour_has_front,CH Wovens,D6013,Everyday L/S Woven Shirt,5,5,0,5,10,5,0,0,,d6013_form_angle_black_032016_1.jpg,,d6013_form_back_black_032016.jpg,d6013_bluelake_modl_studio-1-2019.jpg,,sanmar-d6013-1018031733-black-du7hy4,fc0c3ddb-7162-4ea9-9ef1-437b80a4844e
one_colour_photographed,CH Wovens,D6021,Everyday S/S Woven Shirt,5,1,0,5,6,1,0,0,Black; Iron Grey; True Navy; True Royal,d6021_form_angle_true-white_2020.jpg,,d6021_form_back_true-white_2020.jpg,d6021_form_angle_blackv2_032016_1.jpg,,sanmar-d6021-1940619435-true-white-ju38gz,abc20f59-cd6c-4b78-ad25-e096acdb0482
every_colour_has_front,CH Wovens,L6013,Everyday LongSleeve Lds' Woven,5,5,0,5,10,5,0,0,,l6013_form_angle_black_032016v2_1.jpg,,l6013_form_back_black_032016.jpg,l6013_bluelake_modl_studio-4-2019.jpg,,sanmar-l6013-905734556-black-q1hsza,b180ac6a-e2c2-436b-940d-19443c387b3d
every_colour_has_front,CH Wovens,L6021,Everyday ShortSleeve Lds'Woven,4,4,0,4,8,4,0,0,,l6021_form_angle_black_032016_1.jpg,,l6021_form_back_black_032016.jpg,l6021_richred_modl_crop_1_2020.jpg,,sanmar-l6021-1388432732-black-js1xo4,d69f464d-69fd-4f52-beab-98d73d3579a4
every_colour_has_front,Callaway,CGM211,Core Performance Polo,5,5,0,5,10,5,1,0,,cgm211_form_angle_black.jpg,,cgm211_form_back_black.jpg,cgm211_modl_smoked-pearl_studio-front_crop_2026_cil.jpg,,sanmar-cgm211-1321091001-black-bizoab,de4ac855-3d89-4676-a96e-fcc8b122767e
most_colours_have_front,Callaway,CGM692,Birdseye Polo,4,3,0,3,6,3,1,0,Peacoat Navy,cgm692_modl_black_studio-front_pdp_2026_cil.jpg,,cgm692_form_back_black_022019.jpg,cgm692_modl_black_studio-front_pdp_2026_cil.jpg,,sanmar-cgm692-2010124324-black-neiv5e,cacd951c-652c-4da4-8688-a22f66dd665b
every_colour_has_front,Callaway,CGM791,Micro Chev Print Polo,2,2,0,0,2,2,1,0,,cgm791_modl_caviar_studio-front_pdp_2026_cil.jpg,,,cgm791_modl_caviar_studio-front_pdp_2026_cil.jpg,,sanmar-cgm791-1291576538-caviar-j2wqt9,a9e6b260-2c8c-4ddc-94e8-78d33c2effdc
every_colour_has_front,Callaway,CGM794,All-Over Stitched Chev Polo,3,3,0,0,3,3,0,0,,cgm794_form-front_lapis-blue_2024_cil.jpg,,,cgm794_form-front_lapis-blue_2024_cil.jpg,,sanmar-cgm794-1361672419-lapis-blue-hz9s2z,ff1243de-711d-4bb3-99f6-6230e9695156
every_colour_has_front,Callaway,CGW437,Opti-Vent Lds' Polo,7,7,0,7,14,7,1,0,,cgw437_form_angle_black.jpg,,cgw437_form_back_black.jpg,cgw437_modl_salsa-red_studio-front_pdp_2026_cil.jpg,,sanmar-cgw437-648838375-black-39we27,7712cb8d-59e2-4a64-8b2f-0e660b6bce49
most_colours_have_front,Callaway,CGW693,Birdseye Lds' Polo,4,3,0,3,6,3,1,0,Peacoat Navy,cgw693_form_angle_black_22019.jpg,,cgw693_form_back_black_022019.jpg,cgw693_modl_quiet-shade_studio-front_pdp_2026_cil.jpg,,sanmar-cgw693-1101149866-black-c87fs6,f16d6cd4-8b56-4175-a2b9-89161272bb95
every_colour_has_front,Callaway,CGW792,All-Over Stitched Chev LdsPolo,3,3,0,0,3,3,1,0,,cgw792_modl_lapis-blue_studio-front_pdp_2026_cil.jpg,,,cgw792_modl_lapis-blue_studio-front_pdp_2026_cil.jpg,,sanmar-cgw792-314391466-lapis-blue-qlvn2o,a3f52e3c-ff2d-45b7-9663-060bf0776419
single_shared_photo,Carhartt,CT89132109,Backpack 20-Can Cooler,2,1,0,0,1,1,0,0,CarharttBrown,ct89132109_form-front_black_2025_cil.jpg,,,ct89132109_form-front_black_2025_cil.jpg,,sanmar-ct89132109-496509034-black-m5w6s1,5005a25d-bb62-4560-bd0a-553455ece423
single_shared_photo,Carhartt,CT89240105,"Foundry Series 14"" Tool Bag",2,1,0,0,1,1,0,0,CarharttBrown,ct89240105_form-front_black_2025_cil.jpg,,,ct89240105_form-front_black_2025_cil.jpg,,sanmar-ct89240105-1525457913-black-afb17,f7409f1d-bfb9-4832-9618-2c1ae39495e9
partial_colour_photos,Carhartt,CT89241804,Canvas Backpack,3,2,0,0,2,2,0,0,CarharttBrown,ct89241804_form-front_black_2025_cil.jpg,,,ct89241804_form-front_black_2025_cil.jpg,,sanmar-ct89241804-956911605-black-7xuhqd,049359d7-a417-4d0d-ba61-c8c50fd7a8e0
partial_colour_photos,Carhartt,CT89251601,Lunch 6-Can Cooler,3,2,0,0,2,2,0,0,CarharttBrown,ct89251601_form-front_black_2025_cil.jpg,,,ct89251601_form-front_black_2025_cil.jpg,,sanmar-ct89251601-1620460686-black-5vgu20,47d73b37-4b73-4fdf-8e78-6a7dfc5b7539
partial_colour_photos,Carhartt,CT89350303,Foundry Series Backpack,3,2,0,0,2,2,0,0,CarharttBrown,ct89350303_form-front_black_2025_cil.jpg,,,ct89350303_form-front_black_2025_cil.jpg,,sanmar-ct89350303-1671384404-black-ne0kq2,ead71ae9-85f0-4bca-aa7a-95cceb82b572
single_shared_photo,Carhartt,CTB0000481,25L Ripstop Backpack,2,1,0,0,1,1,0,0,CarharttBrown,ctb0000481_form-front_black_2025_cil.jpg,,,ctb0000481_form-front_black_2025_cil.jpg,,sanmar-ctb0000481-495500440-black-sr096y,42ae0a11-67b5-4ced-883e-f17ee21edbf8
one_colour_photographed,Carhartt,CTB0000486,28L Foundry Dual Cmprtmnt Bkpk,2,1,0,1,2,1,0,0,CarharttBrown,ctb0000486_form-front_black_2025_cil.jpg,,ctb0000486_form-back-passthrough_black_2025_cil.jpg,ctb0000486_form-front_black_2025_cil.jpg,,sanmar-ctb0000486-1047527451-black-hh5cqi,a091a83b-ae70-4b4d-9532-74b63b99ee0d
single_shared_photo,Carhartt,CTB0000487,120L Foundry Series Duffel,2,1,0,0,1,1,0,0,CarharttBrown,ctb0000487_form-front_black_2025_cil.jpg,,,ctb0000487_form-front_black_2025_cil.jpg,,sanmar-ctb0000487-1268351021-black-o30sop,0f0d224b-135d-4d01-b174-d7e5fbf99433
every_colour_has_front,Dickies,2574,Dickies Twill S/Sleeve Shirt,1,1,0,0,1,1,0,0,,2574_form-front_black_2022_cil.jpg,,,2574_form-front_black_2022_cil.jpg,,sanmar-2574-1809167618-black-spnxhx,21dd728e-a7d8-4bfb-8175-ffb801fa9bd8
no_photos,Dickies,LP60,M Dow Twl Crgo Pant RLXD,1,0,0,0,0,0,0,0,NAVY 30,,,,lp60_form-front_navy_2022_cil.jpg,,sanmar-lp60-1046121890-navy-30-vfyx1e,689c4926-1ea3-49a1-b2f1-745184116e1c
no_photos,Dickies,WP59,M DICKIES CRGO WK PNT RLXD,3,0,0,0,0,0,0,0,"BLACK 30""; BLACK 32""; BLACK 34""",,,,,,sanmar-wp59-1438307504-black-30-1c3gbs,e90f5f82-0ff1-42b8-bfa3-d4ae57106e0f
every_colour_has_front,DryFrame,DF7612,Essential Puffy Jacket,1,1,1,0,2,1,0,0,,df7612_modl_black_studio-crop_2024_cil.jpg,df7612_form-side_black_2024_cil.jpg,,df7612_modl_black_studio-crop_2024_cil.jpg,,sanmar-df7612-1343418629-black-odrb9b,04bb78d8-bed9-42b7-943f-e8e7dbbb1387
every_colour_has_front,DryFrame,DF7612L,Essential Ladies Puffy Jacket,1,1,1,0,2,1,0,0,,df6712l_modl_black_studio-crop_2024_cil.jpg,df7612l_form-side_black_2024_cil.jpg,,df6712l_modl_black_studio-crop_2024_cil.jpg,,sanmar-df7612l-604907767-black-xcle82,1d08b42e-57af-449d-aec8-b91009dc2f05
every_colour_has_front,DryFrame,DF7630,Essential Insulated Hooded Jkt,1,1,1,0,2,1,0,0,,df7630_modl_black_studio-crop_2024_cil.jpg,df7630_form-side_black_2024_cil.jpg,,df7630_modl_black_studio-crop_2024_cil.jpg,,sanmar-df7630-886766280-black-hpcwg3,039f7d15-4d08-4cda-970a-a37f1b60c9c4
every_colour_has_front,DryFrame,DF7663,Dry Tech Parka,1,1,1,1,3,1,0,0,,df7663_form_angle_hoodup_black.jpg,df7663_black_modl_outside_mountains_1.jpg,df7663_form_back_hoodup_black.jpg,df7663_black_modl_outside_mountains_1.jpg,,sanmar-df7663-199808775-black-t6hxd7,413d5857-57dd-4393-9d1d-7cd62a3ca588
every_colour_has_front,DryFrame,DF7663L,Dry Tech Lds' Parka,1,1,1,1,3,1,0,0,,df7663l_form_angle_hoodup_black.jpg,df7663_df7663l_black_modl_outside2_index_c2018.jpg,df7663l_form_back_black.jpg,df7663_df7663l_black_modl_outside2_index_c2018.jpg,,sanmar-df7663l-919720420-black-4s18fs,81ec694e-d7db-46eb-a8e4-0e56283a7e35
most_colours_have_front,DryFrame,DF7672,Tri-Tech Hard Shell Jkt,4,3,0,3,6,3,0,0,Regatta Blue,df7672_form_angle_hoodup_asphalt_062018.jpg,,df7672_form_back_hoodup_asphalt_062018.jpg,df7672_form_angle_hoodup_asphalt_062018.jpg,,sanmar-df7672-560169670-asphalt-z53orn,8cb7d698-ad27-4273-bba0-39c945065d6e
every_colour_has_front,DryFrame,DF7672L,Tri-Tech Hard Shell Lds' Jkt,5,5,0,4,9,5,0,0,,df7672l_form_angle_hoodup_asphalt_062018.jpg,,df7672l_form_back_hoodup_asphalt_062018.jpg,df7672l_modl_regatta-blue_crop-1_2024_cil.jpg,,sanmar-df7672l-2013582094-asphalt-w7fb0w,b77fb3fe-0a68-4c28-8961-98ef56bd9496
every_colour_has_front,DryFrame,DF7673,Dry Tech Insulated Vest,1,1,0,1,2,1,0,0,,df7673_form_angle_black_052018.jpg,,df7673_form_back_black_052018.jpg,df7673_form_angle_black_052018.jpg,,sanmar-df7673-1138235857-black-sy58yq,ee364195-566e-432b-b96d-a4348a1cdada
every_colour_has_front,DryFrame,DF7673L,Dry Tech Insulated Lds' Vest,1,1,0,1,2,1,0,0,,df7673l_form_angle_black_052018.jpg,,df7673l_form_back_black_052018.jpg,df7673l_modl_platinum-grey_crop-2_2021.jpg,,sanmar-df7673l-1149364836-black-wvtfjh,2f4d25d2-e469-4819-be2e-d75ab5c3bcef
every_colour_has_front,INIVI,IV152,Tahoma 2 Panel Cap,1,1,0,0,1,1,0,0,,iv152_form-front_black_2025_cil.jpg,,,iv152_modl_light-heather_crop_2024_cil.jpg,,sanmar-iv152-1877781444-black-n7bmpl,780d428a-f232-4091-9dca-5081f37bee43
most_colours_have_front,KOI,KOI2052,Element Triblend Fleece FZ Hoo,5,4,2,0,6,4,0,0,Military Frst,koi2052_form-front_grey-shadow_2024_cil.jpg,,,koi2052_modl_onyx_studio-man-5_2024_web.jpg,,sanmar-koi2052-2105299671-grey-shadow-28y1j1,e50a907c-bc24-4e34-a342-a67fb33bc711
most_colours_have_front,KOI,KOI2055,Element Triblend Fleece PO Hoo,5,4,2,0,6,4,0,0,Military Frst,koi2055_form-front_grey-shadow_2024_cil.jpg,,,koi2055_modl_sandstone_studio-man-1_2024_web.jpg,,sanmar-koi2055-1740657982-grey-shadow-nhawji,d573a3cf-9384-4c73-aec9-28757546a5b7
most_colours_have_front,KOI,KOI2056,Element French Terry Hood,6,5,5,0,10,5,0,0,Charcoal Hthr,koi2056_form-angle_blue-agave_2025_cil.jpg,koi2056_form-side_blue-agave_2025_cil.jpg,,koi2056_modl_natural_studio-crop_2025_cil.jpg,,sanmar-koi2056-137737726-blue-agave-thefpn,b36ffb3c-b7f0-4881-84f6-fcf1aa1c8135
most_colours_have_front,KOI,KOI2057,Element French Terry Crew,6,5,5,0,10,5,0,0,Charcoal Hthr,koi2057_form-angle_blue-agave_2025_cil.jpg,koi2057_form-side_blue-agave_2025_cil.jpg,,koi2057_modl_terracotta_studio-crop_2025_cil.jpg,,sanmar-koi2057-63247503-blue-agave-sug3sl,010971ff-28ff-4fb0-9d0a-2c91837b06a3
most_colours_have_front,KOI,KOI2058,Element French Terry 1/4 Zip,5,4,4,0,8,4,0,0,Charcoal Hthr,koi2058_modl_blue-agave_studio-crop_2025_cil.jpg,koi2058_form-side_blue-agave_2025_cil.jpg,,koi2058_modl_blue-agave_studio-crop_2025_cil.jpg,,sanmar-koi2058-1185968664-blue-agave-dnz86j,edec000d-1684-4f1a-a88b-6b0a6606f6d9
most_colours_have_front,KOI,KOI2240,Element CFF Crewneck,12,11,11,0,22,11,0,0,Charcoal Hthr,koi2240_form-angle_balsam-green_2025.jpg,koi2240_form-side_balsam-green_2025.jpg,,koi2240_coffee-brown___koi2240_sahara_modl_crop_2024_cil.jpg,,sanmar-koi2240-1508310323-balsam-green-8oth81,97a4fd24-90c9-4c47-936a-7516b8b98ee6
every_colour_has_front,KOI,KOI2240L,Element CFF Ladies Crewneck,6,6,6,0,12,6,0,0,,koi2240l_form-angle_blue-mist_2025_cil.jpg,koi2240l_form-side_blue-mist_2025_cil.jpg,,koi2240l_form-angle_blue-mist_2025_cil.jpg,,sanmar-koi2240l-619652239-blue-mist-rgk3x6,33d23b77-7de0-481b-964b-030e435b5f9c
every_colour_has_front,KOI,KOI2270,Element CFF 1/2 Zip Sweatshirt,5,5,5,0,10,5,0,0,,koi2270_form-angle_blue-mist_2025_cil.jpg,koi2270_form-side_blue-mist_2025_cil.jpg,,koi2270_form-angle_blue-mist_2025_cil.jpg,,sanmar-koi2270-13508247-blue-mist-b6xwd0,cff84021-2add-4dff-b8d7-dd607c87ac80
every_colour_has_front,KOI,KOI2280,Element CFF Open Bottom Swtpnt,5,5,0,0,5,5,0,4,,koi2280_flat_dusty-rose_2025_cil.jpg,,,koi2280_grey-heather___koi8025_white___koi8070l_white_modl_studio_2025_cil_1.jpg,,sanmar-koi2280-596456751-dusty-rose-sibfn4,eaee7050-d45b-4365-b12c-a77de1b4350f
no_photos,KOI,KOI2280L,Element CFF OpnBtm Lds Swtpnt,5,0,0,0,0,0,0,0,Dusty Rose; Grey Heather; Midnight Blue; Onyx; Sahara,,,,,,sanmar-koi2280l-69036380-dusty-rose-igts31,f122209b-bb4a-4a27-809d-661fae6b5e16
no_photos,KOI,KOI2280Y,Element CFF OpnBtm Yth Swtpnt,4,0,0,0,0,0,0,0,Dusty Rose; Grey Heather; Midnight Blue; Onyx,,,,,,sanmar-koi2280y-139389282-dusty-rose-k07gv4,71946a29-4cf3-4b61-822d-8439f9a3bd16
most_colours_have_front,KOI,KOI8050,Element TriBlend Tee,10,8,2,0,10,8,0,0,LapisBlueFrst; MilitaryFrost,koi8050_form-angle_grey-frost_2023_cil.jpg,,,koi8050_modl_midnight-blue_studio-2-crop_2024_cil.jpg,,sanmar-koi8050-96644734-grey-frost-tj0p87,7a79563e-1040-4c57-b9e8-e8d5f8988ce2
every_colour_has_front,KOI,KOI8050L,Element TriBlend Ladies Tee,6,6,1,0,7,6,0,0,,koi8050l_form-angle_grey-frost_2023_cil.jpg,,,koi8050l_modl_midnight-blue_studio-4-crop_2024_cil.jpg,,sanmar-koi8050l-936899870-grey-frost-yy9x5t,2dd004e0-7c56-470b-9a2e-888c0985ac03
every_colour_has_front,KOI,KOI8051,Element Triblend L/S Hood,2,2,2,0,4,2,0,0,,koi8051_modl_grey-frost_studio-4_2024-crop_cil.jpg,koi8051_form-side_grey-frost_2024_cil.jpg,,koi8051_modl_grey-frost_studio-4_2024-crop_cil.jpg,,sanmar-koi8051-1846072585-grey-frost-9uypbj,b9742b84-da7d-4b9b-baaa-180dd2674f0c
every_colour_has_front,KOI,KOI8055L,Element Triblend Lds Racerback,3,3,0,0,3,3,0,0,,koi8055l_modl_grey-frost_studio-1-crop_2024_cil.jpg,,,koi8055l_modl_grey-frost_studio-1-crop_2024_cil.jpg,,sanmar-koi8055l-2031185862-grey-frost-toqga4,a2a312d1-f13d-4f2a-bbdd-e90d50aa1eb8
every_colour_has_front,KOI,KOI8060,Element Ring Spun CVC Tee,8,8,0,7,15,8,0,0,,koi8060_amethyst_modl_studio1_2019.jpg,,koi8060_form_back_amethyst_062018.jpg,koi8060_amethyst_modl_studio1_2019.jpg,,sanmar-koi8060-531195445-amethyst-vgayja,89b8c3b6-b86c-4efd-b390-56f03814c64f
every_colour_has_front,KOI,KOI8060L,Element Ring Spun CVC Lds Tee,8,8,0,7,15,8,0,0,,koi8060l_form-angle_amethyst_2026.jpg,,koi8060l_form_back_amethyst_062018.jpg,koi8060l_olive_modl_crop_2019.jpg,,sanmar-koi8060l-2125623699-amethyst-ymqm9b,4f2c1459-0e3c-4684-8bea-4789638dc228
most_colours_have_front,KOI,KOI8070,Element Ring Spun Cotton Tee,12,11,0,0,11,11,0,0,Charcoal Hthr,koi8070_form-angle_blue-mist_2024.jpg,,,koi8070_modl_grey-heather_studio-2-crop_2024_cil.jpg,,sanmar-koi8070-514069028-blue-mist-h6jaqq,cd81ee37-7daf-4351-a463-cde3e509223a
every_colour_has_front,KOI,KOI8070Y,Element Rng Spn Cotton Yth Tee,6,6,6,0,12,6,0,0,,koi8070y_form-angle_grey-heather_2024_cil.jpg,koi8070y_form-side_grey-heather_2024_cil.jpg,,koi8070y_modl_midnight-blue_studio-girl-1-crop_2024_cil.jpg,,sanmar-koi8070y-2043932089-grey-heather-drunr3,9575dbb2-95e8-4f12-ab98-74047a20b079
every_colour_has_front,KOI,KOI8075,Element Rng Spn Cotton LS Tee,4,4,4,0,8,4,0,0,,koi8075_modl_grey-heather_studio-1-crop_2024_cil.jpg,koi8075_form-side_grey-heather_2024_cil.jpg,,koi8075_modl_grey-heather_studio-1-crop_2024_cil.jpg,,sanmar-koi8075-481491377-grey-heather-hs972m,e3be4a6f-0995-43c4-93ff-7a9bd1095266
every_colour_has_front,KOI Accessory,KOI1043,Canvas Backpack,3,3,0,0,3,3,0,0,,koi1043_form-angle_faded-black-bckgrnd-shadow_2025_cil.jpg,,,koi1043_form-angle_faded-black-bckgrnd-shadow_2025_cil.jpg,,sanmar-koi1043-189704266-faded-black-d09n03,2110f281-813e-4fb2-885e-389df373474b
every_colour_has_front,KOI Accessory,KOI1044,Canvas Duffel,3,3,0,0,3,3,0,0,,koi1044_form-front_faded-black-bckgrnd-shadow_2025_cil.jpg,,,koi1044_form-front_faded-black-bckgrnd-shadow_2025_cil.jpg,,sanmar-koi1044-1847960526-faded-black-btpomb,021bb85a-8dd2-421f-8a9a-7ce6d3c1e029
every_colour_has_front,KOI Accessory,KOI1801,Matte Fanny Pack,5,5,0,5,10,5,0,0,,koi1801_form-front_blue-mist-background_2025_cil_1.jpg,,koi1801_form-back-left_blue-mist_2025_cil.jpg,koi8050_white___koi1801_onyx_modl_studio-1_2024_croped.jpg,,sanmar-koi1801-186773191-blue-mist-qqmxlj,05199e11-4edb-4634-9a12-16d9a2e11ddc
every_colour_has_front,KOI Accessory,KOI1802,Matte Sling Bag,10,10,0,0,10,10,0,0,,koi1802_form-angle_balsam-green_2025_cil.jpg,,,koi8070l_storm-grey___koi1802_sahara_modl_studio-2_crop_2024_cil.jpg,,sanmar-koi1802-1614692665-balsam-green-soihsj,f11c745e-58c1-4119-b2dd-24e5a41ac9d7
every_colour_has_front,KOI Accessory,KOI1803,Matte Backpack,5,5,0,0,5,5,0,0,,koi1803_form-angle_midnight-blue_2025_cil.jpg,,,koi8070l_white___koi1803_storm-grey_modl_studio-1_crop_2024_cil.jpg,,sanmar-koi1803-1287995931-midnight-blue-175rze,1dfb61d8-aa4e-4cf1-9e2e-95ac14020715
every_colour_has_front,KOI Accessory,KOI1804,Matte Handled Backpack,4,4,1,0,5,4,0,0,,koi1804_form-front_onyx-background_v2_2025_cil.jpg,,,koi1804_form-front_onyx-background_v2_2025_cil.jpg,,sanmar-koi1804-2064096191-onyx-91ikfk,bae882bc-64fe-4089-a3c1-e08c8af07048
every_colour_has_front,KOI Accessory,KOI1805,Matte Carryall Large Tote,4,4,2,0,6,4,0,0,,koi8070l_midnight-blue___koi1805_storm-grey_modl_studio-2_crop_2024_cil.jpg,,,koi8070l_midnight-blue___koi1805_storm-grey_modl_studio-2_crop_2024_cil.jpg,,sanmar-koi1805-1961847571-midnight-blue-54wyq7,bbd69f31-7fde-45e4-bfcd-4e9423aa0d2f
every_colour_has_front,KOI Accessory,KOI1806,Matte Hip Pack 1.5L,10,10,1,0,11,10,0,0,,koi1806_form-front_balsam-green-background_v2_2025_cil.jpg,,,koi1806_form-front_balsam-green-background_v2_2025_cil.jpg,,sanmar-koi1806-166980428-balsam-green-32eipl,5d29cf20-eb39-432b-835c-72169feaeefe
every_colour_has_front,KOI Accessory,KOI1808,Matte Quilted Barrel Duffel,3,3,1,0,4,3,0,0,,koi1808_form-angle_onyx_2025_cil.jpg,,,koi1808_form-angle_onyx_2025_cil.jpg,,sanmar-koi1808-1425685831-onyx-go5yd0,c1027f1e-84cc-4f05-b655-bf850644b469
partial_colour_photos,KOI Accessory,KOI1830,TwoTone Unstructured Snapback,9,3,3,3,9,3,0,0,Nat/Blue Mist; Nat/Charcoal; Nat/Cof Brown; Nat/LapisBlue; Nat/Mid Blue; Nat/Scar Red,koi1830_form-angle_natural_grey_2026_cil.jpg,koi1830_form-inside_natural_grey_2026_cil.jpg,koi1830_form-angle_natural_grey_background_2026_cil.jpg,koi1830_natural_midnight-blue_modl_crop_2026_cil.jpg,,sanmar-koi1830-1666117422-natural-grey-p1xb4c,b4b0235e-0e5d-4631-b727-ae9f703f4b89
every_colour_has_front,KOI Accessory,KOI1831,Cotton Twill Snapback Cap,10,10,10,9,29,10,0,0,,koi1831_form-angle_blue-mist_2026_cil.jpg,koi1831_form-inside_blue-mist_2026_cil.jpg,koi1831_form-angle_blue-mist_background_2026_cil.jpg,koi1831_natural_modl_crop_2026_cil.jpg,,sanmar-koi1831-305470642-blue-mist-iizj25,13a50dfd-04a3-4e32-a99e-5c9b3d6e589d
every_colour_has_front,KOI Accessory,KOI1835,KOI Matte Snapback Cap,9,9,9,0,18,9,0,0,,koi1835_form-angle_balsam-green_2026_cil.jpg,koi1835_form-inside_balsam-green_2026_cil.jpg,,koi1835_form-angle_balsam-green_2026_cil.jpg,,sanmar-koi1835-1833927479-balsam-green-2gdh22,d1776083-d4f2-4000-b197-b7bb54b070bd
partial_colour_photos,KOI Accessory,KOI1836,KOI Matte 5-Panel Trucker Cap,10,5,5,0,10,5,0,0,BalsGreen/Bon; BlueMist/Bone; DustyRose/Bon; MidBlue/Bone; StormGr/Bone,koi1836_form-angle_bone_bone_2026_cil.jpg,koi1836_form-inside_bone_bone_2026_cil.jpg,,koi1836_form-angle_balsam-green_bone_2026_cil.jpg,,sanmar-koi1836-642905339-bone-bone-3zuntl,bfb33520-f5f1-4f69-a771-f8b490ac990e
no_photos,Marketing,DONATION,Opportunitee fundraiser,1,0,0,0,0,0,0,0,Backpack,,,,koi1803_form-front_onyx-background_2025_cil_2.jpg,,sanmar-donation-343016259-backpack-31emdu,5a36746d-3688-48f3-845c-d5ba8ee180aa
no_photos,Marketing,FOLDERS,Marketing Folders,1,0,0,0,0,0,0,0,Black/White,,,,,,sanmar-folders-14564509-black-white-i5ccix,c668c96f-5f04-4ada-a9de-c722e77bf358
no_photos,Marketing,HOODIECF,CF Wearable Hoodie,2,0,0,0,0,0,0,0,English Logo; French Logo,,,,,,sanmar-hoodiecf-1518215316-english-logo-5jbjt5,69fdde0b-7202-48cf-8cbc-fb13cc9848f8
no_photos,Marketing,INSERT,Thank you cards,4,0,0,0,0,0,0,0,`2025 Gift Ta; `Bumblebee; `Owl; `Squirrel,,,,,,sanmar-insert-1719429736-2025-gift-ta-682v3x,4d0878d9-fc3b-4ea5-a6ca-f27b474a83d9
no_photos,Marketing,LOOKBOOK,Lookbook,1,0,0,0,0,0,0,0,F26,,,,,,sanmar-lookbook-2047970490-f26-tqpunv,cb718645-e888-40b6-a14c-6d49c237330c
no_photos,Marketing,MAGNETS,PROMOTIONAL MAGNETS,1,0,0,0,0,0,0,0,ATC Comparabl,,,,,,sanmar-magnets-712449351-atc-comparabl-1kkomx,e29b1302-5e90-4801-ab5f-932ab1755513
no_photos,Marketing,MINTS,Mint Candy,1,0,0,0,0,0,0,0,Mint,,,,,,sanmar-mints-1168164841-mint-ctzggn,826371a9-cb0e-4ea4-80c0-05c50ba6697c
every_colour_has_front,Marketing,SHIPCINCH,Ship Cinch Bag,1,1,0,0,1,1,0,0,,shipcinch_atc_bunnies-2_2025.jpg,,,shipcinch_front_crop_2025.jpg,,sanmar-shipcinch-348922618-atc-gka5y2,3f2df0e4-c104-405f-afba-1ceffff28fab
no_photos,Marketing,TEECF,CF Wearable Tee,2,0,0,0,0,0,0,0,English Logo; French Logo,,,,,,sanmar-teecf-708368043-english-logo-uxv4d0,bc0ad726-e351-46f6-a4a1-17adccc0b372
no_photos,New Era,NE0920,Custom Cap,2,0,0,0,0,0,0,0,~Lode King; ~Mend The Gap,,,,,,sanmar-ne0920-1444172861-lode-king-1pyf41,e2fa5da6-64bc-4f41-bf30-9bd9377a8393
most_colours_have_front,New Era,NE1000,Structured Stretch Cotton Cap,8,6,6,0,12,6,0,0,Flag Dp Navy; Flag Drk Grn,ne1000_form-front_flag-black_2025_cil.jpg,ne1000_form-inside_flag-black_2025_cil.jpg,,ne1000_form-angle_black_2023_cil.jpg,,sanmar-ne1000-1525932598-flag-black-ok6f11,dcebf4a0-b8f1-4f0b-a73d-64c2ac772d6f
no_photos,New Era,NE1020,Stretch Mesh Cap,9,0,0,0,0,0,0,0,Flag Blk/Blk; Flag Blk/Wht; Flag Chr/Chr; Flag DpNy/DN; Flag DpNy/Wh; Flag Grt/Grn; Flag Gry/Blk; Flag Roy/Roy; Flag Wht/Wht,,,,ne1020_scarletwhite_modl_c2016.jpg,,sanmar-ne1020-555104780-flag-blk-blk-hy3bcu,e2a35185-6575-464f-8aa6-2738113e03d9
partial_colour_photos,New Era,NE1121,Diamond Era Stretch Cap,3,2,2,0,4,2,0,0,Flag Dp Navy,ne1121_form-front_flag-black_2026_cil.jpg,ne1121_form-inside_flag-black_2026_cil.jpg,,ne1121_form-front_flag-black_2026_cil.jpg,,sanmar-ne1121-1498512197-flag-black-6eamqk,da9892c5-a6b1-4c85-bf0a-32693cf044d6
most_colours_have_front,New Era,NE200,Adjustable Structured Cap,6,5,5,0,10,5,0,0,Flag Dp Navy,ne200_form-front_flag-black_2025_cil.jpg,ne200_form-inside_flag-black_2025_cil.jpg,,ne200_form-front_flag-black_2025_cil.jpg,,sanmar-ne200-2101110467-flag-black-5ts1cr,bc96ae57-80b8-4621-9440-6c3e809dfecd
no_photos,New Era,NE205,Snapback Trucker Cap,6,0,0,0,0,0,0,0,Flag Blk/Blk; Flag Blk/Wht; Flag Camo/Blk; Flag DNvy/Wht; Flag Grap/Blk; Flag Roy/Wht,,,,ne205_form-front_flag-black_black_2025_cil.jpg,,sanmar-ne205-1037855753-flag-blk-wht-jd5fkr,ae524184-3066-43a0-8259-4c436b345687
every_colour_has_front,New Era,NE208,Recycled Snapback Cap,2,2,2,0,4,2,0,0,,ne208_form-front_flag-black_2026_cil.jpg,ne208_form-inside_flag-black_2026_cil.jpg,,ne208_form-front_black_2023_cil.jpg,,sanmar-ne208-851399392-flag-black-qqiycj,370c9e8f-e036-4525-9d5f-ac399035a288
most_colours_have_front,New Era,NE400,Flat Bill Snapback Cap,8,6,6,0,12,6,0,0,Flag Drk Navy; Flag Srt Red,ne400_form-front_flag-black_2025_cil.jpg,ne400_form-inside_flag-black_2025_cil.jpg,,ne400_form-angle_camo_2023_cil.jpg,,sanmar-ne400-1105372861-flag-black-k95qwy,58b6d121-f424-4334-8bdb-62fb9f4ce799
partial_colour_photos,New Era,NE406,Perforated Performance Cap,3,2,2,0,4,2,0,0,Flag Dp Navy,ne406_form-front_flag-black_2025_cil.jpg,ne406_form-inside_flag-black_2025_cil.jpg,,ne406_form-front_flag-black_2025_cil.jpg,,sanmar-ne406-369076679-flag-black-s8cbpz,4b1f1ddc-83a2-444d-af01-ef46f7064b4b
no_photos,New Era,NE8004C,FlatBill Snapback Colorblk Cap,5,0,0,0,0,0,0,0,Black/Gold; Black/Graphit; Black/Lime; Black/Red; Black/Royal,,,,,,sanmar-ne8004c-162544809-black-gold-c1g9zs,5b960aa0-b334-498d-9c4e-6dbc6408b735
most_colours_have_front,New Era,NE900,Fleece Lined Skull Beanie,4,3,0,0,3,3,0,3,Deep Navy,ne900_flat_black_2025_cil.jpg,,,ne900_flat_black_2025_cil.jpg,,sanmar-ne900-1580861417-black-67p40j,1f6a5d35-04f3-4f89-9deb-52e6d86d9e13
most_colours_have_front,New Era,NE901,Pom Pom Toque,5,4,0,0,4,4,0,4,Deep Navy,ne_901_flat_black.jpg,,,ne_901_flat_black.jpg,,sanmar-ne901-288872695-black-dvs1jn,479a6fc4-5858-49b6-bd55-2fcdd68fed85
every_colour_has_front,New Era,NE907,Recycled Cuff Beanie,1,1,0,0,1,1,0,1,,ne907_flat_black_2023_cil.jpg,,,ne907_flat_black_2023_cil.jpg,,sanmar-ne907-648445377-black-oq6ew0,ffdbfa04-d9f6-4521-810f-c5806a070abe
every_colour_has_front,Nike,203690,Tech Basic Dri-FIT Polo,5,5,0,0,5,5,1,3,,203690_flat-front_black_2021.jpg,,,203690_modl_white_studio-front_pdp_2026_exp-2027aug16_cil.jpg,,sanmar-203690-1075754540-black-5jobrh,e9d87cd0-7baa-4569-844e-a94c11c13d97
every_colour_has_front,Nike,203697,Tech Basic Dri-FIT Ladies Polo,5,5,0,0,5,5,0,5,,203697_flat_black_front_2024_cil.jpg,,,203697_modl_vwhite_studio-front_pdp_2026_exp-2031feb13_cil.jpg,,sanmar-203697-804012917-black-5ivx83,f95c4477-e69d-48b8-95bb-95838a6ed36c
most_colours_have_front,Nike,637165,Dri-FIT Vertical Mesh Lds Polo,8,7,0,0,7,7,1,6,UniversityRed,637165_flat_anthracite_front_2024_cil.jpg,,,637165_modl_cool-grey_studio-front_pdp_2026_exp-2027aug16_cil.jpg,,sanmar-637165-685225993-anthracite-hixwvq,4217eda2-1613-4b2b-be4b-4f2c5e6074ce
most_colours_have_front,Nike,637167,Dri-FIT Vertical Mesh Polo,8,7,0,0,7,7,1,6,UniversityRed,637167_flat_anthracite_front_2024_cil.jpg,,,637167_modl_cool-grey_studio-front_pdp_2026_exp-2031feb13_cil.jpg,,sanmar-637167-1292199934-anthracite-p08rll,013ab13b-5a47-4cdc-9c93-88a7895922aa
most_colours_have_front,Nike,DR1499,Club Fleece P/O Corporate Hood,8,6,0,0,6,6,1,0,Dk Grey Hthr; UniversityRed,dr1499_flat-front_anthracite_2022_cil.jpg,,,dr1499_modl_gorge-green_studio-front_pdp_2026_exp-2028nov10_cil.jpg,,sanmar-dr1499-2019988520-anthracite-x3cb7g,bcd67890-b1c0-4840-994f-db4a58b452b4
most_colours_have_front,Nike,DR1513,Club Fleece FZ Corporate Hoody,5,4,0,0,4,4,1,0,Dk Gry Hthr,dr1513_flat-front_black_2022_cil.jpg,,,dr1513_modl_charcoal-heather_studio-front_pdp_2026_exp-2028nov10_cil.jpg,,sanmar-dr1513-1866533941-black-cstjlz,2bddaf66-1bac-4c15-8710-cef065674c4f
every_colour_has_front,Nike,NKBQ5230,Dri-FIT Cotton/Poly Long Sleev,4,4,0,0,4,4,1,0,,nkbq5230_form-angle_anthracite_2024_cil.jpg,,,nkbq5230_modl_black_studio-front_pdp_2026_exp-2031feb13_cil.jpg,,sanmar-nkbq5230-1594716113-anthracite-80xfgy,14b93cc5-bbd7-45d8-a731-db73ecaf31c2
most_colours_have_front,Nike,NKBQ5231,Dri-FIT Cotton/Poly Tee,7,5,0,0,5,5,0,0,BrilliantOran; UniversityRed,nkbq5231_form-angle_anthracite_2024_cil.jpg,,,nkbq5231_modl_brilliant-orange_studio-front_pdp_2026_exp-2031feb13_cil.jpg,,sanmar-nkbq5231-1537700256-anthracite-xribu8,5c5cf887-bc6f-44b8-9f72-b6bc6e07e652
most_colours_have_front,Nike,NKBQ5234,Dri-FIT Cotton/Poly Lds Tee,5,4,0,0,4,4,1,0,UniversityRed,nkbq5234_modl_anthracite_studio-front_pdp_2026_exp-2031feb13_cil.jpg,,,nkbq5234_modl_anthracite_studio-front_pdp_2026_exp-2031feb13_cil.jpg,,sanmar-nkbq5234-1032015761-anthracite-l61l8y,788aba67-69f7-4b95-b5ec-c33375b1d77a
every_colour_has_front,Nike,NKBV6044,Dry 1/2 Zip Cover Up,1,1,0,0,1,1,1,0,,nkbv6044_modl_black_studio-front_pdp_2026_exp-2031feb13_cil.jpg,,,nkbv6044_modl_black_studio-front_pdp_2026_exp-2031feb13_cil.jpg,,sanmar-nkbv6044-588881726-black-s9yia9,8a81fb3c-d84e-4903-9169-1297442c4acc
most_colours_have_front,Nike,NKDC1963,Micro Pique 2.0 Polo,9,8,0,0,8,8,1,0,UniversityRed,nkdc1963_flat-front_anthracite_2023_cil.jpg,,,nkdc1963_modl_valor-blue_studio-front_pdp_2026_exp-2028jan02_cil.jpg,,sanmar-nkdc1963-110471337-anthracite-hypsyt,83900cfc-2357-47f5-85da-e514ae824b3a
most_colours_have_front,Nike,NKDC1991,Ladies Micro Pique 2.0,9,8,0,0,8,8,1,0,UniversityRed,nkdc1991_flat-front_anthracite_2023_cil.jpg,,,nkdc1991_modl_valor-blue_studio-front_pdp_2026_exp-2028jan02_cil.jpg,,sanmar-nkdc1991-526478219-anthracite-g5uo2k,2c03f995-7a21-4222-b89e-be93849dc993
most_colours_have_front,Nike,NKDX6718,Club Fleece 1/2 Zip Pullover,5,4,0,0,4,4,0,0,Dk Grey Hthr,nkdx6718_flat-front_anthracite_2025_cil.jpg,,,nkdx6718_flat-front_anthracite_2025_cil.jpg,,sanmar-nkdx6718-167119584-anthracite-3yu3ld,6bbdc645-5068-44d0-98f7-52cd997b89bb
every_colour_has_front,Nike,NKFB5677,Heritage Cotton Twill Cap,3,3,3,0,6,3,0,0,,nkfb5677_form-front_anthracite_2022_cil.jpg,nkfb5677_form-inside_anthracite_2022_cil.jpg,,nkfb5677_form-front_anthracite_2022_cil.jpg,,sanmar-nkfb5677-2041400395-anthracite-l8rbdd,94b230b3-0b64-4584-9af6-86c42ac2e3dd
every_colour_has_front,Nike,NKFB6445,DriFIT Perf Performace Cap,3,3,0,0,3,3,0,0,,nkfb6445_form-angle_anthracite_2023.jpg,,,nkfb6445_form-angle_anthracite_2023.jpg,,sanmar-nkfb6445-519839354-anthracite-bd22z4,0674c5b2-d8b8-43e3-a02e-ea2e831000b9
every_colour_has_front,Nike,NKFB6447,DriFIT Legacy Cap,3,3,0,0,3,3,0,0,,nkfb6447_form-angle_black_black_2021.jpg,,,nkfb6447_form-angle_black_black_2021.jpg,,sanmar-nkfb6447-396076254-black-black-8xkuip,b26b1162-1b79-4ae9-ac1f-415deceabb67
every_colour_has_front,Nike,NKFB6539,Team Cuffed Beanie,3,3,3,0,6,3,0,0,,nkfb6539_flat-front_anthracite_2022_cil.jpg,nkfb6539_flat-side_anthracite_2025_cil.jpg,,nkfb6539_flat-front_anthracite_2022_cil.jpg,,sanmar-nkfb6539-1975022284-anthracite-qhv7ec,37abce3d-d3af-4528-9b4a-9ed47e424a21
one_colour_photographed,Nike,NKFD9742,Therma-FIT 1/4 Zip Fleece Hood,2,1,0,1,2,1,1,1,Dk Grey Hthr,nkfd9742_modl_black_studio-front_pdp_2026_exp-2027dec13_cil.jpg,,nkfd9742_flat_black_back_2024_cil.jpg,nkfd9742_modl_black_studio-front_pdp_2026_exp-2027dec13_cil.jpg,,sanmar-nkfd9742-1734081401-black-w2nrh4,b5b0ee28-055b-4c71-8dd3-4bebc0072b8e
most_colours_have_front,Nike,NKFD9863,Club Fleece Sleeve Swoosh Crew,5,4,0,4,8,4,0,8,Dk Grey Hthr,nkfd9863_flat_anthracite_front_2025_cil.jpg,,nkfd9863_flat_anthracite_back_2025_cil.jpg,nkfd9863_modl_dark-grey-heather_studio-front_pdp_2026_exp-2026dec19_cil.jpg,,sanmar-nkfd9863-1500765351-anthracite-5j9qd,0379470a-f839-4378-aac3-7ec00d13ab3e
partial_colour_photos,Nike,NKFD9889,Club Fleece Lds Pullover Hood,3,2,0,0,2,2,1,0,Dk Grey Hthr,nkfd9889_flat-front_black_2025_cil.jpg,,,nkfd9889_modl_midnight-navy_studio-front_pdp_2026_exp-2026dec19_cil.jpg,,sanmar-nkfd9889-1367963694-black-2s1djt,fcaf7062-01f5-4205-988e-a566427a72f8
partial_colour_photos,Nike,NKFD9890,Club Fleece Lds Full Zip Hood,3,2,0,0,2,2,1,0,Dk Grey Hthr,nkfd9890_modl_black_studio-front_pdp_2026_exp-2026dec19_cil.jpg,,,nkfd9890_modl_black_studio-front_pdp_2026_exp-2026dec19_cil.jpg,,sanmar-nkfd9890-1108270819-black-u56a7o,22fe3be4-c8c6-4741-82dc-fe1db8ec8958
every_colour_has_front,Nike,NKFQ4792,Dri-FIT Striated Polo,2,2,0,0,2,2,1,0,,nkfq4792_modl_cool-grey_studio-front_pdp_2026_exp-2027dec13_cil.jpg,,,nkfq4792_modl_cool-grey_studio-front_pdp_2026_exp-2027dec13_cil.jpg,,sanmar-nkfq4792-1613736540-cool-grey-xpo4uz,8e32f6c8-0710-4810-aeea-0c2382f811d2
no_photos,Nike,NKFQ4793,Dri-FIT Smooth Hthr Lds Polo,3,0,0,0,0,0,0,0,AnthraciteHtr; Game RoyalHtr; Navy Hthr,,,,nkfq4793_modl_navy-heather_studio-front_pdp_2026_exp-2027dec13_cil.jpg,,sanmar-nkfq4793-473286629-anthracitehtr-qjjylp,023fd1fb-fa32-44ba-b2ef-64cd71ee20e9
no_photos,Nike,NKFQ4794,Dri-FIT Smooth Heather Polo,3,0,0,0,0,0,0,0,AnthraciteHtr; Game RoyalHtr; Navy Hthr,,,,nkfq4794_modl_navy-heather_studio-front_pdp_2026_exp-2027dec13_cil.jpg,,sanmar-nkfq4794-1090294253-anthracitehtr-n4usav,6c3f9505-d099-481e-b2a5-6b03ece0c3b9
no_photos,Nike,NKFV5507,MicroPique 2.0 Recycled Polo,8,0,0,0,0,0,0,0,Anthracite; Black; Cool Grey; Game Royal; Navy; Team Red; Valor Blue; White,,,,,,sanmar-nkfv5507-1349860690-cool-grey-1tehql,c2842a62-8e55-4b4d-b75f-76ed95b874dc
no_photos,Nike,NKFV5510,MicroPique 2.0 Recycle Lds Pol,8,0,0,0,0,0,0,0,Anthracite; Black; Cool Grey; Game Royal; Navy; Team Red; Valor Blue; White,,,,,,sanmar-nkfv5510-126219244-anthracite-3h8x9v,92e05cd2-df69-4f46-8fa6-bc109264503d
no_photos,Nike,NKIB4392,Brasilia 2.0 Medium Duffel,5,0,0,0,0,0,0,0,Black; Game Royal; Midnight Navy; Smoke Grey; UniversityRed,,,,,,sanmar-nkib4392-1837873129-black-yh4muv,ca171f60-9052-47d5-9af4-78c8461ea30a
no_photos,Nike,NKIO8061,MicroPique 2.0 L/S Polo,3,0,0,0,0,0,0,0,Anthracite; Black; Navy,,,,,,sanmar-nkio8061-1629456988-anthracite-qnbun1,e87856ce-e107-493c-b159-546008548f93
every_colour_has_front,OGIO Apparel,LOG101,Jewel Lds' Polo,6,6,0,6,12,6,0,6,,log101_blacktop_form-angle_2012_1.jpg,,log101_blacktop_flat_back_nov2012.jpg,log101_modl_gridiron-green_studio-front_crop_2026_exp-2028jan02_cil.jpg,,sanmar-log101-251057857-blacktop-aujxc5,a320e8ea-c69a-43fd-91df-3c3719785383
every_colour_has_front,OGIO Apparel,OG101,Caliber 2.0 Polo,6,6,0,6,12,6,1,6,,og101_form_angle_blacktop.jpg,,og101_blacktop_flat_back_nov2012.jpg,og101_modl_navy_studio-front_crop_2026_exp-2027aug16_cil.jpg,,sanmar-og101-622391801-blacktop-ao9055,144579a5-3191-463c-9329-b1ae1e2fd681
every_colour_has_front,OGIO Apparel,OG138,Limit Polo,6,6,0,0,6,6,1,0,,og138_flat-front_blacktop_2026_cil.jpg,,,og138_modl_signal-red_studio-front_pdp_2026_exp-2027aug16_cil.jpg,,sanmar-og138-1662753626-blacktop-6f52f9,90e693fd-667b-4d9b-b8ba-dcfe16513832
every_colour_has_front,OGIO Apparel,OG143,Slate Polo,3,3,0,0,3,3,1,0,,og143_flat-front_blacktop_2026_cil.jpg,,,og143_modl_navy_studio-front_pdp_2026_exp-2027aug16_cil.jpg,,sanmar-og143-792727833-blacktop-s2kc21,6963c278-eb7b-473e-b7df-7242d5173bfd
every_colour_has_front,OGIO Bags,108087,Big Dome Duffel,2,2,0,0,2,2,0,0,,108087_black.jpg,,,108087_black.jpg,,sanmar-108087-373829632-black-r01w3m,fa804fb4-0397-490d-ae33-bc281f817716
every_colour_has_front,OGIO Bags,108089,Rage Duffel,1,1,0,0,1,1,0,0,,108089_black_2013.jpg,,,108089_black_2013.jpg,,sanmar-108089-167769280-black-7szklx,c4c446a6-dd91-4cc1-810d-80f74a4982e2
no_photos,OGIO Bags,411042,Rogue Backpack,2,0,0,0,0,0,0,0,Black; Grey,,,,,,sanmar-411042-410325113-black-f7zztq,28f43625-8bf5-46ae-b3aa-82dec82383c8
every_colour_has_front,OGIO Bags,411063,Colton Backpack,1,1,0,0,1,1,0,0,,411063_black_silver_2012.jpg,,,411063_dieselgrey_electric_blue_2012_1.jpg,,sanmar-411063-426908797-black-silver-194azy,afb556bc-89af-40b3-8d58-805c429f1013
every_colour_has_front,OGIO Bags,411065,Mercur Backpack,1,1,0,0,1,1,0,0,,411065_black_2018.jpg,,,411065_black_2018.jpg,,sanmar-411065-1098512001-black-onhaxb,7e963ec7-4c50-4c6d-8d54-755fd7615345
every_colour_has_front,OGIO Bags,411069,Excelsior Backpack,1,1,0,0,1,1,0,0,,411069_blacksilver_ogio14.jpg,,,411069_blizzardpink_front.jpg,,sanmar-411069-824178819-black-silver-yueqiz,39aa2449-e1ae-49b6-9226-efa93cdeaf51
every_colour_has_front,OGIO Bags,411087,"Bolt 17"" Laptop Backpack",1,1,0,1,2,1,0,0,,411087_black_front.jpg,,411087_black_back.jpg,411087_black_front.jpg,,sanmar-411087-763005282-black-nakdm4,d03abb72-5bb0-4a2a-bb5d-acb47df50e96
every_colour_has_front,OGIO Bags,411092,Logan Pack,1,1,0,1,2,1,0,0,,411092_black_full_front.jpg,,411092_black_back.jpg,411092_black_full_front.jpg,,sanmar-411092-1092932166-black-8l4hvs,74d505e4-faa5-4270-916b-79ee1cddcc8a
no_photos,OGIO Bags,417054,Pursuit Backpack,1,0,0,0,0,0,0,0,Black,,,,,,sanmar-417054-1124056787-black-3apptu,e0665976-878e-4734-9b9f-cc2741428e33
every_colour_has_front,OGIO Bags,711105,Metro Backpack,1,1,0,0,1,1,0,0,,711105_black-2.jpg,,,711105_black-2.jpg,,sanmar-711105-358562072-black-4gycdr,c072d0b4-7b94-4b44-89a9-a1a183366be3
no_photos,OGIO Bags,91001,Hatch Backpack,2,0,0,0,0,0,0,0,Blk/HthrGrey; LaserRed/Hthr,,,,,,sanmar-91001-1021622437-blk-hthrgrey-brfv6a,cba5a0c8-a250-406a-b4a3-14272c1ce4a0
every_colour_has_front,OGIO Bags,95001,Catalyst Duffel,1,1,0,1,2,1,0,2,,95001_black_flat_front.jpg,,95001_black_flat_back.jpg,95001_black_flat_front.jpg,,sanmar-95001-1853575793-black-fjucrh,c925f221-4567-407f-b070-2e75e07c6170
every_colour_has_front,OGIO Bags,98000,Revolve Spinner,1,1,0,0,1,1,0,0,,98000_angle-front_black_2023_cil.jpg,,,98000_angle-front_black_2023_cil.jpg,,sanmar-98000-1714809303-black-75e876,c1c956f0-402c-4b16-8520-1ce82bd4bd08
no_photos,OGIO Endurance,LOE321,OGIO. ENDURANCE LADIES LS,1,0,0,0,0,0,0,0,ELECTRIC BLUE,,,,,,sanmar-loe321-1163436473-electric-blue-u6fria,6d1ba9ab-d2ef-48ba-95c4-5c851e207973
no_photos,OGIO Endurance,OE321,OGIO. ENDURANCE LONG SLEEVE,1,0,0,0,0,0,0,0,ELECTRIC BLUE,,,,,,sanmar-oe321-1610942712-electric-blue-pu7wih,78c143d5-7015-42df-9f4a-9b17b185d6ae
every_colour_has_front,OGIO Endurance,OE700,Endurance Fulcrum F/Z,1,1,0,0,1,1,1,0,,oe700_modl_blacktop_studio-front_crop_2026_exp-2027aug16_cil.jpg,,,oe700_modl_blacktop_studio-front_crop_2026_exp-2027aug16_cil.jpg,,sanmar-oe700-553342209-blacktop-s3e7wf,d4e0ef37-fe1f-400d-b0c0-f6c6349ae853
every_colour_has_front,Penguin,OGKBA001,Oxford Polo,2,2,0,0,2,2,1,0,,ogkba001_form-front_caviar-black_2026_cil.jpg,,,ogkba001_modl_caviar-grey_studio-front_crop_2026_exp-2027dec24_cil.jpg,,sanmar-ogkba001-471166701-caviar-black-kqrlb7,9e9160c1-4f00-4ced-a250-4574be4d2e82
every_colour_has_front,Penguin,OGKSA049,Clubhouse Mock Pullover,1,1,0,1,2,1,1,0,,ogksa049_modl_caviar-black_studio-front_crop_2026_exp-2027dec24_cil.jpg,,ogksa049_form_back_caviarblack_032020.jpg,ogksa049_modl_caviar-black_studio-front_crop_2026_exp-2027dec24_cil.jpg,,sanmar-ogksa049-12326087-caviar-black-bd3j7b,1cbce5c9-1dbd-4c75-977b-e46a08e65884
no_photos,Penguin,OGKSC0F0,All Over Pete Printed Polo,3,0,0,0,0,0,0,0,BK Iris Blue; Bright White; Caviar Black,,,,,,sanmar-ogksc0f0-847151308-bk-iris-blue-rpzctn,c2fbacd4-307f-4fc9-9d99-b0168f37c0f1
partial_colour_photos,Penguin,OGKSE002,Technical Earl Polo,3,2,0,0,2,2,1,0,Bk Iris Blue,ogkse002_modl_bright-white_studio-front_crop_2026_exp-2027dec24_cil.jpg,,,ogkse002_modl_bright-white_studio-front_crop_2026_exp-2027dec24_cil.jpg,,sanmar-ogkse002-718341867-bright-white-uz61jz,122e8ee1-ddc3-44a3-b891-853dc45900ed
every_colour_has_front,Penguin,OGKSE048,Veronica Ladies Polo,2,2,0,0,2,2,0,0,,ogkse048_form-front_bright-white_v2_2024_cil.jpg,,,ogkse048_modl_black-iris-blue_studio-front_crop_2026_exp-2028oct09_cil.jpg,,sanmar-ogkse048-621159782-bright-white-do3c23,e3ed9768-0773-4480-b3d1-760b430a47aa
no_photos,Penguin,OGM0F3,Solid Polo,4,0,0,0,0,0,0,0,BlackIrisBlue; Bright White; Caviar Black; Quiet Shade,,,,,,sanmar-ogm0f3-1208113135-blackirisblue-4ck3v6,ed15778c-d1e8-4203-a6b0-65aa00c0c9e7
most_colours_have_front,Penguin,OGM0F4,Solid Polo,6,5,0,0,5,5,1,0,Bk Iris Blue,ogm0f4_form-front_bright-white_2024_cil.jpg,,,ogm0f4_modl_salsa-red_studio-front_crop_2026_exp-2027dec24_cil.jpg,,sanmar-ogm0f4-1482513506-bright-white-gu11go,0c2e5927-379d-48cd-a363-eb3cafea0922
single_shared_photo,Penguin,OGM100,Lightweight Earl 1/4 Zip,2,1,0,0,1,1,1,0,BlackIrisBlue,ogm100_modl_caviar-black_studio-front_crop_2026_exp-2027dec24_cil.jpg,,,ogm100_modl_caviar-black_studio-front_crop_2026_exp-2027dec24_cil.jpg,,sanmar-ogm100-1199342542-caviar-black-57s08l,45248069-7d00-48f1-8bff-a30a9a272997
single_shared_photo,Penguin,OGM105,Retro Geo Print Polo,2,1,0,0,1,1,0,0,BlackIrisBlue,ogm105_form-front_bright-white_2025_cil.jpg,,,ogm105_modl_black-iris-blue_studio-front_crop_2026_exp-2027dec24_cil.jpg,,sanmar-ogm105-1590311738-bright-white-4x16zv,9a3c2573-6516-4e83-ae73-50e7e89236d7
no_photos,Penguin,OGMOF3,Solid Polo,4,0,0,0,0,0,0,0,BlackIrisBlue; Bright White; Caviar Black; Quiet Shade,,,,,,sanmar-ogmof3-1979206890-blackirisblue-hkdroy,3b4dc31a-e2fb-4aa7-a963-66918be53c18
most_colours_have_front,Penguin,OGW0B9,Solid Ladies Polo,6,5,0,0,5,5,1,0,Bk Iris Blue,ogw0b9_form-front_bright-white_2024_cil.jpg,,,ogw0b9_modl_magnetic-blue_studio-front_crop_2026_exp-2027dec24_cil.jpg,,sanmar-ogw0b9-181263258-bright-white-ptaupf,5a4b33ea-a947-4857-aafe-bd9fcb20fedf
every_colour_has_front,Red Kap,045X,F SS Chef Coat with Mimix &amp; OB,1,1,0,0,1,1,0,0,,045x_form-front_black_2021.jpg,,,045x_form-front_black_2021.jpg,,sanmar-045x-1016097022-black-jo0lsw,b2ddf6ee-d108-42e7-9858-8a96b24ec020
every_colour_has_front,Red Kap,046X,SS ChefCoat w/ Mimix &amp; OILBLOK,2,2,0,0,2,2,0,0,,046x_form-front_black_2021.jpg,,,046x_form-front_black_2021.jpg,,sanmar-046x-642836986-black-xq8qqr,ea13ca39-4e5c-466d-bc1b-6f46f17ee3f9
no_photos,Red Kap,CT16,WHITE COVERALL-NO BREAST POCKE,1,0,0,0,0,0,0,0,White,,,,,,sanmar-ct16-233100398-white-e0st6u,bb40c71d-2e55-4740-9a93-e03894cac4bd
no_photos,Red Kap,FP72,W DOW PREM TWL CRGO PANT RELAX,1,0,0,0,0,0,0,0,DARK NAVY 28,,,,,,sanmar-fp72-104688258-dark-navy-28-med53h,ac7199dc-d7b1-4336-b7a9-5dc9d83bda8d
no_photos,Red Kap,KK26,UNISEX WHITE COUNTER JACKET/ES,1,0,0,0,0,0,0,0,WHITE,,,,,,sanmar-kk26-406895315-white-l4gpql,0a28afcb-3488-430e-9980-ceb9f430b78d
every_colour_has_front,Red Kap,LC53,DUCK CHORE COAT,1,1,0,0,1,1,0,0,,lc53_form-front_brown-duck_2023_cil.jpg,,,lc53_form-front_brown-duck_2023_cil.jpg,,sanmar-lc53-2006503454-brown-uepbsw,e7823d02-f7d6-4397-99be-2dd995417c47
no_photos,Red Kap,PC80,M PAINTER DUNGAREE,1,0,0,0,0,0,0,0,WHITE 34,,,,,,sanmar-pc80-14793439-white-34-thbwoa,da505b7a-4f61-42f4-a477-3783ba107f57
no_photos,Red Kap,PT20,DURA KAP PANT,9,0,0,0,0,0,0,0,"Black 30""; Black 32""; Black 34""; Charcoal 30""; Charcoal 32""; Charcoal 34""; Navy 30""; Navy 32""; Navy 34""",,,,pt20_navy_modl_studio-1.jpg,,sanmar-pt20-972480806-black-30-o3m8yz,91c95ccb-6c26-4038-94ed-208525dda5ff
no_photos,Red Kap,PT2C,MENS WORKPANT W/ CELLPHONE PKT,1,0,0,0,0,0,0,0,Khaki 37U,,,,,,sanmar-pt2c-1382335786-khaki-37u-efqmvo,a0bf21a8-8f43-485a-926c-9480805574f7
no_photos,Red Kap,PT2L,MENS LIGHT WEIGHT CREW PANT,1,0,0,0,0,0,0,0,KHAKI 29,,,,pt2l_black_modl_outdoors.jpg,,sanmar-pt2l-65617562-khaki-29-r75drl,2c304087-3f14-427c-b50c-779805259d3c
no_photos,Red Kap,PT38,"MEN'S PLEATED TWILL SLACK 34""",2,0,0,0,0,0,0,0,NAVY INS 33'; NAVY INS 35',,,,,,sanmar-pt38-803809370-navy-ins-33-p2nr3y,3ee7ac6f-c83f-4e1b-877b-d81d2066bef0
no_photos,Red Kap,PT50NV,MENS RED E PREST NAVY JEAN CUT,1,0,0,0,0,0,0,0,NAVY 40/32',,,,,,sanmar-pt50nv-1486998033-navy-40-32-3ddewt,7e4e0a19-4d38-45ee-bae2-b35882ead95c
no_photos,Red Kap,PT61BK,REDKAP WOMEN'S WORK PANT,4,0,0,0,0,0,0,0,BLACK 20/29; ~BLACK 29; ~BLACK 34U; BLACK INS 30,,,,,,sanmar-pt61bk-1275156517-black-29-qgzjsy,4cf83a47-4aaa-482f-a084-73f5c5b190fd
no_photos,Red Kap,PT62,MENS TWILL 65/35 WORK PANT - B,1,0,0,0,0,0,0,0,BLACK INS 34,,,,,,sanmar-pt62-1798841532-black-ins-34-k39pjx,899b5952-73d8-4f08-8845-9a998d6f6cac
every_colour_has_front,Red Kap,PT66,Red Kap Cargo Shorts,2,2,0,0,2,2,0,0,,pt66_form-front_black_2020.jpg,,,pt66_form-front_black_2020.jpg,,sanmar-pt66-1566459138-black-yzfqzj,cf7e6c94-aedd-44eb-b35e-11205e5a32da
no_photos,Red Kap,PT88,REDKAP INDUSTRIAL CARGO PANT,6,0,0,0,0,0,0,0,Black 30'; Black 32'; Black 34'; Navy 30'; Navy 32'; Navy 34',,,,pt88_navy_modl.jpg,,sanmar-pt88-9991702-black-30-mbqe0j,0f3e928e-b7c7-4e13-b793-e814ac1085ae
no_photos,Red Kap,PT88BK,MEN'S CARGO PANT WITH SNAPS,1,0,0,0,0,0,0,0,Black 30/34',,,,,,sanmar-pt88bk-1991759730-black-30-34-gqep6u,03ce500c-4cc1-4051-aef7-26b0e1dc4a50
no_photos,Red Kap,PT89,WMNS CARGO POCKET PANT,2,0,0,0,0,0,0,0,KHAKI 2X34U; NAVY 26,,,,pt89_form-front_black_2020.jpg,,sanmar-pt89-300505320-khaki-2x34u-6x9exh,fdd358bb-3857-495b-a56f-611998bdf011
no_photos,Red Kap,PX52,M PRO SHORT W/MIMIX &amp;CARGO PKT,1,0,0,0,0,0,0,0,Navy 12,,,,px52_modl_khaki_delivery-1_crop_2022_cil.jpg,,sanmar-px52-1145922183-navy-12-55ub9c,79a25aaa-5a98-4693-ba9e-9ce4bdf007bb
no_photos,Red Kap,PX60,Utility Pant with Mimix,1,0,0,0,0,0,0,0,CHARCOAL 30,,,,px60_form-front_black_2020.jpg,,sanmar-px60-1947764082-charcoal-30-cukjfm,ceddb92f-5de1-41f6-9e55-c619de0e407e
no_photos,Red Kap,QP14,M IQ LIGHTWEIGHT COMFORT PANT,1,0,0,0,0,0,0,0,NAVY 32,,,,qp14_form-angle_black_2023_cil.jpg,,sanmar-qp14-1044801721-navy-32-wcinuz,e50d7c20-d426-47bd-9aef-07390fc24c6e
every_colour_has_front,Red Kap,QS50,M IQ LS Lightweight Shirt,1,1,0,0,1,1,0,0,,qs50_form-front_dark-grey_2023_cil.jpg,,,qs50_form-front_dark-grey_2023_cil.jpg,,sanmar-qs50-706340274-dark-grey-ol3jk2,96a2bc6d-757c-4a5c-881c-45c0ccdca239
no_photos,Red Kap,SK7L,F LS SOLID PERFORMANCE POLO,1,0,0,0,0,0,0,0,BLACK,,,,,,sanmar-sk7l-634229963-black-qtk5zw,84d6b5f0-7726-4562-b573-d73d89db5d4b
no_photos,Red Kap,SK90,M PERF KNIT FLEX PRO POLO,1,0,0,0,0,0,0,0,Black,,,,,,sanmar-sk90-516814921-black-un87gy,748d01e9-f61a-4c6b-a88c-a95afad9707f
no_photos,Red Kap,SK91,F SS PROFESSIONAL POLO,2,0,0,0,0,0,0,0,BLACK; Grey,,,,,,sanmar-sk91-626640446-black-kovvuf,aaff6ac1-86aa-4e20-844a-3e0802b26b78
every_colour_has_front,Red Kap,SP14,INDUSTRIAL L/SLEEVE WORK SHIRT,6,6,0,6,12,6,0,1,,sp14_form_flat_black.jpg,,sp14_form_back_black.jpg,sp14_charcoal_modl_studio-3.jpg,,sanmar-sp14-300492658-black-veglje,b7815549-2a9a-4938-b2ef-0a5e91e03656
no_photos,Red Kap,SP18,MNS LS MOTORSPORTS SHIRT,1,0,0,0,0,0,0,0,Char/Black,,,,,,sanmar-sp18-128994026-char-black-wi3tj9,e6795690-87ba-4145-a9cc-dbe4a30003a9
no_photos,Red Kap,SP20CW,MEN'S INDUSTRIAL STRIPE S/S,1,0,0,0,0,0,0,0,CHAR/WHITE LN,,,,,,sanmar-sp20cw-1086830098-char-white-ln-atgm7v,78018b60-56c7-4e13-8f76-a0a566be51b0
every_colour_has_front,Red Kap,SP24,INDUSTRIAL S/SLEEVE WORK SHIRT,6,6,0,6,12,6,0,0,,sp24_form_front_black.jpg,,sp24_form_back_black.jpg,sp24_lightblue_pt20_navy_modl_studio-1.jpg,,sanmar-sp24-1571126795-black-f0rtml,9f6c88cd-7430-4528-aad6-eaceee5d0d83
no_photos,Red Kap,SP28,REDKAP S/S MOTORSPORTS SHIRT,1,0,0,0,0,0,0,0,Char/Royal,,,,,,sanmar-sp28-264519674-char-royal-89dw9d,82bec8fc-f9f3-45a1-a29b-5a64366d5a51
no_photos,Red Kap,ST52,MEN LS TWILL 65/35 WORK SHIRT,2,0,0,0,0,0,0,0,Black; Black Tall,,,,,,sanmar-st52-1998369639-black-elfr08,ea771254-a82c-41dc-a40c-f2fc9ff66a3f
every_colour_has_front,Red Kap,STL2,Men's Flex Knit Henley,1,1,0,0,1,1,0,0,,stl2_form-front_khaki_2023_cil.jpg,,,stl2_form-front_khaki_2023_cil.jpg,,sanmar-stl2-1704901466-khaki-nmik6c,acb01da9-e04d-4add-9943-4abe13c3cbdf
every_colour_has_front,Red Kap,SX46,M SS MIMIX AUTO OILBLOK,1,1,0,0,1,1,0,0,,sx46_form-front_navy_2022_cil.jpg,,,sx46_modl_black_auto-repair-3_crop_2022_cil.jpg,,sanmar-sx46-1923892673-navy-rcpl5s,05e3d37d-10e4-46c5-8f2a-792457cd2048
no_photos,Red Kap,SY14,M LS Buick/GMC Tech Shirt,1,0,0,0,0,0,0,0,Char w/Grey,,,,,,sanmar-sy14-76197016-char-w-grey-aqvccg,b292508c-556e-40bb-9eb8-8ce5bd1c2b11
no_photos,Red Kap,SY14YE,LS EN VIS SOLID YELLOW RIPSTOP,1,0,0,0,0,0,0,0,YELLOW,,,,,,sanmar-sy14ye-750862248-yellow-7j2hc9,9450219b-99f6-42b9-974e-10db9752e7a2
partial_colour_photos,Red Kap,SY20,SHORT SLEEVE WOVEN CREW SHIRT,5,3,0,3,6,3,0,0,Black/Charcoa; Charcoal/Ryl,sy20_blackred_modl_studio-1.jpg,,sy20_form_back_blackred.jpg,sy20_blackred_modl_studio-1.jpg,,sanmar-sy20-1652406173-black-red-1oiqj4,dc6c7344-dee4-4572-a612-e050073744f6
no_photos,Red Kap,SY24,M SS Buick/GMC Tech Shirt,1,0,0,0,0,0,0,0,Char w/Grey,,,,,,sanmar-sy24-1387889179-char-w-grey-x6k9yy,961ab0cd-c12e-4787-bc2c-489e128820ae
no_photos,Red Kap,SY31,F LS AUTO OIL REPEL SHIRT,1,0,0,0,0,0,0,0,FIREBALL/CHAR,,,,,,sanmar-sy31-1559590493-fireball-char-jijtcu,9895dbca-ef85-45da-9323-82ec72aa2ac7
no_photos,Red Kap,SY70,M LS TYPE O WORK SHIRT,1,0,0,0,0,0,0,0,Yellow/Char,,,,sy70_modl_navy_fluorescent-yellow_crop_2021_cil.jpg,,sanmar-sy70-1643874603-yellow-char-tpojdx,49d4134b-fbc3-4312-a38b-ec7b02446c32
no_photos,Red Kap,TKM2,COOLING SHORT SLEEVE POCKET TE,2,0,0,0,0,0,0,0,Black; Black TALL,,,,,,sanmar-tkm2-1203884361-black-hx30vl,2fa30dc9-8c1f-45b6-a4b7-4c6248784b51
no_photos,Red Kap,VT22,RED KAP QUILTED VEST POCKET,1,0,0,0,0,0,0,0,Navy,,,,,,sanmar-vt22-1729133362-navy-f4iwwg,3995a8e1-b45d-4a3e-b225-3c6f1757da9c
partial_colour_photos,The North Face,NF0A3KX6,Groundwork Backpack,3,2,0,0,2,2,0,0,TNF Black,nf0a3kx6_form-angle_mid-grey_asphalt-grey_2025_cil.jpg,,,nf0a3kx6_form-angle_black_2025_cil.jpg,,sanmar-nf0a3kx6-1482820566-mid-grey-74ix2x,e48aee3b-1486-47aa-a6dd-b946509dc514
no_photos,The North Face,NF0A3KX7,Fall Line Backpack,1,0,0,0,0,0,0,0,TNF Black,,,,nf0a3kx7_form-front_black_2025_cil.jpg,,sanmar-nf0a3kx7-1301404956-tnf-black-c10bto,ee3d47b0-2190-4376-90aa-75e1984c59ee
no_photos,The North Face,NF0A3LH4,DryVent Rain Jkt,1,0,0,0,0,0,0,0,TNF Black,,,,nf0a3lh4_modl_black_studio-front_crop_2026_exp-2027aug16_cil.jpg,,sanmar-nf0a3lh4-1858249988-tnf-black-j5agpf,5b2f9a01-23c7-45ea-b922-ae821d2e1da8
no_photos,The North Face,NF0A3LH5,DryVent Lds' Rain Jkt,1,0,0,0,0,0,0,0,TNF Black,,,,nf0a3lh5_modl_black_studio-front_crop_2026_exp-2027aug16_cil.jpg,,sanmar-nf0a3lh5-52138863-tnf-black-5a32wd,59c739b4-73c1-4aa0-a609-2e3ef312dbbe
partial_colour_photos,The North Face,NF0A4VUA,Ultimate Trucker Cap,8,2,0,0,2,2,0,0,Asphalt/White; BurntOlive/Gy; Med Grey/Blk; TNF Blue/Blck; Urban Navy/Wh; VintageWh/AGy,nf0a4vua_form-angle_black_black_2025_cil.jpg,,,nf0a4vua_form-angle_asphalt-grey_white_2025_cil.jpg,,sanmar-nf0a4vua-1429723225-black-black-dhi734,5016be9c-f28e-449e-9678-51f70e9d902d
partial_colour_photos,The North Face,NF0A7RGH,Circular Rib Beanie,5,3,0,3,6,3,0,6,Medium GrHthr; TNF Black,nf0a7rgh_flat_asphalt-grey_front_2025_cil.jpg,,nf0a7rgh_flat_asphalt-grey_back_2025_cil.jpg,nf0a7rgh_flat_asphalt-grey_front_2025_cil.jpg,,sanmar-nf0a7rgh-3409867-asphalt-zggmax,3a54df25-64a5-4ee3-90bf-416327c19730
single_shared_photo,The North Face,NF0A7V4F,Down Hybrid Jacket,2,1,0,0,1,1,1,0,TNF Black,nf0a7v4f_modl_taupe-green_studio-front_crop_2026_exp-2027jul09_cil.jpg,,,nf0a7v4f_modl_taupe-green_studio-front_crop_2026_exp-2027jul09_cil.jpg,,sanmar-nf0a7v4f-133441568-taupe-green-qa22o0,988d248e-11bf-4a91-b2d6-49cb30c3014a
single_shared_photo,The North Face,NF0A7V4G,Down Hybrid Ladies Jacket,2,1,0,0,1,1,1,0,TNF Black,nf0a7v4g_modl_vintage-white_studio-front_crop_2026_exp-2027jul09_cil.jpg,,,nf0a7v4g_modl_vintage-white_studio-front_crop_2026_exp-2027jul09_cil.jpg,,sanmar-nf0a7v4g-845019733-vintage-white-njviaw,7961d14f-29bd-4662-9991-6e001231a1d3
no_photos,The North Face,NF0A7V6J,Everyday Insulated Jacket FL,1,0,0,0,0,0,0,0,TNF Black,,,,nf0a7v6j_modl_black_studio-front_crop_2026_exp-2031feb13_cil.jpg,,sanmar-nf0a7v6j-1512629251-tnf-black-f9qdn9,299999f9-02d4-4f67-aa28-b4d7062789a2
no_photos,The North Face,NF0A7V6K,Everyday Insulated Ladies FL,1,0,0,0,0,0,0,0,TNF Black,,,,nf0a7v6k_modl_black_studio-front_crop_2026_exp-2031feb13_cil.jpg,,sanmar-nf0a7v6k-1451022616-tnf-black-tagcvb,fd58dbfa-00a3-430a-abb0-1878755c56e9
no_photos,The North Face,NF0A88D4,Ridgewall Ladies SoftShell Jkt,2,0,0,0,0,0,0,0,TNF Black; TNF DrkGryHtr,,,,nf0a88d4_modl_dark-grey-heather_studio-front_crop_2026_exp-2027jun26_cil.jpg,,sanmar-nf0a88d4-634064053-tnf-black-s8yapc,ec29b5b9-307c-4007-8b73-7c0a0fe2f714
no_photos,The North Face,NF0A88D5,Ridgewall Soft Shell Jacket,2,0,0,0,0,0,0,0,TNF Black; TNF DrkGryHth,,,,nf0a88d5_modl_dark-grey-heather_studio-front_crop_2026_exp-2027jul03_cil.jpg,,sanmar-nf0a88d5-241523676-tnf-black-h5v22e,ed2e503f-cd2b-4c18-adcb-ae93b0affdde
partial_colour_photos,The North Face,NF0A8ENK,Aim Full Zip Fleece Jacket,3,2,0,0,2,2,1,0,TNF Black,nf0a8enk_form-front_shady-blue_2026_cil.jpg,,,nf0a8enk_modl_smoked-pearl-grey_studio-front_2026_exp-2027dec13_cil.jpg,,sanmar-nf0a8enk-1018300425-shady-blue-gadplm,24d36f85-281b-4f39-a5ab-c1703b7e0740
partial_colour_photos,The North Face,NF0A8FQJ,Aim Full Zip Fleece Ladies' Ja,3,2,0,0,2,2,1,0,TNF Black,nf0a8fqj_form-front_smoked-pearl-grey_2026_cil.jpg,,,nf0a8fqj_modl_shady-blue_studio-front_2026_exp-2030dec16_cil.jpg,,sanmar-nf0a8fqj-1678746243-smoked-pearl-ybpjeh,296f44ab-062e-4f99-bedd-d93da599038e
no_photos,Unknown,PROMO PENS,Error Product,1,0,0,0,0,0,0,0,Black,,,,,,sanmar-promo-pens-1464229744-black-h5s3zl,1d5d2cad-2cfe-4922-99e2-c5efba86bd1c
no_photos,Unknown Brand,0403,Unknown Product,1,0,0,0,0,0,0,0,White,,,,,,sanmar-0403-2018263029-white-gteuda,75283478-10ce-48da-add3-6ed6bc5d81d6
every_colour_has_front,Unknown Brand,421001,Unknown Product,1,1,0,0,1,1,0,0,,421001_stealth_modl_c2015.jpg,,,421001_stealth_modl_c2015.jpg,,sanmar-421001-1430261081-stealth-5i4ids,79462e39-85c5-4c25-b43f-6a287f619c4a
most_colours_have_front,Unknown Brand,ATC2000,Unknown Product,8,6,6,0,12,6,0,0,Athletic Hthr; Dark HthrGrey,atc2000_modl_black_l-studio-4-crop_2022_cil.jpg,atc2000_form-side_black_2022_cil.jpg,,atc2000_modl_black_l-studio-4-crop_2022_cil.jpg,,sanmar-atc2000-890974217-black-djzpvq,ba657c69-5e41-46e1-ab41-79a874c9655b
most_colours_have_front,Unknown Brand,ATC2015,Unknown Product,8,6,6,0,12,6,0,0,Athletic Hthr; Dark HthrGrey,atc2015_form-angle_black_2022_cil.jpg,atc2015_form-side_black_2022_cil.jpg,,atc2015_modl_orange_studio-1v2_2023_cil.jpg,,sanmar-atc2015-18506875-black-e7jzyl,1170d11d-96e5-42b1-bf09-2e9f055c1d91
no_photos,Unknown Brand,ATC3704L,Unknown Product,4,0,0,0,0,0,0,0,Black; Coal Grey; True Navy; White,,,,,,sanmar-atc3704l-339529914-black-7hglf7,b800baee-69ce-4b02-9ef0-b5e28ba9fe32
most_colours_have_front,Unknown Brand,ATCF2400,Unknown Product,20,14,0,5,19,14,0,0,Athletic Hthr; Dark HthrGrey; MilitaryGreen; Oatmeal Hthr; Team DarkHthr; Team ForestGr,atcf2400_form_angle_black_112017_v2.jpg,,atcf2400_form_back_black_112017.jpg,atcf2400_modl_military-green_crop-woman-2_2024_cil.jpg,,sanmar-atcf2400-737136566-black-fzaj7b,2e126c7b-c83d-4100-ac49-94e35f24dd93
most_colours_have_front,Unknown Brand,ATCF2500,Unknown Product,32,23,2,14,39,23,0,0,Athletic Hthr; Dark ChcBrown; Dark HthrGrey; Hthr Navy; Hthr Red; Hthr Royal; MilitaryGreen; Oatmeal Hthr; Team DarkHthr,atcf2500_form-angle_ash-grey_2024_cil.jpg,,,atcf2500_modl_oatmeal-heather_studio_crop_2024_cil.jpg,,sanmar-atcf2500-362029007-ash-9pk9tq,e4563fde-458a-4308-adc3-b23393c0d896
every_colour_has_front,Unknown Brand,ATCF6600,Unknown Product,7,7,7,0,14,7,0,0,,atcf6600_form-angle_black_2025_cil.jpg,atcf6600_form-side_black_2025_cil.jpg,,atcf6600_modl_caramel_studio-crop_2024_cil.jpg,,sanmar-atcf6600-147362434-black-hgm531,b0948d65-32a6-4b7f-98f2-23df9c5c8c8f
every_colour_has_front,Unknown Brand,ATCF6700,Unknown Product,7,7,7,0,14,7,0,0,,atcf6700_modl_black_studio-crop_2024_cil.jpg,atcf6700_form-side_black_2025_cil.jpg,,atcf6700_modl_black_studio-crop_2024_cil.jpg,,sanmar-atcf6700-1806717944-black-go0z85,572eac47-3a1d-4545-a6f8-b67841ae4fdd
partial_colour_photos,Unknown Brand,ATCY2400,Unknown Product,16,10,6,0,16,10,0,0,Athletic Hthr; Dk Hthr Grey; MilitaryGreen; Oatmeal hthr; Team Drk Hthr; Team ForestGr,atcy2400_form-angle_black_2025_cil.jpg,atcy2400_form-side_black_2025_cil.jpg,,atcy2400_modl_athletic-heather_crop_2025_cil.jpg,,sanmar-atcy2400-1672621287-black-5p0qt,41dda492-dc80-4a70-8eaa-824c70c5fabd
most_colours_have_front,Unknown Brand,ATCY2500,Unknown Product,26,20,8,13,41,20,0,0,Athletic Hthr; Dark HthrGrey; MilitaryGreen; Oatmeal Hthr; Team DarkHthr; Team ForestGr,atcy2500_form_angle_black_022017.jpg,,atcy2500_form_back_black_022017.jpg,atcy2500_sapphire_modl_studio2_c2018.jpg,,sanmar-atcy2500-713894290-black-snnc2o,7a6e73e8-03d2-412c-bdff-f53e06415712
every_colour_has_front,Unknown Brand,CGM451,Unknown Product,7,7,0,7,14,7,1,0,,cgm451_form_angle_black.jpg,,cgm451_form_back_black.jpg,cgm451_modl_vibrant-green_studio-front_pdp_2026_cil.jpg,,sanmar-cgm451-1943008552-black-ahygjb,54d398af-afc0-41cc-8d22-0496d605093c
every_colour_has_front,Unknown Brand,CGW212,Unknown Product,4,4,0,4,8,4,1,0,,cgw212_form_angle_black.jpg,,cgw212_form_back_black.jpg,cgw212_modl_peacoat-navy_studio-front_pdp_2026_cil.jpg,,sanmar-cgw212-655349852-black-fxzsmp,439013cd-b42f-42c2-a731-31e237f7b5f0
no_photos,Unknown Brand,CHBC1102,Unknown Product,4,0,0,0,0,0,0,0,Black; Iron Grey; Midnight Navy; Olive Green,,,,,,sanmar-chbc1102-1261680760-black-d0yxp6,6f8c6650-25ef-4e06-ad70-898f05e685e1
no_photos,Unknown Brand,CHBC1103,Unknown Product,4,0,0,0,0,0,0,0,Black; Iron Grey; Midnight Navy; Olive Green,,,,,,sanmar-chbc1103-1782640137-black-evn0j8,200fa87a-2697-4ba8-8141-d576b132b797
no_photos,Unknown Brand,CHBC1104,Unknown Product,4,0,0,0,0,0,0,0,Black; Iron Grey; Midnight Navy; Olive Green,,,,,,sanmar-chbc1104-391226376-black-ic8b0q,c436fb89-e08d-4b24-ae96-cd95f3143c9f
single_shared_photo,Unknown Brand,CTB0000564,Unknown Product,2,1,0,0,1,1,0,0,CarharttBrown,ctb0000564_form-front_black_2025_cil.jpg,,,ctb0000564_form-front_black_2025_cil.jpg,,sanmar-ctb0000564-107380380-black-sgkbk,0fa112ab-4a77-47fd-8c40-3e7330c368ce
every_colour_has_front,Unknown Brand,DF7630L,Unknown Product,1,1,1,0,2,1,0,0,,df7630l_modl_black_studio-crop_2024_cil.jpg,df7630l_form-side_black_2024_cil.jpg,,df7630l_modl_black_studio-crop_2024_cil.jpg,,sanmar-df7630l-1626840226-black-xr678s,a64fa4e0-2c90-4f5e-b928-684d764d4a66
no_photos,Unknown Brand,DUMMY,Unknown Product,1,0,0,0,0,0,0,0,Location,,,,,,sanmar-dummy-97046723-location-9r2x04,87e45c6f-fa2c-4503-8b81-44588f2c5db9
most_colours_have_front,Unknown Brand,KOI2250,Unknown Product,12,11,11,0,22,11,0,0,Charcoal Hthr,koi2250_form-angle_balsam-green_2025.jpg,koi2250_form-side_balsam-green_2025.jpg,,koi2250_modl_blue-mist_crop-7_2024_cil.jpg,,sanmar-koi2250-1036191416-balsam-green-1rbi2h,501a8d80-7c85-41b5-a90f-e98685be912d
every_colour_has_front,Unknown Brand,KOI2250L,Unknown Product,6,6,6,0,12,6,0,0,,koi2250l_form-angle_blue-mist_2025.jpg,koi2250l_form-side_blue-mist_2025_cil.jpg,,koi2250l_form-angle_blue-mist_2025.jpg,,sanmar-koi2250l-1245212909-blue-mist-dh9lbj,86ccda71-e76d-42c0-aee5-99a6dfab8b3f
no_photos,Unknown Brand,KOI2250Y,Unknown Product,7,0,0,0,0,0,0,0,Blue Mist; Dusty Rose; Grey Heather; Lapis Blue; Midnight Blue; Onyx; Scarlet Red,,,,,,sanmar-koi2250y-1517238289-blue-mist-bgyy0z,9f3f62e7-b428-43d9-9155-a6ace947907f
every_colour_has_front,Unknown Brand,KOI2275,Unknown Product,4,4,4,0,8,4,0,0,,koi2275_form-angle_grey-heather_2025_cil.jpg,koi2275_form-side_grey-heather_2025_cil_1.jpg,,koi2275_form-angle_grey-heather_2025_cil.jpg,,sanmar-koi2275-826954882-grey-heather-87f0ry,6ba4c851-6bba-49a9-8ffd-c66032c08e9a
most_colours_have_front,Unknown Brand,KOI8070L,Unknown Product,8,7,1,0,8,7,0,0,Charcoal Hthr,koi8070l_modl_grey-heather_studio-1-crop_2024_cil.jpg,koi8070l_form-side_grey-heather_2024_cil.jpg,,koi8070l_modl_grey-heather_studio-1-crop_2024_cil.jpg,,sanmar-koi8070l-2023868267-grey-heather-otjvf1,add451e1-db4d-4a70-a25c-3cab271b6ee0
no_photos,Unknown Brand,L2045,Unknown Product,3,0,0,0,0,0,0,0,Black; Charcoal; Navy,,,,l2045_charcoalheather_modl_studio3_2019.jpg,,sanmar-l2045-293263552-black-mm65f7,e5aff513-f0e3-46cf-b804-5f2ab968131e
every_colour_has_front,Unknown Brand,L3520,Unknown Product,7,7,0,7,14,7,0,6,,l3520_form_angle_atomicblue_122019.jpg,,l3520_form_back_atomicblue_032020.jpg,l3520_purple_modl_studio-1-2019.jpg,,sanmar-l3520-786761089-atomic-blue-8cvdfe,9e6737f0-e84c-45a1-9c33-05e17a21178e
most_colours_have_front,Unknown Brand,L7603,Unknown Product,5,4,0,4,8,4,0,0,PearlGreyHthr,l7603_form_angle_black_2013_1.jpg,,l7603_form_back_black_2013.jpg,l7603_blackheather_modl_studio3.jpg,,sanmar-l7603-718602891-black-hhh9sd,f5f42815-e57d-4cde-bd1d-0d0a5cea5b50
every_colour_has_front,Unknown Brand,L7605,Unknown Product,2,2,0,2,4,2,0,0,,l7605_form_angle_black_cil.jpg,,l7605_form_back_black_032016.jpg,l7605_irongrey_modl_studio-1.jpg,,sanmar-l7605-373033230-black-4mfc65,8946d4c3-75f6-461d-9114-0f7ce61cc37b
every_colour_has_front,Unknown Brand,LOE700,Unknown Product,1,1,0,1,2,1,1,0,,loe700_modl_blacktop_studio-front_crop_2026_exp-2027aug16_cil.jpg,,loe700_form_back_blacktop_092014.jpg,loe700_modl_blacktop_studio-front_crop_2026_exp-2027aug16_cil.jpg,,sanmar-loe700-1554875513-blacktop-nh6x8y,0983d875-8bda-404d-b2d7-3d49d253f73c
every_colour_has_front,Unknown Brand,LOG138,Unknown Product,6,6,0,0,6,6,0,0,,log138_flat-front_blacktop_2026_cil.jpg,,,log138_modl_purple-fuel_studio-front_pdp_2026_exp-2027aug16_cil.jpg,,sanmar-log138-1963337380-blacktop-txprgg,b1a6cd88-bc88-4656-bd13-d140ad73df6b
no_photos,Unknown Brand,NF0A52S6,Unknown Product,1,0,0,0,0,0,0,0,TNF Black,,,,nf0a52s6_form-angle_black_2021.jpg,,sanmar-nf0a52s6-1258061268-tnf-black-4qfr2g,82993b54-95b1-47e9-9252-6de80b90bcb5
every_colour_has_front,Unknown Brand,NKDC2104,Unknown Product,3,3,0,0,3,3,1,0,,nkdc2104_flat-front_anthracite_2022_cil.jpg,,,nkdc2104_modl_navy_studio-front_pdp_2026_exp-2031feb13_cil.jpg,,sanmar-nkdc2104-2137737024-anthracite-uwhifd,71ef74c3-d935-4786-b8d6-9cbde0bc85e4
partial_colour_photos,Unknown Brand,NKDX6720,Unknown Product,3,2,0,0,2,2,0,0,Dk Grey Hthr,nkdx6720_flat-front_black_2025_cil.jpg,,,nkdx6720_flat-front_black_2025_cil.jpg,,sanmar-nkdx6720-608750602-black-ia3k2n,e3872bce-042c-4137-81ec-b9683f0d15ce
every_colour_has_front,Unknown Brand,NKFN4106,Unknown Product,1,1,0,0,1,1,0,0,,nkfn4106_form-front_black_2025.jpg,,,nkfn4106_form-front_black_2025.jpg,,sanmar-nkfn4106-1272152665-black-urcbou,0d2b39a7-156e-4716-8f4e-2137c9851a1b
no_photos,Unknown Brand,NKIB4394,Unknown Product,5,0,0,0,0,0,0,0,Black; Game Royal; Midnight Navy; Smoke Grey; UniversityRed,,,,,,sanmar-nkib4394-1915724227-black-lmtt2q,393bbdb3-f1ed-448f-82d2-bf8a62388f0d
no_photos,Unknown Brand,NKIB4408,Unknown Product,5,0,0,0,0,0,0,0,Black; Game Royal; Midnight Navy; Smoke Grey; UniversityRed,,,,,,sanmar-nkib4408-282386310-black-qdv57w,5d9a152e-4a63-4440-9f01-231e78d5aa60
no_photos,Unknown Brand,PC20,Unknown Product,1,0,0,0,0,0,0,0,"NAVY 32""",,,,,,sanmar-pc20-2020808098-navy-32-g1uakb,da195b6d-78ed-45f2-83fd-681b067b02cb
every_colour_has_front,Unknown Brand,S350LS,Unknown Product,10,10,0,10,20,10,0,0,,s350ls_form_angle_black.jpg,,s350ls_form_back_black.jpg,s350ls_truered_s355_black_modl_studio-3-2019_1.jpg,,sanmar-s350ls-1578543123-black-k7k311,965db5b7-142e-41ff-b0bc-2b9e9a02ab10
every_colour_has_front,Unknown Brand,S3535,Unknown Product,7,7,0,7,14,7,0,0,,s3535_form-angle_black_white_2025_cil.jpg,,s3535_form-back-reverse_black_white_2025_cil.jpg,s3535_true-navy_white_modl_crop_2025_cil.jpg,,sanmar-s3535-1308101262-black-qz8y4w,bc493165-c488-45a4-8094-b1964a262d97
every_colour_has_front,Unknown Brand,S3550,Unknown Product,10,10,10,0,20,10,0,0,,s3550_form-angle_black_white_2025_cil.jpg,s3550_form-side_black_white_2025_cil.jpg,,s3550_coal-grey_whit_modl_crop_2025_cil.jpg,,sanmar-s3550-1460316538-black-x18b36,6f311add-54ad-4bad-816b-7a020cbe4fd8
no_photos,Unknown Brand,SC16,Unknown Product,1,0,0,0,0,0,0,0,NAVY,,,,,,sanmar-sc16-1527839051-navy-tvylu5,c6fa14d9-3007-48bf-bade-db051207f180
every_colour_has_front,Unknown Brand,TJ7603,Unknown Product,3,3,0,3,6,3,0,0,,tj7603_form_angle_black.jpg,,tj7603_form_back_black.jpg,tj7603_imperialblue_modl_studio-1.jpg,,sanmar-tj7603-418405457-black-82qs24,c6033cc1-e98d-4f3f-a77b-7440cc060f37
every_colour_has_front,Unknown Brand,WERK1332,Unknown Product,3,3,3,0,6,3,0,0,,werk1332_form-angle_black_2025_cil.jpg,werk1332_form-inside_black_2025_cil.jpg,,werk7640_black___werk1332_caramel_modl_studio-2-brand-bckgrnd_2025.jpg,,sanmar-werk1332-809651565-black-rj5viw,3fe9d82a-23a7-4b27-9fb7-c3c7d245273c
no_photos,Unknown Brand,WERK420L,Unknown Product,5,0,0,0,0,0,0,0,Athletic Grey; Black; Caramel; Dark Navy; Sand,,,,,,sanmar-werk420l-1553092529-athletic-grey-z5rz8s,90b57cf6-dd58-4d8a-ad9b-ce66fea9d002
every_colour_has_front,Unknown Brand,WERK7640,Unknown Product,3,3,3,3,9,3,0,0,,werk7640_modl_black_studio-dark-bg-1_2025_cil.jpg,werk7640_form-side_black_2025_cil.jpg,werk7640_form-back-hood_black_2025_cil.jpg,werk7640_modl_black_studio-dark-bg-1_2025_cil.jpg,,sanmar-werk7640-749952859-black-34hsfj,2a9801d7-e086-41fd-9f3d-a3a258d8daee
every_colour_has_front,Unknown Brand,Y350LS,Unknown Product,7,7,0,7,14,7,0,7,,y350ls_black_form_angle_2012_2.jpg,,y350ls_flat_back_black_2013.jpg,y350ls_black_form_angle_2012_2.jpg,,sanmar-y350ls-396822823-black-4p0nz4,19625309-f4b2-4bf7-b0dc-734219ba5e2c
