brand,external_key,style_name,color,hex,has_front,has_side,has_back,front_kind,front_file,side_file,back_file,photo_count,style_id
ATC Accessories,A1080,Twill Blend Full Length Apron,Black,,False,False,False,,,,,0,95a3b14c-9abf-4e54-bb2f-bdbfc5e4f0fe
ATC Accessories,A1080,Twill Blend Full Length Apron,Clay,,False,False,False,,,,,0,95a3b14c-9abf-4e54-bb2f-bdbfc5e4f0fe
ATC Accessories,A1080,Twill Blend Full Length Apron,Coal Grey,,False,False,False,,,,,0,95a3b14c-9abf-4e54-bb2f-bdbfc5e4f0fe
ATC Accessories,A1080,Twill Blend Full Length Apron,Coffee,,False,False,False,,,,,0,95a3b14c-9abf-4e54-bb2f-bdbfc5e4f0fe
ATC Accessories,A1080,Twill Blend Full Length Apron,Military,,False,False,False,,,,,0,95a3b14c-9abf-4e54-bb2f-bdbfc5e4f0fe
ATC Accessories,A1080,Twill Blend Full Length Apron,Navy,,False,False,False,,,,,0,95a3b14c-9abf-4e54-bb2f-bdbfc5e4f0fe
ATC Accessories,A1080,Twill Blend Full Length Apron,Red,,False,False,False,,,,,0,95a3b14c-9abf-4e54-bb2f-bdbfc5e4f0fe
ATC Accessories,A1080,Twill Blend Full Length Apron,Royal,,False,False,False,,,,,0,95a3b14c-9abf-4e54-bb2f-bdbfc5e4f0fe
ATC Accessories,A1080,Twill Blend Full Length Apron,White,,False,False,False,,,,,0,95a3b14c-9abf-4e54-bb2f-bdbfc5e4f0fe
ATC Accessories,A1081,Twill Blend Waist Length Apron,Black,,False,False,False,,,,,0,9a9e342c-96ce-4547-8c43-7015d52b624a
ATC Accessories,ATCHBAND,Performance Headband,Black,,True,False,False,other,atchband_flat-front_black_2025_cil.jpg,,,1,a673e051-557b-4120-9817-417e0563ca13
ATC Accessories,ATCHBAND,Performance Headband,Navy,,True,False,False,other,atchband_flat-front_navy_2025_cil.jpg,,,1,a673e051-557b-4120-9817-417e0563ca13
ATC Accessories,ATCHBAND,Performance Headband,White,,True,False,False,other,atchband_flat-front_white_2025_cil.jpg,,,1,a673e051-557b-4120-9817-417e0563ca13
ATC Accessories,ATCWBAND,Performance Wristband,Black,,True,False,False,other,atcwband_flat-front_black_2025_cil.jpg,,,1,3ce860d8-9d34-442f-85c8-f459af9b68a7
ATC Accessories,ATCWBAND,Performance Wristband,Navy,,True,False,False,other,atcwband_flat-front_navy_2025_cil.jpg,,,1,3ce860d8-9d34-442f-85c8-f459af9b68a7
ATC Accessories,ATCWBAND,Performance Wristband,White,,True,False,False,other,atcwband_flat-front_white_2025_cil.jpg,,,1,3ce860d8-9d34-442f-85c8-f459af9b68a7
ATC Accessories,B1029,Retro Backpack,Black,,True,True,False,other,b1029_black_front.jpg,b1029_black_side.jpg,,2,4de2c0cd-fa07-4089-ad85-7618e4c82514
ATC Accessories,B1029,Retro Backpack,Dark Grey,,True,True,False,other,b1029_darkgrey_front_062015.jpg,b1029_darkgrey_side_042015.jpg,,2,4de2c0cd-fa07-4089-ad85-7618e4c82514
ATC Accessories,B1029,Retro Backpack,Red,,True,True,False,other,b1029_red_front_p.jpg,b1029_red_side_042016.jpg,,2,4de2c0cd-fa07-4089-ad85-7618e4c82514
ATC Accessories,B1029,Retro Backpack,Royal,,True,True,False,other,b1029_royal_front_062015.jpg,b1029_royal_side_042016.jpg,,2,4de2c0cd-fa07-4089-ad85-7618e4c82514
ATC Accessories,B1033,Retro Barrel Duffel,Black,,True,False,False,flat,b1033_flat_angle_black_2016_1.jpg,,,1,14953b4a-738f-4f36-bb2f-33068a5a5eb0
ATC Accessories,B1033,Retro Barrel Duffel,Dark Grey,,True,False,False,flat,b1033_flat_front_darkgrey_2016.jpg,,,1,14953b4a-738f-4f36-bb2f-33068a5a5eb0
ATC Accessories,B1033,Retro Barrel Duffel,Red,,True,False,False,flat,b1033_flat_front_red_2016.jpg,,,1,14953b4a-738f-4f36-bb2f-33068a5a5eb0
ATC Accessories,B1033,Retro Barrel Duffel,Royal,,True,False,False,flat,b1033_flat_front_royal_2016.jpg,,,1,14953b4a-738f-4f36-bb2f-33068a5a5eb0
ATC Accessories,B110,Everyday Essential Tote,Athletic Gold,,True,False,False,other,b110_form-front_athletic-gold_2026_cil.jpg,,,1,3fa7e3f3-ff15-4621-878a-6ae8827aa2b7
ATC Accessories,B110,Everyday Essential Tote,Black,,True,False,False,other,l3517_raspberryheather_b110_black_modl_c2016.jpg,,,1,3fa7e3f3-ff15-4621-878a-6ae8827aa2b7
ATC Accessories,B110,Everyday Essential Tote,Caramel,,True,False,False,other,b110_form-front_caramel_2026_cil.jpg,,,1,3fa7e3f3-ff15-4621-878a-6ae8827aa2b7
ATC Accessories,B110,Everyday Essential Tote,Carolina Blue,,True,False,False,other,b110_form-front_carolina-blue_2026_cil.jpg,,,1,3fa7e3f3-ff15-4621-878a-6ae8827aa2b7
ATC Accessories,B110,Everyday Essential Tote,Charcoal,,True,False,False,other,b110_form-front_charcoal_2026_cil.jpg,,,1,3fa7e3f3-ff15-4621-878a-6ae8827aa2b7
ATC Accessories,B110,Everyday Essential Tote,Chrome,,True,False,False,other,b110_form-front_chrome_2026_cil.jpg,,,1,3fa7e3f3-ff15-4621-878a-6ae8827aa2b7
ATC Accessories,B110,Everyday Essential Tote,Lime,,True,False,False,other,b110_form-front_lime_2026_cil.jpg,,,1,3fa7e3f3-ff15-4621-878a-6ae8827aa2b7
ATC Accessories,B110,Everyday Essential Tote,Navy,,True,False,False,other,b110_form-front_navy_2026_cil.jpg,,,1,3fa7e3f3-ff15-4621-878a-6ae8827aa2b7
ATC Accessories,B110,Everyday Essential Tote,Purple,,True,False,False,other,b110_form-front_purple_2026_cil.jpg,,,1,3fa7e3f3-ff15-4621-878a-6ae8827aa2b7
ATC Accessories,B110,Everyday Essential Tote,Red,,True,False,False,other,b110_form-front_red_2026_cil.jpg,,,1,3fa7e3f3-ff15-4621-878a-6ae8827aa2b7
ATC Accessories,B110,Everyday Essential Tote,Royal,,True,False,False,other,b110_form-front_royal_2026_cil.jpg,,,1,3fa7e3f3-ff15-4621-878a-6ae8827aa2b7
ATC Accessories,B110,Everyday Essential Tote,Stone,,True,False,False,other,b110_form-front_stone_2026_cil.jpg,,,1,3fa7e3f3-ff15-4621-878a-6ae8827aa2b7
ATC Accessories,B110,Everyday Essential Tote,Tropical Pink,,True,False,False,other,b110_form-front_tropical-pink_2026_cil.jpg,,,1,3fa7e3f3-ff15-4621-878a-6ae8827aa2b7
ATC Accessories,B120,Everyday Cinch Pack,Athletic Gold,,True,False,False,other,b120_athleticgold.jpg,,,1,56925c89-1062-471d-b5c6-88b486bedc1c
ATC Accessories,B120,Everyday Cinch Pack,Black,,True,False,False,flat,b120_flat_black.jpg,,,1,56925c89-1062-471d-b5c6-88b486bedc1c
ATC Accessories,B120,Everyday Cinch Pack,Bright Orange,,True,False,False,other,b120_brightorange.jpg,,,1,56925c89-1062-471d-b5c6-88b486bedc1c
ATC Accessories,B120,Everyday Cinch Pack,Charcoal,,True,False,False,other,b120_charcoal_032014.jpg,,,1,56925c89-1062-471d-b5c6-88b486bedc1c
ATC Accessories,B120,Everyday Cinch Pack,Hunter,,True,False,False,other,b120_hunter.jpg,,,1,56925c89-1062-471d-b5c6-88b486bedc1c
ATC Accessories,B120,Everyday Cinch Pack,Lime,,False,False,False,,,,,0,56925c89-1062-471d-b5c6-88b486bedc1c
ATC Accessories,B120,Everyday Cinch Pack,Maroon,,True,False,False,other,b120_maroon.jpg,,,1,56925c89-1062-471d-b5c6-88b486bedc1c
ATC Accessories,B120,Everyday Cinch Pack,Navy,,True,False,False,flat,b120_flat_navy_cmyk.jpg,,,1,56925c89-1062-471d-b5c6-88b486bedc1c
ATC Accessories,B120,Everyday Cinch Pack,Red,,True,False,False,flat,b120_flat_red_cmyk_copy.jpg,,,1,56925c89-1062-471d-b5c6-88b486bedc1c
ATC Accessories,B120,Everyday Cinch Pack,Royal,,True,False,False,flat,b120_flat_royal_cmyk.jpg,,,1,56925c89-1062-471d-b5c6-88b486bedc1c
ATC Earth Wash,ATC6015,Everyday Earth Wash L/S Tee,Black,,True,True,False,other,atc6015_form-angle_black_2024_cil.jpg,atc6015_form-side_black_2024_cil.jpg,,2,6028e4d5-dcd9-417c-8a71-078182039df8
ATC Earth Wash,ATC6015,Everyday Earth Wash L/S Tee,Bone,,True,True,False,other,atc6015_form-angle_bone_2024_cil.jpg,atc6015_form-side_bone_2024_cil.jpg,,2,6028e4d5-dcd9-417c-8a71-078182039df8
ATC Earth Wash,ATC6015,Everyday Earth Wash L/S Tee,Navy,,True,True,False,other,atc6015_form-angle_navy_2024_cil.jpg,atc6015_form-side_navy_2024_cil.jpg,,2,6028e4d5-dcd9-417c-8a71-078182039df8
ATC Earth Wash,ATC6015,Everyday Earth Wash L/S Tee,Pewter,,True,True,False,other,atc6015_modl_pewter_crop_2024_cil.jpg,atc6015_form-side_pewter_2024_cil.jpg,,2,6028e4d5-dcd9-417c-8a71-078182039df8
ATC Earth Wash,ATC6015,Everyday Earth Wash L/S Tee,Red,,True,True,False,other,atc6015_form-angle_red_2024_cil.jpg,atc6015_form-side_red_2024_cil.jpg,,2,6028e4d5-dcd9-417c-8a71-078182039df8
ATC Earth Wash,ATC6015,Everyday Earth Wash L/S Tee,Stone Blue,,True,True,False,other,atc6015_form-angle_stone-blue_2024_cil.jpg,atc6015_form-side_stone-blue_2024_cil.jpg,,2,6028e4d5-dcd9-417c-8a71-078182039df8
ATC Earth Wash,ATC6040,Everyday Earth Wash Tee,Black,,True,True,False,other,atc6040_form-angle_black_2024_cil.jpg,atc6040_form-side_black_2024_cil.jpg,,2,64db9522-5b98-4b58-b6b7-24749a4beda2
ATC Earth Wash,ATC6040,Everyday Earth Wash Tee,Bone,,True,True,False,other,atc6040_form-angle_bone_2024_cil.jpg,atc6040_form-side_bone_2024_cil.jpg,,2,64db9522-5b98-4b58-b6b7-24749a4beda2
ATC Earth Wash,ATC6040,Everyday Earth Wash Tee,Caramel,,True,True,False,other,atc6040_form-angle_caramel_2024_cil.jpg,atc6040_form-side_caramel_2024_cil.jpg,,2,64db9522-5b98-4b58-b6b7-24749a4beda2
ATC Earth Wash,ATC6040,Everyday Earth Wash Tee,Cypress,,True,True,False,other,atc6040_form-angle_earth-cypress_2025_cil.jpg,atc6040_form-side_earth-cypress_2025_cil.jpg,,2,64db9522-5b98-4b58-b6b7-24749a4beda2
ATC Earth Wash,ATC6040,Everyday Earth Wash Tee,Dove,,True,True,False,other,atc6040_form-angle_dove_2024_cil_1.jpg,atc6040_form-side_dove_2024_cil_1.jpg,,2,64db9522-5b98-4b58-b6b7-24749a4beda2
ATC Earth Wash,ATC6040,Everyday Earth Wash Tee,Eggplant,,True,True,False,other,atc6040_form-angle_eggplant_2024_cil.jpg,atc6040_form-side_eggplant_2024_cil.jpg,,2,64db9522-5b98-4b58-b6b7-24749a4beda2
ATC Earth Wash,ATC6040,Everyday Earth Wash Tee,Harbour Blue,,True,True,False,other,atc6040_form-angle_earth-harbour-blue_2025_cil.jpg,atc6040_form-side_earth-harbour-blue_2025_cil.jpg,,2,64db9522-5b98-4b58-b6b7-24749a4beda2
ATC Earth Wash,ATC6040,Everyday Earth Wash Tee,Military,,True,True,False,other,atc6040_form-angle_military_2024_cil.jpg,atc6040_form-side_military_2024_cil.jpg,,2,64db9522-5b98-4b58-b6b7-24749a4beda2
ATC Earth Wash,ATC6040,Everyday Earth Wash Tee,Navy,,True,True,False,other,atc6040_form-angle_navy_2024_cil.jpg,atc6040_form-side_navy_2024_cil.jpg,,2,64db9522-5b98-4b58-b6b7-24749a4beda2
ATC Earth Wash,ATC6040,Everyday Earth Wash Tee,Pewter,,True,True,False,other,atc6040_form-angle_pewter_2024_cil.jpg,atc6040_form-side_pewter_2024_cil.jpg,,2,64db9522-5b98-4b58-b6b7-24749a4beda2
ATC Earth Wash,ATC6040,Everyday Earth Wash Tee,Red,,True,True,False,other,atc6040_form-angle_red_2024_cil.jpg,atc6040_form-side_red_2024_cil.jpg,,2,64db9522-5b98-4b58-b6b7-24749a4beda2
ATC Earth Wash,ATC6040,Everyday Earth Wash Tee,Rose,,True,True,False,other,atc6040_form-angle_earth-rose_2025_2_cil.jpg,atc6040_form-side_earth-rose_2025_cil.jpg,,2,64db9522-5b98-4b58-b6b7-24749a4beda2
ATC Earth Wash,ATC6040,Everyday Earth Wash Tee,Sand,,True,True,False,other,atc6040_form-angle_sand_2024_cil.jpg,atc6040_form-side_sand_2024_cil.jpg,,2,64db9522-5b98-4b58-b6b7-24749a4beda2
ATC Earth Wash,ATC6040,Everyday Earth Wash Tee,Stone Blue,,True,True,False,other,atc6040_form-angle_stone-blue_2024_cil.jpg,atc6040_form-side_stone-blue_2024_cil.jpg,,2,64db9522-5b98-4b58-b6b7-24749a4beda2
ATC Earth Wash,ATC6040L,Everyday Earth Wash Ladies Tee,Black,,True,True,False,other,atc6040l_form-angle_black_2024_cil.jpg,atc6040l_form-side_black_2024_cil.jpg,,2,b89bf615-7773-4da7-b28f-f901cb78140c
ATC Earth Wash,ATC6040L,Everyday Earth Wash Ladies Tee,Bone,,True,True,False,other,atc6040l_form-angle_bone_2024_cil.jpg,atc6040l_form-side_bone_2024_cil.jpg,,2,b89bf615-7773-4da7-b28f-f901cb78140c
ATC Earth Wash,ATC6040L,Everyday Earth Wash Ladies Tee,Caramel,,True,True,False,other,atc6040l_form-angle_caramel_2024_cil.jpg,atc6040l_form-side_caramel_2024_cil.jpg,,2,b89bf615-7773-4da7-b28f-f901cb78140c
ATC Earth Wash,ATC6040L,Everyday Earth Wash Ladies Tee,Dove,,True,True,False,other,atc6040l_form-angle_dove_2024_cil.jpg,atc6040l_form-side_dove_2024_cil.jpg,,2,b89bf615-7773-4da7-b28f-f901cb78140c
ATC Earth Wash,ATC6040L,Everyday Earth Wash Ladies Tee,Eggplant,,True,True,False,other,atc6040l_form-angle_eggplant_2024_cil.jpg,atc6040l_form-side_eggplant_2024_cil.jpg,,2,b89bf615-7773-4da7-b28f-f901cb78140c
ATC Earth Wash,ATC6040L,Everyday Earth Wash Ladies Tee,Military,,True,True,False,other,atc6040l_form-angle_military_2024_cil.jpg,atc6040l_form-side_military_2024_cil.jpg,,2,b89bf615-7773-4da7-b28f-f901cb78140c
ATC Earth Wash,ATC6040L,Everyday Earth Wash Ladies Tee,Navy,,True,True,False,other,atc6040l_form-angle_navy_2024_cil.jpg,atc6040l_form-side_navy_2024_cil.jpg,,2,b89bf615-7773-4da7-b28f-f901cb78140c
ATC Earth Wash,ATC6040L,Everyday Earth Wash Ladies Tee,Pewter,,True,True,False,other,atc6040l_form-angle_pewter_2024_cil.jpg,atc6040l_form-side_pewter_2024_cil.jpg,,2,b89bf615-7773-4da7-b28f-f901cb78140c
ATC Earth Wash,ATC6040L,Everyday Earth Wash Ladies Tee,Red,,True,True,False,other,atc6040l_form-angle_red_2024_cil.jpg,atc6040l_form-side_red_2024_cil.jpg,,2,b89bf615-7773-4da7-b28f-f901cb78140c
ATC Earth Wash,ATC6040L,Everyday Earth Wash Ladies Tee,Sand,,True,True,False,other,atc6040l_form-angle_sand_2024_cil.jpg,atc6040l_form-side_sand_2024_cil.jpg,,2,b89bf615-7773-4da7-b28f-f901cb78140c
ATC Earth Wash,ATC6040L,Everyday Earth Wash Ladies Tee,Stone Blue,,True,True,False,other,atc6040l_form-angle_stone-blue_2024_cil.jpg,atc6040l_form-side_stone-blue_2024_cil.jpg,,2,b89bf615-7773-4da7-b28f-f901cb78140c
ATC Earth Wash,ATC6040Y,Everyday Earth Wash Youth Tee,Black,,True,True,False,other,atc6040y_form-angle_black_2024_cil.jpg,atc6040y_form-side_black_2024_cil.jpg,,2,0cd371f9-90c8-4cd5-8f5f-09ca2da4b20f
ATC Earth Wash,ATC6040Y,Everyday Earth Wash Youth Tee,Bone,,True,True,False,other,atc6040y_form-angle_bone_2024_cil.jpg,atc6040y_form-side_bone_2024_cil.jpg,,2,0cd371f9-90c8-4cd5-8f5f-09ca2da4b20f
ATC Earth Wash,ATC6040Y,Everyday Earth Wash Youth Tee,Caramel,,True,True,False,other,atc6040y_form-angle_caramel_2024_cil.jpg,atc6040y_form-side_caramel_2024_cil.jpg,,2,0cd371f9-90c8-4cd5-8f5f-09ca2da4b20f
ATC Earth Wash,ATC6040Y,Everyday Earth Wash Youth Tee,Dove,,True,False,False,other,atc6040y_form-angle_dove_2024_cil.jpg,,,1,0cd371f9-90c8-4cd5-8f5f-09ca2da4b20f
ATC Earth Wash,ATC6040Y,Everyday Earth Wash Youth Tee,Eggplant,,True,True,False,other,atc6040y_form-angle_eggplant_2024_cil.jpg,atc6040y_form-side_eggplant_2024_cil.jpg,,2,0cd371f9-90c8-4cd5-8f5f-09ca2da4b20f
ATC Earth Wash,ATC6040Y,Everyday Earth Wash Youth Tee,Military,,True,True,False,other,atc6040y_form-angle_military_2024_cil.jpg,atc6040y_form-side_military_2024_cil.jpg,,2,0cd371f9-90c8-4cd5-8f5f-09ca2da4b20f
ATC Earth Wash,ATC6040Y,Everyday Earth Wash Youth Tee,Navy,,True,True,False,other,atc6040y_form-angle_navy_2024_cil.jpg,atc6040y_form-side_navy_2024_cil.jpg,,2,0cd371f9-90c8-4cd5-8f5f-09ca2da4b20f
ATC Earth Wash,ATC6040Y,Everyday Earth Wash Youth Tee,Pewter,,True,True,False,other,atc6040y_form-angle_pewter_2024_cil.jpg,atc6040y_form-side_pewter_2024_cil.jpg,,2,0cd371f9-90c8-4cd5-8f5f-09ca2da4b20f
ATC Earth Wash,ATC6040Y,Everyday Earth Wash Youth Tee,Red,,True,True,False,other,atc6040y_form-angle_red_2024_cil.jpg,atc6040y_form-side_red_2024_cil.jpg,,2,0cd371f9-90c8-4cd5-8f5f-09ca2da4b20f
ATC Earth Wash,ATC6040Y,Everyday Earth Wash Youth Tee,Sand,,True,True,False,other,atc6040y_form-angle_sand_2024_cil.jpg,atc6040y_form-side_sand_2024_cil.jpg,,2,0cd371f9-90c8-4cd5-8f5f-09ca2da4b20f
ATC Earth Wash,ATC6040Y,Everyday Earth Wash Youth Tee,Stone Blue,,True,True,False,other,atc6040y_form-angle_stone-blue_2024_cil.jpg,atc6040y_form-side_stone-blue_2024_cil.jpg,,2,0cd371f9-90c8-4cd5-8f5f-09ca2da4b20f
ATC Earth Wash,ATCF6400,Everyday Earth Wash Crewneck,Black,,True,True,False,other,atcf6400_form-angle_black_2025_cil.jpg,atcf6400_form-side_black_2025_cil.jpg,,2,8e385fd3-cc9a-4a13-9845-3795c5ba3c40
ATC Earth Wash,ATCF6400,Everyday Earth Wash Crewneck,Caramel,,True,True,False,other,atcf6400_form-angle_caramel_2024_cil.jpg,atcf6400_form-side_caramel_2024_cil.jpg,,2,8e385fd3-cc9a-4a13-9845-3795c5ba3c40
ATC Earth Wash,ATCF6400,Everyday Earth Wash Crewneck,Military,,True,True,False,other,atcf6400_form-angle_military_2024_cil.jpg,atcf6400_form-side_military_2024_cil.jpg,,2,8e385fd3-cc9a-4a13-9845-3795c5ba3c40
ATC Earth Wash,ATCF6400,Everyday Earth Wash Crewneck,Navy,,True,True,False,other,atcf6400_form-angle_navy_2024_cil.jpg,atcf6400_form-side_navy_2024_cil.jpg,,2,8e385fd3-cc9a-4a13-9845-3795c5ba3c40
ATC Earth Wash,ATCF6400,Everyday Earth Wash Crewneck,Pewter,,True,True,False,other,atcf6400_form-angle_pewter_2024_cil.jpg,atcf6400_form-side_pewter_2024_cil.jpg,,2,8e385fd3-cc9a-4a13-9845-3795c5ba3c40
ATC Earth Wash,ATCF6400,Everyday Earth Wash Crewneck,Red,,True,True,False,other,atcf6400_form-angle_red_2024_cil.jpg,atcf6400_form-side_red_2024_cil.jpg,,2,8e385fd3-cc9a-4a13-9845-3795c5ba3c40
ATC Earth Wash,ATCF6400,Everyday Earth Wash Crewneck,Sand,,True,True,False,other,atcf6400_modl_sand_studio-crop_2024_cil.jpg,atcf6400_form-side_sand_2024_cil.jpg,,2,8e385fd3-cc9a-4a13-9845-3795c5ba3c40
ATC Earth Wash,ATCF6400,Everyday Earth Wash Crewneck,Stone Blue,,True,True,False,other,atcf6400_form-angle_stone-blue_2024_cil.jpg,atcf6400_form-side_stone-blue_2024_cil.jpg,,2,8e385fd3-cc9a-4a13-9845-3795c5ba3c40
ATC Earth Wash,ATCF6500,Everyday Earth Wash Hood,Black,,True,True,False,other,atcf6500_form-angle_black_2025_cil.jpg,atcf6500_form-side_black_2025_cil.jpg,,2,81e75118-81c2-46fe-abd0-65f6508dbb11
ATC Earth Wash,ATCF6500,Everyday Earth Wash Hood,Caramel,,True,True,False,other,atcf6500_form-angle_caramel_2024_cil.jpg,atcf6500_form-side_caramel_2024_cil.jpg,,2,81e75118-81c2-46fe-abd0-65f6508dbb11
ATC Earth Wash,ATCF6500,Everyday Earth Wash Hood,Cypress,,True,True,False,other,atcf6500_form-angle_earth-cypress_2025_cil.jpg,atcf6500_form-side_earth-cypress_2025_cil.jpg,,2,81e75118-81c2-46fe-abd0-65f6508dbb11
ATC Earth Wash,ATCF6500,Everyday Earth Wash Hood,Harbour Blue,,True,True,False,other,atcf6500_form-angle_earth-harbour-blue_2025_cil.jpg,atcf6500_form-side_earth-harbour-blue_2025_cil.jpg,,2,81e75118-81c2-46fe-abd0-65f6508dbb11
ATC Earth Wash,ATCF6500,Everyday Earth Wash Hood,Military,,True,True,False,other,atcf6500_form-angle_military_2024_cil.jpg,atcf6500_form-side_military_2024_cil.jpg,,2,81e75118-81c2-46fe-abd0-65f6508dbb11
ATC Earth Wash,ATCF6500,Everyday Earth Wash Hood,Navy,,True,True,False,other,atcf6500_modl_navy_studio-crop_2024_cil.jpg,atcf6500_form-side_navy_2024_cil.jpg,,2,81e75118-81c2-46fe-abd0-65f6508dbb11
ATC Earth Wash,ATCF6500,Everyday Earth Wash Hood,Pewter,,True,True,False,other,atcf6500_form-angle_pewter_2024_cil.jpg,atcf6500_form-side_pewter_2024_cil.jpg,,2,81e75118-81c2-46fe-abd0-65f6508dbb11
ATC Earth Wash,ATCF6500,Everyday Earth Wash Hood,Red,,True,True,False,other,atcf6500_form-angle_red_2024_cil.jpg,atcf6500_form-side_red_2024_cil.jpg,,2,81e75118-81c2-46fe-abd0-65f6508dbb11
ATC Earth Wash,ATCF6500,Everyday Earth Wash Hood,Rose,,True,True,False,other,atcf6500_form-angle_earth-rose_2025_cil.jpg,atcf6500_form-side_earth-rose_2025_cil.jpg,,2,81e75118-81c2-46fe-abd0-65f6508dbb11
ATC Earth Wash,ATCF6500,Everyday Earth Wash Hood,Sand,,True,True,False,other,atcf6500_form-angle_sand_2024_cil.jpg,atcf6500_form-side_sand_2024_cil.jpg,,2,81e75118-81c2-46fe-abd0-65f6508dbb11
ATC Earth Wash,ATCF6500,Everyday Earth Wash Hood,Stone Blue,,True,True,False,other,atcf6500_form-angle_stone-blue_2024_cil.jpg,atcf6500_form-side_stone_blue_2024_cil.jpg,,2,81e75118-81c2-46fe-abd0-65f6508dbb11
ATC Earth Wash,ATCY6500,Everyday Earthwash Youth Hood,Black,,True,True,False,other,atcy6500_form-angle_earth-black_2025_cil.jpg,atcy6500_form-side_earth-black_2025_cil.jpg,,2,19c2aeda-343c-4469-b243-ca05017aaa05
ATC Earth Wash,ATCY6500,Everyday Earthwash Youth Hood,Caramel,,True,True,False,other,atcy6500_form-angle_earth-caramel_2025_cil.jpg,atcy6500_form-side_earth-caramel_2025_cil.jpg,,2,19c2aeda-343c-4469-b243-ca05017aaa05
ATC Earth Wash,ATCY6500,Everyday Earthwash Youth Hood,Military,,True,True,False,other,atcy6500_form-angle_earth-military_2025_cil.jpg,atcy6500_form-side_earth-military_2025_cil.jpg,,2,19c2aeda-343c-4469-b243-ca05017aaa05
ATC Earth Wash,ATCY6500,Everyday Earthwash Youth Hood,Navy,,True,True,False,other,atcy6500_modl_earth-navy_crop_2025_cil.jpg,atcy6500_form-side_earth-navy_2025_cil.jpg,,2,19c2aeda-343c-4469-b243-ca05017aaa05
ATC Earth Wash,ATCY6500,Everyday Earthwash Youth Hood,Sand,,True,True,False,other,atcy6500_form-angle_earth-sand_2025_cil.jpg,atcy6500_form-side_earth-sand_2025_cil.jpg,,2,19c2aeda-343c-4469-b243-ca05017aaa05
ATC Earth Wash,ATCY6500,Everyday Earthwash Youth Hood,Stone Blue,,True,True,False,other,atcy6500_form-angle_earth-stone-blue_2025_cil.jpg,atcy6500_form-side_earth-stone-blue_2025_cil.jpg,,2,19c2aeda-343c-4469-b243-ca05017aaa05
ATC Essentials,ATC3700,Essential Performance Tee,Black,,True,True,False,other,atc3700_form-angle_black_2025_cil.jpg,atc3700_form-side_black_2025_cil.jpg,,2,b024dddf-67d0-41a7-bca5-88c7f8a0ec8c
ATC Essentials,ATC3700,Essential Performance Tee,Coal Grey,,True,True,False,other,atc3700_form-angle_coal-grey_2025_cil.jpg,atc3700_form-side_coal-grey_2025_cil.jpg,,2,b024dddf-67d0-41a7-bca5-88c7f8a0ec8c
ATC Essentials,ATC3700,Essential Performance Tee,Forest Green,,True,True,False,other,atc3700_form-angle_forest-green_2025_cil.jpg,atc3700_form-side_forest-green_2025_cil.jpg,,2,b024dddf-67d0-41a7-bca5-88c7f8a0ec8c
ATC Essentials,ATC3700,Essential Performance Tee,Maroon,,True,True,False,other,atc3700_form-angle_maroon_2025_cil.jpg,atc3700_form-side_maroon_2025_cil.jpg,,2,b024dddf-67d0-41a7-bca5-88c7f8a0ec8c
ATC Essentials,ATC3700,Essential Performance Tee,Orange,,True,True,False,other,atc3700_orange_modl_crop_2025_cil.jpg,atc3700_form-side_orange_2025_cil.jpg,,2,b024dddf-67d0-41a7-bca5-88c7f8a0ec8c
ATC Essentials,ATC3700,Essential Performance Tee,Purple,,True,True,False,other,atc3700_form-angle_purple_2025_cil.jpg,atc3700_form-side_purple_2025_cil.jpg,,2,b024dddf-67d0-41a7-bca5-88c7f8a0ec8c
ATC Essentials,ATC3700,Essential Performance Tee,True Navy,,True,True,False,other,atc3700_form-angle_true-navy_2025_cil.jpg,atc3700_form-side_true-navy_2025_cil.jpg,,2,b024dddf-67d0-41a7-bca5-88c7f8a0ec8c
ATC Essentials,ATC3700,Essential Performance Tee,True Red,,True,True,False,other,atc3700_form-angle_true-red_2025_cil.jpg,atc3700_form-side_true-red_2025_cil.jpg,,2,b024dddf-67d0-41a7-bca5-88c7f8a0ec8c
ATC Essentials,ATC3700,Essential Performance Tee,True Royal,,True,True,False,other,atc3700_form-angle_true-royal_2025_cil.jpg,atc3700_form-side_true-royal_2025_cil.jpg,,2,b024dddf-67d0-41a7-bca5-88c7f8a0ec8c
ATC Essentials,ATC3700,Essential Performance Tee,White,,True,True,False,other,atc3700_form-angle_white_2025_cil.jpg,atc3700_form-side_white_2025_cil.jpg,,2,b024dddf-67d0-41a7-bca5-88c7f8a0ec8c
ATC Essentials,ATC3700L,Essential Performance Lds Tee,Black,,True,True,False,other,atc3700l_form-angle_black_2025_cil.jpg,atc3700l_form-side_black_2025_cil.jpg,,2,30cdb7c6-ce2c-4201-92ab-4912791de796
ATC Essentials,ATC3700L,Essential Performance Lds Tee,Coal Grey,,True,True,False,other,atc3700l_form-angle_coal-grey_2025_cil.jpg,atc3700l_form-side_coal-grey_2025_cil.jpg,,2,30cdb7c6-ce2c-4201-92ab-4912791de796
ATC Essentials,ATC3700L,Essential Performance Lds Tee,Forest Green,,True,True,False,other,atc3700l_form-angle_forest-green_2025_cil.jpg,atc3700l_form-side_forest-green_2025_cil.jpg,,2,30cdb7c6-ce2c-4201-92ab-4912791de796
ATC Essentials,ATC3700L,Essential Performance Lds Tee,Maroon,,True,True,False,other,atc3700l_form-angle_maroon_2025_cil.jpg,atc3700l_form-side_maroon_2025_cil.jpg,,2,30cdb7c6-ce2c-4201-92ab-4912791de796
ATC Essentials,ATC3700L,Essential Performance Lds Tee,Orange,,True,True,False,other,atc3700l_form-angle_orange_2025_cil.jpg,atc3700l_form-side_orange_2025_cil.jpg,,2,30cdb7c6-ce2c-4201-92ab-4912791de796
ATC Essentials,ATC3700L,Essential Performance Lds Tee,Purple,,True,True,False,other,atc3700l_form-angle_purple_2025_cil.jpg,atc3700l_form-side_purple_2025_cil.jpg,,2,30cdb7c6-ce2c-4201-92ab-4912791de796
ATC Essentials,ATC3700L,Essential Performance Lds Tee,True Navy,,True,True,False,other,atc3700l_form-angle_true-navy_2025_cil.jpg,atc3700l_form-side_true-navy_2025_cil.jpg,,2,30cdb7c6-ce2c-4201-92ab-4912791de796
ATC Essentials,ATC3700L,Essential Performance Lds Tee,True Red,,True,True,False,other,atc3700l_form-angle_true-red_2025_cil.jpg,atc3700l_form-side_true-red_2025_cil.jpg,,2,30cdb7c6-ce2c-4201-92ab-4912791de796
ATC Essentials,ATC3700L,Essential Performance Lds Tee,True Royal,,True,True,False,other,atc3700l_true-royal_modl_crop_2025_cil.jpg,atc3700l_form-side_true-royal_2025_cil.jpg,,2,30cdb7c6-ce2c-4201-92ab-4912791de796
ATC Essentials,ATC3700L,Essential Performance Lds Tee,White,,True,True,False,other,atc3700l_form-angle_white_2025_cil.jpg,atc3700l_form-side_white_2025_cil.jpg,,2,30cdb7c6-ce2c-4201-92ab-4912791de796
ATC Essentials,ATC3700Y,Essential Performance Yth Tee,Black,,True,True,False,other,atc3700y_form-angle_black_2025_cil.jpg,atc3700y_form-side_black_2025_cil.jpg,,2,6d19acd1-c80e-4af8-8127-94a2e9ea401d
ATC Essentials,ATC3700Y,Essential Performance Yth Tee,Coal Grey,,True,True,False,other,atc3700y_form-angle_coal-grey_2025_cil.jpg,atc3700y_form-side_coal-grey_2025_cil.jpg,,2,6d19acd1-c80e-4af8-8127-94a2e9ea401d
ATC Essentials,ATC3700Y,Essential Performance Yth Tee,Forest Green,,True,True,False,other,atc3700y_form-angle_forest-green_2025_cil.jpg,atc3700y_form-side_forest-green_2025_cil.jpg,,2,6d19acd1-c80e-4af8-8127-94a2e9ea401d
ATC Essentials,ATC3700Y,Essential Performance Yth Tee,Maroon,,True,True,False,other,atc3700y_form-angle_maroon_2025_cil.jpg,atc3700y_form-side_maroon_2025_cil.jpg,,2,6d19acd1-c80e-4af8-8127-94a2e9ea401d
ATC Essentials,ATC3700Y,Essential Performance Yth Tee,Orange,,True,True,False,other,atc3700y_form-angle_orange_2025_cil.jpg,atc3700y_form-side_orange_2025_cil.jpg,,2,6d19acd1-c80e-4af8-8127-94a2e9ea401d
ATC Essentials,ATC3700Y,Essential Performance Yth Tee,Purple,,True,True,False,other,atc3700y_form-angle_purple_2025_cil.jpg,atc3700y_form-side_purple_2025_cil.jpg,,2,6d19acd1-c80e-4af8-8127-94a2e9ea401d
ATC Essentials,ATC3700Y,Essential Performance Yth Tee,True Navy,,True,True,False,other,atc3700y_form-angle_true-navy_2025_cil.jpg,atc3700y_form-side_true-navy_2025_cil.jpg,,2,6d19acd1-c80e-4af8-8127-94a2e9ea401d
ATC Essentials,ATC3700Y,Essential Performance Yth Tee,True Red,,True,True,False,other,atc3700y_modl_true-red_crop_2025_cil.jpg,atc3700y_form-side_true-red_2025_cil.jpg,,2,6d19acd1-c80e-4af8-8127-94a2e9ea401d
ATC Essentials,ATC3700Y,Essential Performance Yth Tee,True Royal,,True,True,False,other,atc3700y_form-angle_true-royal_2025_cil.jpg,atc3700y_form-side_true-royal_2025_cil.jpg,,2,6d19acd1-c80e-4af8-8127-94a2e9ea401d
ATC Essentials,ATC3700Y,Essential Performance Yth Tee,White,,True,True,False,other,atc3700y_form-angle_white_2025_cil.jpg,atc3700y_form-side_white_2025_cil.jpg,,2,6d19acd1-c80e-4af8-8127-94a2e9ea401d
ATC Essentials,ATC3715,Essential Performance LS Tee,Black,,True,True,False,other,atc3715_form-angle_black_2025_cil.jpg,atc3715_form-side_black_2025_cil.jpg,,2,93c1317e-8f69-43c9-bf28-77bb0f25cc45
ATC Essentials,ATC3715,Essential Performance LS Tee,Coal Grey,,True,True,False,other,atc3715_modl_coal-grey_studio-2_2025.jpg,atc3715_form-side_coal-grey_2025_cil.jpg,,2,93c1317e-8f69-43c9-bf28-77bb0f25cc45
ATC Essentials,ATC3715,Essential Performance LS Tee,True Navy,,True,True,False,other,atc3715_form-angle_true-navy_2025_cil.jpg,atc3715_form-side_true-navy_2025_cil.jpg,,2,93c1317e-8f69-43c9-bf28-77bb0f25cc45
ATC Essentials,ATC3715,Essential Performance LS Tee,True Red,,True,True,False,other,atc3715_form-angle_true-red_2025_cil.jpg,atc3715_form-side_true-red_2025_cil.jpg,,2,93c1317e-8f69-43c9-bf28-77bb0f25cc45
ATC Essentials,ATC3715,Essential Performance LS Tee,True Royal,,True,True,False,other,atc3715_form-angle_true-royal_2025_cil.jpg,atc3715_form-side_true-royal_2025_cil.jpg,,2,93c1317e-8f69-43c9-bf28-77bb0f25cc45
ATC Essentials,ATC3715,Essential Performance LS Tee,White,,True,True,False,other,atc3715_form-angle_white_2025_cil.jpg,atc3715_form-side_white_2025_cil.jpg,,2,93c1317e-8f69-43c9-bf28-77bb0f25cc45
ATC Essentials,ATC3715Y,Essential Performance Yth LS T,Black,,True,True,False,other,atc3715y_form-angle_black_2025_cil.jpg,atc3715y_form-side_black_2025_cil.jpg,,2,80d1431d-de87-4201-a021-d3f0297edd4c
ATC Essentials,ATC3715Y,Essential Performance Yth LS T,Coal Grey,,True,True,False,other,atc3715y_form-angle_coal-grey_2025_cil.jpg,atc3715y_form-side_coal-grey_2025_cil.jpg,,2,80d1431d-de87-4201-a021-d3f0297edd4c
ATC Essentials,ATC3715Y,Essential Performance Yth LS T,True Navy,,True,True,False,other,atc3715y_form-angle_true-navy_2025_cil.jpg,atc3715y_form-side_true-navy_2025_cil.jpg,,2,80d1431d-de87-4201-a021-d3f0297edd4c
ATC Essentials,ATC3715Y,Essential Performance Yth LS T,True Red,,True,True,False,other,atc3715y_form-angle_true-red_2025_cil.jpg,atc3715y_form-side_true-red_2025_cil.jpg,,2,80d1431d-de87-4201-a021-d3f0297edd4c
ATC Essentials,ATC3715Y,Essential Performance Yth LS T,True Royal,,True,True,False,other,atc3715y_form-angle_true-royal_2025_cil.jpg,atc3715y_form-side_true-royal_2025_cil.jpg,,2,80d1431d-de87-4201-a021-d3f0297edd4c
ATC Essentials,ATC3715Y,Essential Performance Yth LS T,White,,True,True,False,other,atc3715y_modl_white_studio-1_2025.jpg,atc3715y_form-side_white_2025_cil.jpg,,2,80d1431d-de87-4201-a021-d3f0297edd4c
ATC Essentials,ATCF2100,Essential Performance Hood,Athletic Grey,,True,True,False,other,atcf2100_form-angle_athletic-grey_2024_cil.jpg,atcf2100_form-side_athletic-grey_2024_cil.jpg,,2,47e795fb-2587-446c-b5aa-072c63ef03fa
ATC Essentials,ATCF2100,Essential Performance Hood,Black,,True,True,False,other,atcf2100_form-angle_black_2024_cil.jpg,atcf2100_form-side_black_2024_cil.jpg,,2,47e795fb-2587-446c-b5aa-072c63ef03fa
ATC Essentials,ATCF2100,Essential Performance Hood,Charcoal Hthr,,False,False,False,,,,,0,47e795fb-2587-446c-b5aa-072c63ef03fa
ATC Essentials,ATCF2100,Essential Performance Hood,Coal Grey,,True,True,False,other,atcf2100_form-angle_coal-grey_2024_cil.jpg,atcf2100_form-side_coal-grey_2024_cil.jpg,,2,47e795fb-2587-446c-b5aa-072c63ef03fa
ATC Essentials,ATCF2100,Essential Performance Hood,Deep Orange,,True,True,False,other,atcf2100_form-angle_deep-orange_2024_cil.jpg,atcf2100_form-side_deep-orange_2024_cil.jpg,,2,47e795fb-2587-446c-b5aa-072c63ef03fa
ATC Essentials,ATCF2100,Essential Performance Hood,Forest Green,,True,True,False,other,atcf2100_form-angle_forest-green_2024_cil.jpg,atcf2100_form-side_forest-green_2024_cil.jpg,,2,47e795fb-2587-446c-b5aa-072c63ef03fa
ATC Essentials,ATCF2100,Essential Performance Hood,Maroon,,True,True,False,other,atcf2100_form-angle_maroon_2024_cil.jpg,atcf2100_form-side_maroon_2024_cil.jpg,,2,47e795fb-2587-446c-b5aa-072c63ef03fa
ATC Essentials,ATCF2100,Essential Performance Hood,Purple,,True,True,False,other,atcf2100_form-angle_purple_2024_cil.jpg,atcf2100_form-side_purple_2024_cil.jpg,,2,47e795fb-2587-446c-b5aa-072c63ef03fa
ATC Essentials,ATCF2100,Essential Performance Hood,True Navy,,True,True,False,other,atcf2100_form-angle_true-navy_2024_cil.jpg,atcf2100_form-side_true-navy_2024_cil.jpg,,2,47e795fb-2587-446c-b5aa-072c63ef03fa
ATC Essentials,ATCF2100,Essential Performance Hood,True Red,,True,True,False,other,atcf2100_form-angle_true-red_2024_cil.jpg,atcf2100_form-side_true-red_2024_cil.jpg,,2,47e795fb-2587-446c-b5aa-072c63ef03fa
ATC Essentials,ATCF2100,Essential Performance Hood,True Royal,,True,True,False,other,atcf2100_modl_true-royal_crop_2024_cil.jpg,atcf2100_form-side_true-royal_2024_cil.jpg,,2,47e795fb-2587-446c-b5aa-072c63ef03fa
ATC Essentials,ATCF2100,Essential Performance Hood,White,,True,True,False,other,atcf2100_form-angle_white_2024_cil.jpg,atcf2100_form-side_white_2024_cil.jpg,,2,47e795fb-2587-446c-b5aa-072c63ef03fa
ATC Essentials,ATCF2110,Essential Perf Fleece FZ Hood,Athletic Grey,,True,True,False,other,atcf2110_form-angle_athletic-grey_2026_cil.jpg,atcf2110_form-side_athletic-grey_2026_cil.jpg,,2,4d2fd285-5831-4281-8cd2-285937c725af
ATC Essentials,ATCF2110,Essential Perf Fleece FZ Hood,Black,,True,True,False,other,atcf2110_form-angle_black_2026_cil.jpg,atcf2110_form-side_black_2026_cil.jpg,,2,4d2fd285-5831-4281-8cd2-285937c725af
ATC Essentials,ATCF2110,Essential Perf Fleece FZ Hood,True Navy,,True,True,False,other,atcf2110_true-navy_modl_studio_crop_2026_cil.jpg,atcf2110_form-side_true-navy_2026_cil.jpg,,2,4d2fd285-5831-4281-8cd2-285937c725af
ATC Essentials,ATCF2130,Essential Perf Fleece 1/4 Zip,Athletic Grey,,True,True,False,other,atcf2130_form-angle_athletic-grey_2026_cil.jpg,atcf2130_form-side_athletic-grey_2026_cil.jpg,,2,38d89187-f38b-4423-9a75-8571989fd2e9
ATC Essentials,ATCF2130,Essential Perf Fleece 1/4 Zip,Black,,True,True,False,other,atcf2130_form-angle_black_2026_cil.jpg,atcf2130_form-side_black_2026_cil.jpg,,2,38d89187-f38b-4423-9a75-8571989fd2e9
ATC Essentials,ATCF2130,Essential Perf Fleece 1/4 Zip,True Navy,,True,True,False,other,atcf2130_true-navy_modl_studio_crop_2026_cil.jpg,atcf2130_form-side_true-navy_2026_cil.jpg,,2,38d89187-f38b-4423-9a75-8571989fd2e9
ATC Essentials,ATCF2180,Essential Perf Fleece Pant,Athletic Grey,,True,True,False,other,atcf2180_form-angle_athletic-grey_2026_cil.jpg,atcf2180_form-side-left_athletic-grey_2026_cil.jpg,,2,bea5cc34-13a6-49cd-8788-f70bc6e5bf5a
ATC Essentials,ATCF2180,Essential Perf Fleece Pant,Black,,True,True,False,other,atcf2180_form-angle_black_2026_cil.jpg,atcf2180_form-side-left_black_2026_cil.jpg,,2,bea5cc34-13a6-49cd-8788-f70bc6e5bf5a
ATC Essentials,ATCF2180,Essential Perf Fleece Pant,True Navy,,True,True,False,other,atcf2110_true-navy___atcf2180_true-navy_modl_studio_crop_2026_cil.jpg,atcf2180_form-side-left_true-navy_2026_cil.jpg,,2,bea5cc34-13a6-49cd-8788-f70bc6e5bf5a
ATC Essentials,ATCY2100,Essential Yth Performance Hood,Athletic Grey,,True,True,False,other,atcy2100_form-angle_athletic-grey_2024_cil.jpg,atcy2100_form-side_athletic-grey_2024_cil.jpg,,2,d03351ea-3f69-441b-a220-e0480a4e6b1e
ATC Essentials,ATCY2100,Essential Yth Performance Hood,Black,,True,True,False,other,atcy2100_form-angle_black_2024_cil.jpg,atcy2100_form-side_black_2024_cil.jpg,,2,d03351ea-3f69-441b-a220-e0480a4e6b1e
ATC Essentials,ATCY2100,Essential Yth Performance Hood,Charcoal Hthr,,False,False,False,,,,,0,d03351ea-3f69-441b-a220-e0480a4e6b1e
ATC Essentials,ATCY2100,Essential Yth Performance Hood,Coal Grey,,True,True,False,other,atcy2100_form-angle_coal-grey_2024_cil.jpg,atcy2100_form-side_coal-grey_2024_cil.jpg,,2,d03351ea-3f69-441b-a220-e0480a4e6b1e
ATC Essentials,ATCY2100,Essential Yth Performance Hood,Deep Orange,,True,True,False,other,atcy2100_form-angle_deep-orange_2024_cil.jpg,atcy2100_form-side_deep-orange_2024_cil.jpg,,2,d03351ea-3f69-441b-a220-e0480a4e6b1e
ATC Essentials,ATCY2100,Essential Yth Performance Hood,Forest Green,,True,True,False,other,atcy2100_form-angle_forest-green_2024_cil.jpg,atcy2100_form-side_forest-green_2024_cil.jpg,,2,d03351ea-3f69-441b-a220-e0480a4e6b1e
ATC Essentials,ATCY2100,Essential Yth Performance Hood,Maroon,,True,True,False,other,atcy2100_form-angle_maroon_2024_cil.jpg,atcy2100_form-side_maroon_2024_cil.jpg,,2,d03351ea-3f69-441b-a220-e0480a4e6b1e
ATC Essentials,ATCY2100,Essential Yth Performance Hood,Purple,,True,True,False,other,atcy2100_modl_purple_crop_2024_cil.jpg,atcy2100_form-side_purple_2024_cil.jpg,,2,d03351ea-3f69-441b-a220-e0480a4e6b1e
ATC Essentials,ATCY2100,Essential Yth Performance Hood,True Navy,,True,True,False,other,atcy2100_form-angle_true-navy_2024_cil.jpg,atcy2100_form-side_true-navy_2024_cil.jpg,,2,d03351ea-3f69-441b-a220-e0480a4e6b1e
ATC Essentials,ATCY2100,Essential Yth Performance Hood,True Red,,True,True,False,other,atcy2100_form-angle_true-red_2024_cil.jpg,atcy2100_form-side_true-red_2024_cil.jpg,,2,d03351ea-3f69-441b-a220-e0480a4e6b1e
ATC Essentials,ATCY2100,Essential Yth Performance Hood,True Royal,,True,True,False,other,atcy2100_form-angle_true-royal_2024_cil.jpg,atcy2100_form-side_true-royal_2024_cil.jpg,,2,d03351ea-3f69-441b-a220-e0480a4e6b1e
ATC Essentials,ATCY2100,Essential Yth Performance Hood,White,,True,True,False,other,atcy2100_form-angle_white_2024_cil.jpg,atcy2100_form-side_white_2024_cil.jpg,,2,d03351ea-3f69-441b-a220-e0480a4e6b1e
ATC Essentials,ATCY2180,Essential Perf Youth Sweatpant,Athletic Grey,,True,True,False,other,atcy2180_athletic-grey_modl_studio_crop_2026_cil.jpg,atcy2180_form-side-left_athletic-grey_2026_cil.jpg,,2,35e2d84a-cbb9-42cc-9903-5e54f97b40ae
ATC Essentials,ATCY2180,Essential Perf Youth Sweatpant,Black,,True,True,False,other,atcy2180_form-angle_black_2026_cil.jpg,atcy2180_form-side-left_black_2026_cil.jpg,,2,35e2d84a-cbb9-42cc-9903-5e54f97b40ae
ATC Essentials,ATCY2180,Essential Perf Youth Sweatpant,True Navy,,True,True,False,other,atcy2180_form-angle_true-navy_2026_cil.jpg,atcy2180_form-side-left_true-navy_2026_cil.jpg,,2,35e2d84a-cbb9-42cc-9903-5e54f97b40ae
ATC EuroSpun,ATC0822,Ring Spun Baseball Tee,AthGry/Char,,False,False,False,,,,,0,f77e64ad-fe8c-4073-8021-975a3d6ce2e5
ATC EuroSpun,ATC0822,Ring Spun Baseball Tee,AthGry/Navy,,False,False,False,,,,,0,f77e64ad-fe8c-4073-8021-975a3d6ce2e5
ATC EuroSpun,ATC0822,Ring Spun Baseball Tee,White/Black,,True,False,True,other,atc0822_whiteblack_modl_studio2_2019.jpg,,atc0822_form_back_whiteblack_052015.jpg,2,f77e64ad-fe8c-4073-8021-975a3d6ce2e5
ATC EuroSpun,ATC0822,Ring Spun Baseball Tee,Wht/True Navy,,False,False,False,,,,,0,f77e64ad-fe8c-4073-8021-975a3d6ce2e5
ATC EuroSpun,ATC0822Y,Ring Spun Baseball Yth Tee,AthGry/Char,,False,False,False,,,,,0,f1929840-a9ee-4029-937f-297aee9f4972
ATC EuroSpun,ATC0822Y,Ring Spun Baseball Yth Tee,White/Black,,True,False,True,other,atc0822y_form_angle_whiteblack_052015_1.jpg,,atc0822y_form_back_whiteblack_052015.jpg,2,f1929840-a9ee-4029-937f-297aee9f4972
ATC EuroSpun,ATC0822Y,Ring Spun Baseball Yth Tee,Wht/True Navy,,False,False,False,,,,,0,f1929840-a9ee-4029-937f-297aee9f4972
ATC EuroSpun,ATC8000,Ring Spun Tee,Athletic Grey,,True,False,True,other,atc8000_form_angle_athleticgrey_042015.jpg,,atc8000_form_back_athleticgrey_042015_1.jpg,2,2d6874e4-e0a6-431f-bacd-e5a364add658
ATC EuroSpun,ATC8000,Ring Spun Tee,Black,,True,False,True,other,atc8000_black_modl_wall_cil.jpg,,atc8000_form_back_black_042015.jpg,2,2d6874e4-e0a6-431f-bacd-e5a364add658
ATC EuroSpun,ATC8000,Ring Spun Tee,Carolina Blue,,True,False,True,other,atc8000_form_angle_carolinablue_042015.jpg,,atc8000_form_back_carolinablue_042015.jpg,2,2d6874e4-e0a6-431f-bacd-e5a364add658
ATC EuroSpun,ATC8000,Ring Spun Tee,Charcoal Hthr,,False,False,False,,,,,0,2d6874e4-e0a6-431f-bacd-e5a364add658
ATC EuroSpun,ATC8000,Ring Spun Tee,Coal Grey,,True,False,True,other,atc8000_form_angle_coalgrey_042015.jpg,,atc8000_form_back_coalgrey_042015.jpg,2,2d6874e4-e0a6-431f-bacd-e5a364add658
ATC EuroSpun,ATC8000,Ring Spun Tee,Deep Heather,,True,False,True,other,atc8000_form_angle_deepheather_032017.jpg,,atc8000_form_back_deepheather_032017_v2.jpg,2,2d6874e4-e0a6-431f-bacd-e5a364add658
ATC EuroSpun,ATC8000,Ring Spun Tee,Forest Green,,True,False,True,other,atc8000_form_angle_forestgreen_042015.jpg,,atc8000_form_back_forestgreen_042015.jpg,2,2d6874e4-e0a6-431f-bacd-e5a364add658
ATC EuroSpun,ATC8000,Ring Spun Tee,Hthr Cardinal,,False,False,False,,,,,0,2d6874e4-e0a6-431f-bacd-e5a364add658
ATC EuroSpun,ATC8000,Ring Spun Tee,Hthr Forest,,False,False,False,,,,,0,2d6874e4-e0a6-431f-bacd-e5a364add658
ATC EuroSpun,ATC8000,Ring Spun Tee,Hthr Navy,,False,False,False,,,,,0,2d6874e4-e0a6-431f-bacd-e5a364add658
ATC EuroSpun,ATC8000,Ring Spun Tee,Hthr Teal,,False,False,False,,,,,0,2d6874e4-e0a6-431f-bacd-e5a364add658
ATC EuroSpun,ATC8000,Ring Spun Tee,Orange,,True,False,True,other,atc8000_form_angle_orange_042015.jpg,,atc8000_form_back_orange_042015.jpg,2,2d6874e4-e0a6-431f-bacd-e5a364add658
ATC EuroSpun,ATC8000,Ring Spun Tee,Purple,,True,False,True,other,atc8000_form_angle_purple_042015.jpg,,atc8000_form_back_purple_2023_cil.jpg,2,2d6874e4-e0a6-431f-bacd-e5a364add658
ATC EuroSpun,ATC8000,Ring Spun Tee,Sapphire,,True,False,True,other,atc8000_form_angle_sapphire_042015.jpg,,atc8000_form_back_sapphire_042015.jpg,2,2d6874e4-e0a6-431f-bacd-e5a364add658
ATC EuroSpun,ATC8000,Ring Spun Tee,True Navy,,True,False,True,other,atc8000_form_angle_truenavy_042015.jpg,,atc8000_form_back_truenavy_042015.jpg,2,2d6874e4-e0a6-431f-bacd-e5a364add658
ATC EuroSpun,ATC8000,Ring Spun Tee,True Red,,True,False,True,other,atc8000_form_angle_truered_042015.jpg,,atc8000_form_back_truered_042015.jpg,2,2d6874e4-e0a6-431f-bacd-e5a364add658
ATC EuroSpun,ATC8000,Ring Spun Tee,True Royal,,True,False,True,other,atc8000_form_angle_trueroyal_042015.jpg,,atc8000_form_back_trueroyal_042015.jpg,2,2d6874e4-e0a6-431f-bacd-e5a364add658
ATC EuroSpun,ATC8000,Ring Spun Tee,White,,True,False,True,other,atc8000_form_angle_white_042015.jpg,,atc8000_form_back_white_042015.jpg,2,2d6874e4-e0a6-431f-bacd-e5a364add658
ATC EuroSpun,ATC8000,Ring Spun Tee,WildRaspberry,,True,False,True,other,atc8000_form_angle_wildraspberry_042015.jpg,,atc8000_form_back_wildraspberry_042015.jpg,2,2d6874e4-e0a6-431f-bacd-e5a364add658
ATC EuroSpun,ATC8000L,Ring Spun Lds' Tee,Athletic Grey,,True,False,True,other,atc8000l_form_angle_athleticgrey_042015_1.jpg,,atc8000l_form_back_athleticgrey_022016.jpg,2,c1ae0bf5-1115-4778-815f-0280dc1d04ed
ATC EuroSpun,ATC8000L,Ring Spun Lds' Tee,Black,,True,False,True,other,atc8000l_form_angle_black_042015.jpg,,atc8000l_form_back_black_042015.jpg,2,c1ae0bf5-1115-4778-815f-0280dc1d04ed
ATC EuroSpun,ATC8000L,Ring Spun Lds' Tee,Charcoal Hthr,,False,False,False,,,,,0,c1ae0bf5-1115-4778-815f-0280dc1d04ed
ATC EuroSpun,ATC8000L,Ring Spun Lds' Tee,True Royal,,True,False,True,other,atc8000l_form_angle_trueroyal_042015.jpg,,atc8000l_form_back_trueroyal_042015.jpg,2,c1ae0bf5-1115-4778-815f-0280dc1d04ed
ATC EuroSpun,ATC8000L,Ring Spun Lds' Tee,White,,True,False,True,other,atc8000l_form_angle_white_042015.jpg,,atc8000l_form_back_white_042015.jpg,2,c1ae0bf5-1115-4778-815f-0280dc1d04ed
ATC EuroSpun,ATC8000Y,Ring Spun Yth Tee,Athletic Grey,,True,False,False,other,atc8000y_form_angle_athleticgrey_042015.jpg,,,1,b7d6aea9-5202-44b0-a50b-3289dbd68135
ATC EuroSpun,ATC8000Y,Ring Spun Yth Tee,Black,,True,False,True,other,atc8000y_form_angle_black_042015.jpg,,atc8000y_form_back_black_072015.jpg,2,b7d6aea9-5202-44b0-a50b-3289dbd68135
ATC EuroSpun,ATC8000Y,Ring Spun Yth Tee,Deep Heather,,True,False,True,other,atc8000y_form_angle_deepheather_022019.jpg,,atc8000y_form_back_deepheather_022019.jpg,2,b7d6aea9-5202-44b0-a50b-3289dbd68135
ATC EuroSpun,ATC8000Y,Ring Spun Yth Tee,Orange,,True,False,True,other,atc8000y_form_angle_orange_042015.jpg,,atc8000y_form_back_orange_072015.jpg,2,b7d6aea9-5202-44b0-a50b-3289dbd68135
ATC EuroSpun,ATC8000Y,Ring Spun Yth Tee,Purple,,True,False,True,other,atc8000y_form_angle_purple_2023_cil.jpg,,atc8000y_form_back_purple_2023_cil.jpg,2,b7d6aea9-5202-44b0-a50b-3289dbd68135
ATC EuroSpun,ATC8000Y,Ring Spun Yth Tee,Sapphire,,True,False,True,other,atc8000y_form_angle_sapphire_042015.jpg,,atc8000y_form_back_sapphire_072015.jpg,2,b7d6aea9-5202-44b0-a50b-3289dbd68135
ATC EuroSpun,ATC8000Y,Ring Spun Yth Tee,True Navy,,True,False,True,other,atc8000y_form_angle_truenavy_042015.jpg,,atc8000y_form_back_truenavy_072015.jpg,2,b7d6aea9-5202-44b0-a50b-3289dbd68135
ATC EuroSpun,ATC8000Y,Ring Spun Yth Tee,True Red,,True,False,True,other,atc8000y_form_angle_truered_042015.jpg,,atc8000y_form_back_truered_072015.jpg,2,b7d6aea9-5202-44b0-a50b-3289dbd68135
ATC EuroSpun,ATC8000Y,Ring Spun Yth Tee,True Royal,,True,False,True,other,atc8000y_form_angle_trueroyal_042015.jpg,,atc8000y_form_back_trueroyal_072015.jpg,2,b7d6aea9-5202-44b0-a50b-3289dbd68135
ATC EuroSpun,ATC8000Y,Ring Spun Yth Tee,White,,True,False,True,other,atc8000y_form_angle_white_042015.jpg,,atc8000y_form_back_white_072015.jpg,2,b7d6aea9-5202-44b0-a50b-3289dbd68135
ATC EuroSpun,ATC8000Y,Ring Spun Yth Tee,WildRaspberry,,True,False,True,other,atc8000y_form_angle_wildraspberry_042015.jpg,,atc8000y_form_back_wildraspberry_072015.jpg,2,b7d6aea9-5202-44b0-a50b-3289dbd68135
ATC EuroSpun,ATC8001L,Ring Spun V-Neck Lds' Tee,Black,,True,False,True,other,atc8001l_form_angle_black_042015.jpg,,atc8001l_form_back_black_042015.jpg,2,138c60e3-7e0a-4b63-8381-9834eded67e3
ATC EuroSpun,ATC8001L,Ring Spun V-Neck Lds' Tee,Charcoal Hthr,,False,False,False,,,,,0,138c60e3-7e0a-4b63-8381-9834eded67e3
ATC EuroSpun,ATC8001L,Ring Spun V-Neck Lds' Tee,Coal Grey,,True,False,True,other,atc8001l_form_angle_coalgrey_042015.jpg,,atc8001l_form_back_coalgrey_042015.jpg,2,138c60e3-7e0a-4b63-8381-9834eded67e3
ATC EuroSpun,ATC8001L,Ring Spun V-Neck Lds' Tee,Hthr Cardinal,,False,False,False,,,,,0,138c60e3-7e0a-4b63-8381-9834eded67e3
ATC EuroSpun,ATC8001L,Ring Spun V-Neck Lds' Tee,Hthr Navy,,False,False,False,,,,,0,138c60e3-7e0a-4b63-8381-9834eded67e3
ATC EuroSpun,ATC8001L,Ring Spun V-Neck Lds' Tee,Hthr Teal,,False,False,False,,,,,0,138c60e3-7e0a-4b63-8381-9834eded67e3
ATC EuroSpun,ATC8001L,Ring Spun V-Neck Lds' Tee,Orange,,True,False,True,other,atc8001l_form_angle_orange_042015.jpg,,atc8001l_form_back_orange_042015.jpg,2,138c60e3-7e0a-4b63-8381-9834eded67e3
ATC EuroSpun,ATC8001L,Ring Spun V-Neck Lds' Tee,Purple,,True,False,True,other,atc8001l_form_angle_purple_2023_cil.jpg,,atc8001l_form_back_purple_2023_cil.jpg,2,138c60e3-7e0a-4b63-8381-9834eded67e3
ATC EuroSpun,ATC8001L,Ring Spun V-Neck Lds' Tee,Sapphire,,True,False,True,other,atc8001l_form_angle_sapphire_042015.jpg,,atc8001l_form_back_sapphire_042015.jpg,2,138c60e3-7e0a-4b63-8381-9834eded67e3
ATC EuroSpun,ATC8001L,Ring Spun V-Neck Lds' Tee,True Navy,,True,False,True,other,atc8001l_form_angle_truenavy_042015.jpg,,atc8001l_form_back_truenavy_042015.jpg,2,138c60e3-7e0a-4b63-8381-9834eded67e3
ATC EuroSpun,ATC8001L,Ring Spun V-Neck Lds' Tee,True Red,,True,False,True,other,atc8001l_form_angle_truered_042015.jpg,,atc8001l_form_back_truered_042015.jpg,2,138c60e3-7e0a-4b63-8381-9834eded67e3
ATC EuroSpun,ATC8001L,Ring Spun V-Neck Lds' Tee,True Royal,,True,False,True,other,atc8001l_form_angle_trueroyal_042015.jpg,,atc8001l_form_back_trueroyal_042015.jpg,2,138c60e3-7e0a-4b63-8381-9834eded67e3
ATC EuroSpun,ATC8001L,Ring Spun V-Neck Lds' Tee,White,,True,False,True,other,atc8001l_form_angle_white_042015.jpg,,atc8001l_form_back_white_042015.jpg,2,138c60e3-7e0a-4b63-8381-9834eded67e3
ATC EuroSpun,ATC8001L,Ring Spun V-Neck Lds' Tee,WildRaspberry,,True,False,True,other,atc8001l_form_angle_wildraspberry_042015.jpg,,atc8001l_form_back_wildraspberry_042015.jpg,2,138c60e3-7e0a-4b63-8381-9834eded67e3
ATC EuroSpun,ATC8004,Ring Spun Tank,White,,True,False,True,other,atc8004_form_angle_white_032017_c2.jpg,,atc8004_form_back_white.jpg,2,f08fbe9f-f0b3-4731-b780-e9dd406ace54
ATC EuroSpun,ATC8015,Ring Spun L/S Tee,Athletic Grey,,True,False,True,other,atc8015_form_angle_athleticgrey_022016.jpg,,atc8015_form_back_athleticgrey_022016.jpg,2,831d123e-30c0-4de6-9f13-4167f3514bf7
ATC EuroSpun,ATC8015,Ring Spun L/S Tee,Black,,True,False,True,other,atc8015_form_angle_black_022016_1.jpg,,atc8015_form_back_black_022016.jpg,2,831d123e-30c0-4de6-9f13-4167f3514bf7
ATC EuroSpun,ATC8015,Ring Spun L/S Tee,Charcoal Hthr,,False,False,False,,,,,0,831d123e-30c0-4de6-9f13-4167f3514bf7
ATC EuroSpun,ATC8015,Ring Spun L/S Tee,True Navy,,True,False,True,other,atc8015_truenavy_modl_crop-3.jpg,,atc8015_form_back_truenavy_022016.jpg,2,831d123e-30c0-4de6-9f13-4167f3514bf7
ATC EuroSpun,ATC8015,Ring Spun L/S Tee,True Red,,True,False,False,other,atc8015_form_angle_truered_2018.jpg,,,1,831d123e-30c0-4de6-9f13-4167f3514bf7
ATC EuroSpun,ATC8015,Ring Spun L/S Tee,True Royal,,True,False,True,other,atc8015_form_angle_trueroyal_2018.jpg,,atc8015_form_back_trueroyal_022019.jpg,2,831d123e-30c0-4de6-9f13-4167f3514bf7
ATC EuroSpun,ATC8015,Ring Spun L/S Tee,White,,True,False,True,other,atc8015_form_angle_white_2018.jpg,,atc8015_form_back_white_022019.jpg,2,831d123e-30c0-4de6-9f13-4167f3514bf7
ATC EuroSpun,ATC8015L,EuroSpun Long Sleeve Lds Tee,Black,,True,False,False,other,atc8015l_form-front_black_2022_cil.jpg,,,1,aabf153f-79f6-470b-b6d0-11ae82a69134
ATC EuroSpun,ATC8015L,EuroSpun Long Sleeve Lds Tee,Charcoal Hth,,False,False,False,,,,,0,aabf153f-79f6-470b-b6d0-11ae82a69134
ATC EuroSpun,ATC8015L,EuroSpun Long Sleeve Lds Tee,White,,True,False,False,other,atc8015l_form-front_white_2022_cil.jpg,,,1,aabf153f-79f6-470b-b6d0-11ae82a69134
ATC EuroSpun,ATC8064,Vintage Thermal L/S Henley,Cardinal Hthr,,False,False,False,,,,,0,3495cdb8-a9cd-44ca-9bf5-4e69676dd576
ATC EuroSpun,ATC8064,Vintage Thermal L/S Henley,Charcoal Hthr,,False,False,False,,,,,0,3495cdb8-a9cd-44ca-9bf5-4e69676dd576
ATC EuroSpun,ATC8064,Vintage Thermal L/S Henley,Grey Hthr,,False,False,False,,,,,0,3495cdb8-a9cd-44ca-9bf5-4e69676dd576
ATC EuroSpun,ATC8064L,Vintage Thermal L/S Lds'Henley,Charcoal Hthr,,False,False,False,,,,,0,35156e69-c504-4655-a8bc-3d2391a3a1e4
ATC Everyday,ATC1000,Everyday Cotton Tee,Aquatic Blue,,True,False,False,other,atc1000_form-angle_aquatic-blue_2024_cil.jpg,,,1,6d6e317e-5bde-433b-a96e-88833817b41d
ATC Everyday,ATC1000,Everyday Cotton Tee,Ash,,True,True,False,other,atc1000_form-angle_ash-grey_2023_cil.jpg,atc1000_form-side_ash-grey_2023_cil.jpg,,2,6d6e317e-5bde-433b-a96e-88833817b41d
ATC Everyday,ATC1000,Everyday Cotton Tee,Athletic Hthr,,False,False,False,,,,,0,6d6e317e-5bde-433b-a96e-88833817b41d
ATC Everyday,ATC1000,Everyday Cotton Tee,Black,,True,False,True,other,atc1000_form_angle_black_v2_012017.jpg,,atc1000_form_back_black_012017.jpg,2,6d6e317e-5bde-433b-a96e-88833817b41d
ATC Everyday,ATC1000,Everyday Cotton Tee,Bright Aqua,,True,False,False,other,atc1000_form-angle_bright-aqua_2024_cil.jpg,,,1,6d6e317e-5bde-433b-a96e-88833817b41d
ATC Everyday,ATC1000,Everyday Cotton Tee,Candy Pink,,True,False,False,other,atc1000_form-angle_candy-pink_2024_cil.jpg,,,1,6d6e317e-5bde-433b-a96e-88833817b41d
ATC Everyday,ATC1000,Everyday Cotton Tee,Caramel,,True,False,False,other,atc1000_form-angle_caramel_2024_cil.jpg,,,1,6d6e317e-5bde-433b-a96e-88833817b41d
ATC Everyday,ATC1000,Everyday Cotton Tee,Carolina Blue,,True,False,False,other,atc1000_form-angle_carolina-blue_2024_cil.jpg,,,1,6d6e317e-5bde-433b-a96e-88833817b41d
ATC Everyday,ATC1000,Everyday Cotton Tee,Charcoal,,True,False,True,other,atc1000_form_angle_charcoal_v2_012017.jpg,,atc1000_form_back_charcoal_012017.jpg,2,6d6e317e-5bde-433b-a96e-88833817b41d
ATC Everyday,ATC1000,Everyday Cotton Tee,Clover Green,,True,False,False,other,atc1000_form-angle_clover-green_2024_cil.jpg,,,1,6d6e317e-5bde-433b-a96e-88833817b41d
ATC Everyday,ATC1000,Everyday Cotton Tee,Coyote Brown,,True,False,False,other,atc1000_form-angle_coyote-brown_2024_cil.jpg,,,1,6d6e317e-5bde-433b-a96e-88833817b41d
ATC Everyday,ATC1000,Everyday Cotton Tee,Dark ChcBrown,,False,False,False,,,,,0,6d6e317e-5bde-433b-a96e-88833817b41d
ATC Everyday,ATC1000,Everyday Cotton Tee,Dark Green,,True,False,True,other,atc1000_form_angle_darkgreen_022017.jpg,,atc1000_form_back_darkgreen_022017.jpg,2,6d6e317e-5bde-433b-a96e-88833817b41d
ATC Everyday,ATC1000,Everyday Cotton Tee,Dark HthrGrey,,False,False,False,,,,,0,6d6e317e-5bde-433b-a96e-88833817b41d
ATC Everyday,ATC1000,Everyday Cotton Tee,Dark Navy,,True,False,True,other,atc1000_form_angle_dark-navy_052019.jpg,,atc1000_form_back_dark-navy_052019.jpg,2,6d6e317e-5bde-433b-a96e-88833817b41d
ATC Everyday,ATC1000,Everyday Cotton Tee,Gold,,True,False,True,other,atc1000_form_angle_gold_v2_012017.jpg,,atc1000_form_back_gold_012017.jpg,2,6d6e317e-5bde-433b-a96e-88833817b41d
ATC Everyday,ATC1000,Everyday Cotton Tee,Graphite Hthr,,False,False,False,,,,,0,6d6e317e-5bde-433b-a96e-88833817b41d
ATC Everyday,ATC1000,Everyday Cotton Tee,Kelly,,True,False,True,other,atc1000_form_angle_kelly_v2_012017.jpg,,atc1000_form_back_kelly_012017.jpg,2,6d6e317e-5bde-433b-a96e-88833817b41d
ATC Everyday,ATC1000,Everyday Cotton Tee,Laurel Green,,True,False,False,other,atc1000_form-angle_laurel-green_2024_cil.jpg,,,1,6d6e317e-5bde-433b-a96e-88833817b41d
ATC Everyday,ATC1000,Everyday Cotton Tee,Lavender,,True,False,False,other,atc1000_form-angle_lavender_2024_cil.jpg,,,1,6d6e317e-5bde-433b-a96e-88833817b41d
ATC Everyday,ATC1000,Everyday Cotton Tee,Light Blue,,True,False,True,other,atc1000_form_angle_lightblue_112017.jpg,,atc1000_form_back_lightblue_112017.jpg,2,6d6e317e-5bde-433b-a96e-88833817b41d
ATC Everyday,ATC1000,Everyday Cotton Tee,Lime,,True,False,True,other,atc1000_form_angle_lime_112017.jpg,,atc1000_form_back_lime_112017.jpg,2,6d6e317e-5bde-433b-a96e-88833817b41d
ATC Everyday,ATC1000,Everyday Cotton Tee,Maroon,,True,False,True,other,atc1000_form_angle_maroon_012017.jpg,,atc1000_form_back_maroon_012017.jpg,2,6d6e317e-5bde-433b-a96e-88833817b41d
ATC Everyday,ATC1000,Everyday Cotton Tee,MilitaryGreen,,False,False,False,,,,,0,6d6e317e-5bde-433b-a96e-88833817b41d
ATC Everyday,ATC1000,Everyday Cotton Tee,Natural,,True,False,False,other,atc1000_form-angle_natural_2024_cil.jpg,,,1,6d6e317e-5bde-433b-a96e-88833817b41d
ATC Everyday,ATC1000,Everyday Cotton Tee,Navy,,True,False,True,other,atc1000_form_angle_navy_v2_012017.jpg,,atc1000_form_back_navy_012017.jpg,2,6d6e317e-5bde-433b-a96e-88833817b41d
ATC Everyday,ATC1000,Everyday Cotton Tee,Neptune Blue,,True,False,False,other,atc1000_form-angle_neptune-blue_2024_cil.jpg,,,1,6d6e317e-5bde-433b-a96e-88833817b41d
ATC Everyday,ATC1000,Everyday Cotton Tee,Oatmeal Hthr,,False,False,False,,,,,0,6d6e317e-5bde-433b-a96e-88833817b41d
ATC Everyday,ATC1000,Everyday Cotton Tee,Orange,,True,False,True,other,atc1000_form-angle_neon-orange_2024_cil.jpg,,atc1000_form_back_orange_012017.jpg,2,6d6e317e-5bde-433b-a96e-88833817b41d
ATC Everyday,ATC1000,Everyday Cotton Tee,Pale Blush,,True,False,False,other,atc1000_form-angle_pale-blush_2024_cil.jpg,,,1,6d6e317e-5bde-433b-a96e-88833817b41d
ATC Everyday,ATC1000,Everyday Cotton Tee,Purple,,True,True,True,other,atc1000_form-angle_heather-purple_2024_cil.jpg,atc1000_form-side_heather_purple_2024_cil.jpg,atc1000_form_back_purple_012017.jpg,3,6d6e317e-5bde-433b-a96e-88833817b41d
ATC Everyday,ATC1000,Everyday Cotton Tee,Red,,True,False,True,other,atc1000_form_angle_red_v2_012017.jpg,,atc1000_form_back_red_012017.jpg,2,6d6e317e-5bde-433b-a96e-88833817b41d
ATC Everyday,ATC1000,Everyday Cotton Tee,Royal,,True,False,True,other,atc1000_form_angle_royal_v2_012017.jpg,,atc1000_form_back_royal_012017.jpg,2,6d6e317e-5bde-433b-a96e-88833817b41d
ATC Everyday,ATC1000,Everyday Cotton Tee,Safety Green,,True,False,False,other,atc1000_form-angle_safety-green_2024_cil.jpg,,,1,6d6e317e-5bde-433b-a96e-88833817b41d
ATC Everyday,ATC1000,Everyday Cotton Tee,Safety Orange,,True,False,False,other,atc1000_form-angle_safety-orange_2024_cil.jpg,,,1,6d6e317e-5bde-433b-a96e-88833817b41d
ATC Everyday,ATC1000,Everyday Cotton Tee,Sangria,,True,False,True,other,atc1000_form_angle_sangria_v2_012017.jpg,,atc1000_form_back_sangria_012017.jpg,2,6d6e317e-5bde-433b-a96e-88833817b41d
ATC Everyday,ATC1000,Everyday Cotton Tee,Sapphire,,True,False,True,other,atc1000_form_angle_sapphire_v2_012017.jpg,,atc1000_form_back_sapphire_012017.jpg,2,6d6e317e-5bde-433b-a96e-88833817b41d
ATC Everyday,ATC1000,Everyday Cotton Tee,Steel Blue,,True,False,False,other,atc1000_form-angle_steel-blue_2024_cil.jpg,,,1,6d6e317e-5bde-433b-a96e-88833817b41d
ATC Everyday,ATC1000,Everyday Cotton Tee,Teal,,True,False,False,other,atc1000_form-angle_teal_2024_cil.jpg,,,1,6d6e317e-5bde-433b-a96e-88833817b41d
ATC Everyday,ATC1000,Everyday Cotton Tee,Team Charcoal,,True,False,False,other,atc1000_form-angle_team-charcoal_2026_cil.jpg,,,1,6d6e317e-5bde-433b-a96e-88833817b41d
ATC Everyday,ATC1000,Everyday Cotton Tee,Team Drk Hthr,,False,False,False,,,,,0,6d6e317e-5bde-433b-a96e-88833817b41d
ATC Everyday,ATC1000,Everyday Cotton Tee,Team FrstGrn,,False,False,False,,,,,0,6d6e317e-5bde-433b-a96e-88833817b41d
ATC Everyday,ATC1000,Everyday Cotton Tee,Team Gold,,True,False,False,other,atc1000_form-angle_team-gold_2026_cil.jpg,,,1,6d6e317e-5bde-433b-a96e-88833817b41d
ATC Everyday,ATC1000,Everyday Cotton Tee,Team Navy,,True,False,False,other,atc1000_form-angle_team-navy_2025_cil.jpg,,,1,6d6e317e-5bde-433b-a96e-88833817b41d
ATC Everyday,ATC1000,Everyday Cotton Tee,Team Purple,,True,False,False,other,atc1000_form-angle_team-purple_2024_cil.jpg,,,1,6d6e317e-5bde-433b-a96e-88833817b41d
ATC Everyday,ATC1000,Everyday Cotton Tee,Team Red,,True,False,False,other,atc1000_form-angle_team-red_2025_cil.jpg,,,1,6d6e317e-5bde-433b-a96e-88833817b41d
ATC Everyday,ATC1000,Everyday Cotton Tee,Team Royal,,True,False,False,other,atc1000_form-angle_team-royal_2025_cil.jpg,,,1,6d6e317e-5bde-433b-a96e-88833817b41d
ATC Everyday,ATC1000,Everyday Cotton Tee,True Royal,,True,False,False,other,atc1000_form-angle_true-royal_2024_cil.jpg,,,1,6d6e317e-5bde-433b-a96e-88833817b41d
ATC Everyday,ATC1000,Everyday Cotton Tee,White,,True,False,True,other,atc1000_form_angle_white_012017.jpg,,atc1000_form_back_white_012017.jpg,2,6d6e317e-5bde-433b-a96e-88833817b41d
ATC Everyday,ATC1000,Everyday Cotton Tee,Yellow,,True,False,True,other,atc1000_form-angle_neon-yellow_2024_cil.jpg,,atc1000_form_back_yellow_012017.jpg,2,6d6e317e-5bde-433b-a96e-88833817b41d
ATC Everyday,ATC1000L,Everyday Cotton Lds' Tee,Aquatic Blue,,True,False,False,other,atc1000l_form-angle_aquatic-blue_2024_cil.jpg,,,1,84203032-83f2-44b2-b823-9c60568bae66
ATC Everyday,ATC1000L,Everyday Cotton Lds' Tee,Ash,,True,True,False,other,atc1000l_form-angle_ash-grey_2023_cil.jpg,atc1000l_form-side_ash-grey_2023_cil.jpg,,2,84203032-83f2-44b2-b823-9c60568bae66
ATC Everyday,ATC1000L,Everyday Cotton Lds' Tee,Athletic Hthr,,False,False,False,,,,,0,84203032-83f2-44b2-b823-9c60568bae66
ATC Everyday,ATC1000L,Everyday Cotton Lds' Tee,Black,,True,False,True,other,atc1000l_form_angle_black_012017.jpg,,atc1000l_form_back_black_012017.jpg,2,84203032-83f2-44b2-b823-9c60568bae66
ATC Everyday,ATC1000L,Everyday Cotton Lds' Tee,Candy Pink,,True,False,False,other,atc1000l_form-angle_candy-pink_2024_cil.jpg,,,1,84203032-83f2-44b2-b823-9c60568bae66
ATC Everyday,ATC1000L,Everyday Cotton Lds' Tee,Charcoal,,True,False,True,other,atc1000l_form_angle_charcoal_012017.jpg,,atc1000l_form_back_charcoal_012017.jpg,2,84203032-83f2-44b2-b823-9c60568bae66
ATC Everyday,ATC1000L,Everyday Cotton Lds' Tee,Dark HthrGrey,,False,False,False,,,,,0,84203032-83f2-44b2-b823-9c60568bae66
ATC Everyday,ATC1000L,Everyday Cotton Lds' Tee,Gold,,True,False,True,other,atc1000l_form_angle_gold_012017.jpg,,atc1000l_form_back_gold_012017.jpg,2,84203032-83f2-44b2-b823-9c60568bae66
ATC Everyday,ATC1000L,Everyday Cotton Lds' Tee,Kelly,,True,False,True,other,atc1000l_form_angle_kelly_012017.jpg,,atc1000l_form_back_kelly_012017.jpg,2,84203032-83f2-44b2-b823-9c60568bae66
ATC Everyday,ATC1000L,Everyday Cotton Lds' Tee,Laurel Green,,True,False,False,other,atc1000l_form-angle_laurel-green_2024_cil.jpg,,,1,84203032-83f2-44b2-b823-9c60568bae66
ATC Everyday,ATC1000L,Everyday Cotton Lds' Tee,Lavender,,True,False,False,other,atc1000l_form-angle_lavender_2024_cil.jpg,,,1,84203032-83f2-44b2-b823-9c60568bae66
ATC Everyday,ATC1000L,Everyday Cotton Lds' Tee,Light Blue,,True,False,True,other,atc1000l_form_angle_lightblue_112017.jpg,,atc1000l_form_back_lightblue_112017.jpg,2,84203032-83f2-44b2-b823-9c60568bae66
ATC Everyday,ATC1000L,Everyday Cotton Lds' Tee,Lime,,True,False,True,other,atc1000l_form_angle_lime_112017.jpg,,atc1000l_form_back_lime_112017.jpg,2,84203032-83f2-44b2-b823-9c60568bae66
ATC Everyday,ATC1000L,Everyday Cotton Lds' Tee,Maroon,,True,False,True,other,atc1000l_form_angle_maroon_012017.jpg,,atc1000l_form_back_maroon_012017.jpg,2,84203032-83f2-44b2-b823-9c60568bae66
ATC Everyday,ATC1000L,Everyday Cotton Lds' Tee,Navy,,True,False,True,other,atc1000l_form_angle_navy_012017.jpg,,atc1000l_form_back_navy_012017.jpg,2,84203032-83f2-44b2-b823-9c60568bae66
ATC Everyday,ATC1000L,Everyday Cotton Lds' Tee,Oatmeal Hthr,,False,False,False,,,,,0,84203032-83f2-44b2-b823-9c60568bae66
ATC Everyday,ATC1000L,Everyday Cotton Lds' Tee,Orange,,True,False,True,other,atc1000l_form_angle_orange_012017.jpg,,atc1000l_form_back_orange_012017.jpg,2,84203032-83f2-44b2-b823-9c60568bae66
ATC Everyday,ATC1000L,Everyday Cotton Lds' Tee,Pale Blush,,True,False,False,other,atc1000l_form-angle_pale-blush_2024_cil.jpg,,,1,84203032-83f2-44b2-b823-9c60568bae66
ATC Everyday,ATC1000L,Everyday Cotton Lds' Tee,Purple,,True,False,True,other,atc1000l_form_angle_purple_012017.jpg,,atc1000l_form_back_purple_012017.jpg,2,84203032-83f2-44b2-b823-9c60568bae66
ATC Everyday,ATC1000L,Everyday Cotton Lds' Tee,Red,,True,False,True,other,atc1000l_form_angle_red_012017.jpg,,atc1000l_form_back_red_012017.jpg,2,84203032-83f2-44b2-b823-9c60568bae66
ATC Everyday,ATC1000L,Everyday Cotton Lds' Tee,Royal,,True,False,True,other,atc1000l_form_angle_royal_012017.jpg,,atc1000l_form_back_royal_012017.jpg,2,84203032-83f2-44b2-b823-9c60568bae66
ATC Everyday,ATC1000L,Everyday Cotton Lds' Tee,Sangria,,True,False,True,other,atc1000l_form_angle_sangria_012017.jpg,,atc1000l_form_back_sangria_012017.jpg,2,84203032-83f2-44b2-b823-9c60568bae66
ATC Everyday,ATC1000L,Everyday Cotton Lds' Tee,Sapphire,,True,False,True,other,atc1000l_form_angle_sapphire_012017.jpg,,atc1000l_form_back_sapphire_012017.jpg,2,84203032-83f2-44b2-b823-9c60568bae66
ATC Everyday,ATC1000L,Everyday Cotton Lds' Tee,Teal,,True,False,False,other,atc1000l_form-angle_teal_2024_cil.jpg,,,1,84203032-83f2-44b2-b823-9c60568bae66
ATC Everyday,ATC1000L,Everyday Cotton Lds' Tee,White,,True,False,True,other,atc1000l_form_angle_white_012017.jpg,,atc1000l_form_back_white_012017.jpg,2,84203032-83f2-44b2-b823-9c60568bae66
ATC Everyday,ATC1000L,Everyday Cotton Lds' Tee,Yellow,,True,False,True,other,atc1000l_form_angle_yellow_012017.jpg,,atc1000l_form_back_yellow_012017.jpg,2,84203032-83f2-44b2-b823-9c60568bae66
ATC Everyday,ATC1000P,Everyday Pkt Tee,Black,,True,False,True,other,atc1000p_form_angle_black_052019.jpg,,atc1000p_form_back_black_012017.jpg,2,99a95381-d8b1-4f5b-8673-020a6132ade6
ATC Everyday,ATC1000P,Everyday Pkt Tee,Dark HthrGrey,,True,False,False,other,atc1000p_form_front_darkhthrgrey_052019.jpg,,,1,99a95381-d8b1-4f5b-8673-020a6132ade6
ATC Everyday,ATC1000P,Everyday Pkt Tee,Dark Navy,,True,False,False,other,atc1000p_form_angle_dark-navy_052019_v2.jpg,,,1,99a95381-d8b1-4f5b-8673-020a6132ade6
ATC Everyday,ATC1000P,Everyday Pkt Tee,Red,,True,False,True,other,atc1000p_form_angle_red_052019.jpg,,atc1000p_form_back_red_012017.jpg,2,99a95381-d8b1-4f5b-8673-020a6132ade6
ATC Everyday,ATC1000P,Everyday Pkt Tee,Royal,,True,False,True,other,atc1000p_royal_modl_studio_2_2020.jpg,,atc1000p_form_back_royal_012017.jpg,2,99a95381-d8b1-4f5b-8673-020a6132ade6
ATC Everyday,ATC1000P,Everyday Pkt Tee,White,,True,False,True,other,atc1000p_form_angle_white_052019.jpg,,atc1000p_form_back_white_012017.jpg,2,99a95381-d8b1-4f5b-8673-020a6132ade6
ATC Everyday,ATC1000T,Everyday Cotton Tall Tee,Athletic Hthr,,False,False,False,,,,,0,f3780982-3d2f-4627-bad5-808cf9761bd2
ATC Everyday,ATC1000T,Everyday Cotton Tall Tee,Black,,True,False,False,other,atc1000t_black_modl_studio_2019c_1.jpg,,,1,f3780982-3d2f-4627-bad5-808cf9761bd2
ATC Everyday,ATC1000T,Everyday Cotton Tall Tee,Navy,,True,False,False,other,atc1000t_form_front_navy.jpg,,,1,f3780982-3d2f-4627-bad5-808cf9761bd2
ATC Everyday,ATC1000T,Everyday Cotton Tall Tee,Orange,,True,False,False,other,atc1000t_form-front_orange_2026_cil.jpg,,,1,f3780982-3d2f-4627-bad5-808cf9761bd2
ATC Everyday,ATC1000T,Everyday Cotton Tall Tee,Safety Green,,True,False,False,other,atc1000t_form-front_safety-green_2026_cil.jpg,,,1,f3780982-3d2f-4627-bad5-808cf9761bd2
ATC Everyday,ATC1000T,Everyday Cotton Tall Tee,Team Navy,,True,False,False,other,atc1000t_form-front_team-navy_2026_cil.jpg,,,1,f3780982-3d2f-4627-bad5-808cf9761bd2
ATC Everyday,ATC1000T,Everyday Cotton Tall Tee,Team Red,,True,False,False,other,atc1000t_form-front_team-red_2026_cil.jpg,,,1,f3780982-3d2f-4627-bad5-808cf9761bd2
ATC Everyday,ATC1000T,Everyday Cotton Tall Tee,Team Royal,,True,False,False,other,atc1000t_form-front_team-royal_2026_cil.jpg,,,1,f3780982-3d2f-4627-bad5-808cf9761bd2
ATC Everyday,ATC1000T,Everyday Cotton Tall Tee,White,,True,False,False,other,atc1000_form_front_white_012017_1.jpg,,,1,f3780982-3d2f-4627-bad5-808cf9761bd2
ATC Everyday,ATC1000Y,Everyday Cotton Youth Tee,Aquatic Blue,,True,False,False,other,atc1000y_form-angle_aquatic-blue_2024_cil.jpg,,,1,624e505d-1a59-45ee-b622-3c87a1fc09f2
ATC Everyday,ATC1000Y,Everyday Cotton Youth Tee,Ash,,True,False,False,other,atc1000y_modl_ash-grey_studio-girl-crop_2023_cil.jpg,,,1,624e505d-1a59-45ee-b622-3c87a1fc09f2
ATC Everyday,ATC1000Y,Everyday Cotton Youth Tee,Athletic Hthr,,False,False,False,,,,,0,624e505d-1a59-45ee-b622-3c87a1fc09f2
ATC Everyday,ATC1000Y,Everyday Cotton Youth Tee,Black,,True,False,True,other,atc1000y_form_angle_black_012017.jpg,,atc1000y_form_back_black_012017.jpg,2,624e505d-1a59-45ee-b622-3c87a1fc09f2
ATC Everyday,ATC1000Y,Everyday Cotton Youth Tee,Candy Pink,,True,False,False,other,atc1000y_form-angle_candy-pink_2024_cil.jpg,,,1,624e505d-1a59-45ee-b622-3c87a1fc09f2
ATC Everyday,ATC1000Y,Everyday Cotton Youth Tee,Charcoal,,True,False,True,other,atc1000y_form_angle_charcoal_012017.jpg,,atc1000y_form_back_charcoal_012017.jpg,2,624e505d-1a59-45ee-b622-3c87a1fc09f2
ATC Everyday,ATC1000Y,Everyday Cotton Youth Tee,Dark Green,,True,False,True,other,atc1000y_form_angle_darkgreen_022017.jpg,,atc1000y_form_back_darkgreen_022017.jpg,2,624e505d-1a59-45ee-b622-3c87a1fc09f2
ATC Everyday,ATC1000Y,Everyday Cotton Youth Tee,Dark HthrGrey,,False,False,False,,,,,0,624e505d-1a59-45ee-b622-3c87a1fc09f2
ATC Everyday,ATC1000Y,Everyday Cotton Youth Tee,Gold,,True,False,True,other,atc1000y_form_angle_gold_012017.jpg,,atc1000y_form_back_gold_012017.jpg,2,624e505d-1a59-45ee-b622-3c87a1fc09f2
ATC Everyday,ATC1000Y,Everyday Cotton Youth Tee,Kelly,,True,False,True,other,atc1000y_form_angle_kelly_012017.jpg,,atc1000y_form_back_kelly_012017.jpg,2,624e505d-1a59-45ee-b622-3c87a1fc09f2
ATC Everyday,ATC1000Y,Everyday Cotton Youth Tee,Lavender,,True,False,False,other,atc1000y_form-angle_lavender_2024_cil.jpg,,,1,624e505d-1a59-45ee-b622-3c87a1fc09f2
ATC Everyday,ATC1000Y,Everyday Cotton Youth Tee,Light Blue,,True,False,True,other,atc1000y_form_angle_lightblue_112017.jpg,,atc1000y_form_back_lightblue_112017.jpg,2,624e505d-1a59-45ee-b622-3c87a1fc09f2
ATC Everyday,ATC1000Y,Everyday Cotton Youth Tee,Lime,,True,False,True,other,atc1000y_form_angle_lime_112017.jpg,,atc1000y_form_back_lime_112017.jpg,2,624e505d-1a59-45ee-b622-3c87a1fc09f2
ATC Everyday,ATC1000Y,Everyday Cotton Youth Tee,Maroon,,True,False,True,other,atc1000y_form_angle_maroon_012017.jpg,,atc1000y_form_back_maroon_012017.jpg,2,624e505d-1a59-45ee-b622-3c87a1fc09f2
ATC Everyday,ATC1000Y,Everyday Cotton Youth Tee,Navy,,True,False,True,other,atc1000y_form_angle_navy_012017.jpg,,atc1000y_form_back_navy_012017.jpg,2,624e505d-1a59-45ee-b622-3c87a1fc09f2
ATC Everyday,ATC1000Y,Everyday Cotton Youth Tee,Oatmeal Hthr,,False,False,False,,,,,0,624e505d-1a59-45ee-b622-3c87a1fc09f2
ATC Everyday,ATC1000Y,Everyday Cotton Youth Tee,Orange,,True,False,True,other,atc1000y_form-angle_neon-orange_2024_cil.jpg,,atc1000y_form_back_orange_012017.jpg,2,624e505d-1a59-45ee-b622-3c87a1fc09f2
ATC Everyday,ATC1000Y,Everyday Cotton Youth Tee,Pale Blush,,True,False,False,other,atc1000y_form-angle_pale-blush_2024_cil.jpg,,,1,624e505d-1a59-45ee-b622-3c87a1fc09f2
ATC Everyday,ATC1000Y,Everyday Cotton Youth Tee,Purple,,True,False,True,other,atc1000y_form-angle_heather-purple_2024_cil.jpg,,atc1000y_form_back_purple_012017.jpg,2,624e505d-1a59-45ee-b622-3c87a1fc09f2
ATC Everyday,ATC1000Y,Everyday Cotton Youth Tee,Red,,True,False,True,other,atc1000y_form_angle_red_012017.jpg,,atc1000y_form_back_red_012017.jpg,2,624e505d-1a59-45ee-b622-3c87a1fc09f2
ATC Everyday,ATC1000Y,Everyday Cotton Youth Tee,Royal,,True,False,True,other,atc1000y_form_angle_royal_012017.jpg,,atc1000y_form_back_royal_012017.jpg,2,624e505d-1a59-45ee-b622-3c87a1fc09f2
ATC Everyday,ATC1000Y,Everyday Cotton Youth Tee,Sangria,,True,False,True,other,atc1000y_form_angle_sangria_012017.jpg,,atc1000y_form_back_sangria_012017.jpg,2,624e505d-1a59-45ee-b622-3c87a1fc09f2
ATC Everyday,ATC1000Y,Everyday Cotton Youth Tee,Sapphire,,True,False,True,other,atc1000y_form_angle_sapphire_012017.jpg,,atc1000y_form_back_sapphire_012017.jpg,2,624e505d-1a59-45ee-b622-3c87a1fc09f2
ATC Everyday,ATC1000Y,Everyday Cotton Youth Tee,Team Charcoal,,True,False,False,other,atc1000y_form-angle_team-charcoal_2026_cil.jpg,,,1,624e505d-1a59-45ee-b622-3c87a1fc09f2
ATC Everyday,ATC1000Y,Everyday Cotton Youth Tee,Team Drk Hthr,,False,False,False,,,,,0,624e505d-1a59-45ee-b622-3c87a1fc09f2
ATC Everyday,ATC1000Y,Everyday Cotton Youth Tee,Team FrstGrn,,False,False,False,,,,,0,624e505d-1a59-45ee-b622-3c87a1fc09f2
ATC Everyday,ATC1000Y,Everyday Cotton Youth Tee,Team Gold,,True,False,False,other,atc1000y_form-angle_team-gold_2026_cil.jpg,,,1,624e505d-1a59-45ee-b622-3c87a1fc09f2
ATC Everyday,ATC1000Y,Everyday Cotton Youth Tee,Team Navy,,True,False,False,other,atc1000y_form-angle_team-navy_2025_cil.jpg,,,1,624e505d-1a59-45ee-b622-3c87a1fc09f2
ATC Everyday,ATC1000Y,Everyday Cotton Youth Tee,Team Purple,,True,False,False,other,atc1000y_form-angle_team-purple_2024_cil.jpg,,,1,624e505d-1a59-45ee-b622-3c87a1fc09f2
ATC Everyday,ATC1000Y,Everyday Cotton Youth Tee,Team Red,,True,False,False,other,atc1000y_form-angle_team-red_2025_cil.jpg,,,1,624e505d-1a59-45ee-b622-3c87a1fc09f2
ATC Everyday,ATC1000Y,Everyday Cotton Youth Tee,Team Royal,,True,False,False,other,atc1000y_form-angle_team-royal_2025_cil.jpg,,,1,624e505d-1a59-45ee-b622-3c87a1fc09f2
ATC Everyday,ATC1000Y,Everyday Cotton Youth Tee,True Royal,,True,False,False,other,atc1000y_form-angle_true-royal_2024_cil.jpg,,,1,624e505d-1a59-45ee-b622-3c87a1fc09f2
ATC Everyday,ATC1000Y,Everyday Cotton Youth Tee,White,,True,False,True,other,atc1000y_form_angle_white_012017.jpg,,atc1000y_form_back_white_012017.jpg,2,624e505d-1a59-45ee-b622-3c87a1fc09f2
ATC Everyday,ATC1000Y,Everyday Cotton Youth Tee,Yellow,,True,False,True,other,atc1000y_form-angle_neon-yellow_2024_cil.jpg,,atc1000y_form_back_yellow_012017.jpg,2,624e505d-1a59-45ee-b622-3c87a1fc09f2
ATC Everyday,ATC1002,Everyday Cotton Sleeveless Tee,Athletic Hthr,,False,False,False,,,,,0,4ba22a09-074c-44f2-aee0-966ac35081c9
ATC Everyday,ATC1002,Everyday Cotton Sleeveless Tee,Black,,True,False,False,other,atc1002_form-angle_black_2024_cil.jpg,,,1,4ba22a09-074c-44f2-aee0-966ac35081c9
ATC Everyday,ATC1002,Everyday Cotton Sleeveless Tee,Navy,,True,False,False,other,atc1002_modl_navy_studio_crop_2024_cil.jpg,,,1,4ba22a09-074c-44f2-aee0-966ac35081c9
ATC Everyday,ATC1002,Everyday Cotton Sleeveless Tee,Red,,True,False,False,other,atc1002_form-angle_red_2024_cil.jpg,,,1,4ba22a09-074c-44f2-aee0-966ac35081c9
ATC Everyday,ATC1002,Everyday Cotton Sleeveless Tee,White,,True,False,False,other,atc1002_form-angle_white_2024_cil.jpg,,,1,4ba22a09-074c-44f2-aee0-966ac35081c9
ATC Everyday,ATC1004,Everyday Cotton Tank Top,Athletic Hthr,,False,False,False,,,,,0,02385a1d-2fcd-4725-8eb9-c4140db3f291
ATC Everyday,ATC1004,Everyday Cotton Tank Top,Black,,True,False,True,other,atc1004_form_angle_black_012017.jpg,,atc1004_form_back_black_012017.jpg,2,02385a1d-2fcd-4725-8eb9-c4140db3f291
ATC Everyday,ATC1004,Everyday Cotton Tank Top,Charcoal,,True,False,True,other,atc1004_form_angle_charcoal_012017.jpg,,atc1004_form_back_charcoal_012017.jpg,2,02385a1d-2fcd-4725-8eb9-c4140db3f291
ATC Everyday,ATC1004,Everyday Cotton Tank Top,Navy,,True,False,True,other,atc1004_form_angle_navy_012017.jpg,,atc1004_form_back_navy_012017.jpg,2,02385a1d-2fcd-4725-8eb9-c4140db3f291
ATC Everyday,ATC1004,Everyday Cotton Tank Top,Red,,True,False,True,other,atc1004_form_angle_red_012017.jpg,,atc1004_form_back_red_012017.jpg,2,02385a1d-2fcd-4725-8eb9-c4140db3f291
ATC Everyday,ATC1004,Everyday Cotton Tank Top,Royal,,True,False,True,other,atc1004_royal_modl_studio-3-2019_1.jpg,,atc1004_form_back_royal_012017.jpg,2,02385a1d-2fcd-4725-8eb9-c4140db3f291
ATC Everyday,ATC1004,Everyday Cotton Tank Top,White,,True,False,True,other,atc1004_form_angle_white_012017.jpg,,atc1004_form_back_white_012017.jpg,2,02385a1d-2fcd-4725-8eb9-c4140db3f291
ATC Everyday,ATC1004L,Everyday Cotton Lds' Tank Top,Athletic Hthr,,False,False,False,,,,,0,cbd3859d-f7c3-42e3-aef2-71b8c8389334
ATC Everyday,ATC1004L,Everyday Cotton Lds' Tank Top,Black,,True,False,True,other,atc1004l_form_angle_black_012017.jpg,,atc1004l_form_back_black_012017.jpg,2,cbd3859d-f7c3-42e3-aef2-71b8c8389334
ATC Everyday,ATC1004L,Everyday Cotton Lds' Tank Top,Charcoal,,True,False,True,other,atc1004l_form_angle_charcoal_012017.jpg,,atc1004l_form_back_charcoal_012017.jpg,2,cbd3859d-f7c3-42e3-aef2-71b8c8389334
ATC Everyday,ATC1004L,Everyday Cotton Lds' Tank Top,Navy,,True,False,True,other,atc1004l_form_angle_navy_012017.jpg,,atc1004l_form_back_navy_012017.jpg,2,cbd3859d-f7c3-42e3-aef2-71b8c8389334
ATC Everyday,ATC1004L,Everyday Cotton Lds' Tank Top,Red,,True,False,True,other,atc1004l_red_modl_crop-2019.jpg,,atc1004l_form_back_red_012017.jpg,2,cbd3859d-f7c3-42e3-aef2-71b8c8389334
ATC Everyday,ATC1004L,Everyday Cotton Lds' Tank Top,Royal,,True,False,True,other,atc1004l_form_angle_royal_012017.jpg,,atc1004l_form_back_royal_012017.jpg,2,cbd3859d-f7c3-42e3-aef2-71b8c8389334
ATC Everyday,ATC1004L,Everyday Cotton Lds' Tank Top,White,,True,False,True,other,atc1004l_form_angle_white_012017.jpg,,atc1004l_form_back_white_012017.jpg,2,cbd3859d-f7c3-42e3-aef2-71b8c8389334
ATC Everyday,ATC1015,Everyday Cotton L/S Tee,Ash,,True,True,False,other,atc1015_form-angle_ash-grey_2023_cil.jpg,atc1015_form-side_ash-grey_2023_cil.jpg,,2,9ac7d9b5-6e6e-423a-84f0-bf30d0d32642
ATC Everyday,ATC1015,Everyday Cotton L/S Tee,Athletic Hthr,,False,False,False,,,,,0,9ac7d9b5-6e6e-423a-84f0-bf30d0d32642
ATC Everyday,ATC1015,Everyday Cotton L/S Tee,Black,,True,False,True,other,atc1015_form_angle_black_012017.jpg,,atc1015_form_back_black_012017.jpg,2,9ac7d9b5-6e6e-423a-84f0-bf30d0d32642
ATC Everyday,ATC1015,Everyday Cotton L/S Tee,Caramel,,True,False,False,other,atc1015_form-angle_caramel_2024_cil.jpg,,,1,9ac7d9b5-6e6e-423a-84f0-bf30d0d32642
ATC Everyday,ATC1015,Everyday Cotton L/S Tee,Dark Green,,True,False,True,other,atc1015_form_angle_darkgreen_022017.jpg,,atc1015_form_back_darkgreen_022017.jpg,2,9ac7d9b5-6e6e-423a-84f0-bf30d0d32642
ATC Everyday,ATC1015,Everyday Cotton L/S Tee,Dark HthrGrey,,False,False,False,,,,,0,9ac7d9b5-6e6e-423a-84f0-bf30d0d32642
ATC Everyday,ATC1015,Everyday Cotton L/S Tee,Dark Navy,,True,False,True,other,atc1015_form_angle_dark-navy_052019.jpg,,atc1015_form_back_dark-navy_052019.jpg,2,9ac7d9b5-6e6e-423a-84f0-bf30d0d32642
ATC Everyday,ATC1015,Everyday Cotton L/S Tee,Hthr Navy,,False,False,False,,,,,0,9ac7d9b5-6e6e-423a-84f0-bf30d0d32642
ATC Everyday,ATC1015,Everyday Cotton L/S Tee,Kelly,,True,False,True,other,atc1015_form_angle_kelly_012017.jpg,,atc1015_form_back_kelly_012017.jpg,2,9ac7d9b5-6e6e-423a-84f0-bf30d0d32642
ATC Everyday,ATC1015,Everyday Cotton L/S Tee,Maroon,,True,False,True,other,atc1015_maroon_modl_c2018_1.jpg,,atc1015_form_back_maroon_012017.jpg,2,9ac7d9b5-6e6e-423a-84f0-bf30d0d32642
ATC Everyday,ATC1015,Everyday Cotton L/S Tee,Navy,,True,True,True,other,atc1015_form-angle_heather-navy_2025_cil.jpg,atc1015_form-side_heather-navy_2025_cil.jpg,atc1015_form_back_navy_012017.jpg,3,9ac7d9b5-6e6e-423a-84f0-bf30d0d32642
ATC Everyday,ATC1015,Everyday Cotton L/S Tee,Oatmeal Hthr,,False,False,False,,,,,0,9ac7d9b5-6e6e-423a-84f0-bf30d0d32642
ATC Everyday,ATC1015,Everyday Cotton L/S Tee,Orange,,True,False,True,other,atc1015_form_angle_orange_012017.jpg,,atc1015_form_back_orange_012017.jpg,2,9ac7d9b5-6e6e-423a-84f0-bf30d0d32642
ATC Everyday,ATC1015,Everyday Cotton L/S Tee,Purple,,True,False,True,other,atc1015_form_angle_purple_012017.jpg,,atc1015_form_back_purple_012017.jpg,2,9ac7d9b5-6e6e-423a-84f0-bf30d0d32642
ATC Everyday,ATC1015,Everyday Cotton L/S Tee,Red,,True,False,True,other,atc1015_form_angle_red_012017.jpg,,atc1015_form_back_red_012017.jpg,2,9ac7d9b5-6e6e-423a-84f0-bf30d0d32642
ATC Everyday,ATC1015,Everyday Cotton L/S Tee,Royal,,True,False,True,other,atc1015_form_angle_royal_012017.jpg,,atc1015_form_back_royal_012017.jpg,2,9ac7d9b5-6e6e-423a-84f0-bf30d0d32642
ATC Everyday,ATC1015,Everyday Cotton L/S Tee,Safety Green,,True,False,False,other,atc1015_form-angle_safety-green_2024_cil.jpg,,,1,9ac7d9b5-6e6e-423a-84f0-bf30d0d32642
ATC Everyday,ATC1015,Everyday Cotton L/S Tee,Safety Orange,,True,False,False,other,atc1015_form-angle_safety-orange_2024_cil.jpg,,,1,9ac7d9b5-6e6e-423a-84f0-bf30d0d32642
ATC Everyday,ATC1015,Everyday Cotton L/S Tee,Sangria,,True,False,True,other,atc1015_form_angle_sangria_012017.jpg,,atc1015_form_back_sangria_v2_022017.jpg,2,9ac7d9b5-6e6e-423a-84f0-bf30d0d32642
ATC Everyday,ATC1015,Everyday Cotton L/S Tee,Team Charcoal,,True,False,False,other,atc1015_form-angle_team-charcoal_2026_cil.jpg,,,1,9ac7d9b5-6e6e-423a-84f0-bf30d0d32642
ATC Everyday,ATC1015,Everyday Cotton L/S Tee,Team Drk Hthr,,False,False,False,,,,,0,9ac7d9b5-6e6e-423a-84f0-bf30d0d32642
ATC Everyday,ATC1015,Everyday Cotton L/S Tee,Team FrstGrn,,False,False,False,,,,,0,9ac7d9b5-6e6e-423a-84f0-bf30d0d32642
ATC Everyday,ATC1015,Everyday Cotton L/S Tee,Team Gold,,True,False,False,other,atc1015_form-angle_team-gold_2026_cil.jpg,,,1,9ac7d9b5-6e6e-423a-84f0-bf30d0d32642
ATC Everyday,ATC1015,Everyday Cotton L/S Tee,Team Navy,,True,False,False,other,atc1015_form-angle_team-navy_2025_cil.jpg,,,1,9ac7d9b5-6e6e-423a-84f0-bf30d0d32642
ATC Everyday,ATC1015,Everyday Cotton L/S Tee,Team Purple,,True,False,False,other,atc1015_form-angle_team-purple_2026_cil.jpg,,,1,9ac7d9b5-6e6e-423a-84f0-bf30d0d32642
ATC Everyday,ATC1015,Everyday Cotton L/S Tee,Team Red,,True,False,False,other,atc1015_form-angle_team-red_2025_cil.jpg,,,1,9ac7d9b5-6e6e-423a-84f0-bf30d0d32642
ATC Everyday,ATC1015,Everyday Cotton L/S Tee,Team Royal,,True,False,False,other,atc1015_form-angle_team-royal_2025_cil.jpg,,,1,9ac7d9b5-6e6e-423a-84f0-bf30d0d32642
ATC Everyday,ATC1015,Everyday Cotton L/S Tee,White,,True,False,True,other,atc1015_form_angle_white_012017.jpg,,atc1015_form_back_white_012017.jpg,2,9ac7d9b5-6e6e-423a-84f0-bf30d0d32642
ATC Everyday,ATC1015Y,Everyday Cotton L/S Yth Tee,Athletic Hthr,,False,False,False,,,,,0,043f0e21-08d3-4f69-ad58-3eb6767f081b
ATC Everyday,ATC1015Y,Everyday Cotton L/S Yth Tee,Black,,True,False,True,other,atc1015y_form_angle_black_012017.jpg,,atc1015y_form_back_black_012017.jpg,2,043f0e21-08d3-4f69-ad58-3eb6767f081b
ATC Everyday,ATC1015Y,Everyday Cotton L/S Yth Tee,Dark Green,,True,False,True,other,atc1015y_form_angle_darkgreen_022017.jpg,,atc1015y_form_back_darkgreen_022017.jpg,2,043f0e21-08d3-4f69-ad58-3eb6767f081b
ATC Everyday,ATC1015Y,Everyday Cotton L/S Yth Tee,Dark HthrGrey,,False,False,False,,,,,0,043f0e21-08d3-4f69-ad58-3eb6767f081b
ATC Everyday,ATC1015Y,Everyday Cotton L/S Yth Tee,Kelly,,True,False,True,other,atc1015y_form_angle_kelly_012017.jpg,,atc1015y_form_back_kelly_012017.jpg,2,043f0e21-08d3-4f69-ad58-3eb6767f081b
ATC Everyday,ATC1015Y,Everyday Cotton L/S Yth Tee,Maroon,,True,False,True,other,atc1015y_maroon_modl_crop-1-2019.jpg,,atc1015y_form_back_maroon_012017.jpg,2,043f0e21-08d3-4f69-ad58-3eb6767f081b
ATC Everyday,ATC1015Y,Everyday Cotton L/S Yth Tee,Navy,,True,False,True,other,atc1015y_form_angle_navy_012017.jpg,,atc1015y_form_back_navy_012017.jpg,2,043f0e21-08d3-4f69-ad58-3eb6767f081b
ATC Everyday,ATC1015Y,Everyday Cotton L/S Yth Tee,Orange,,True,False,True,other,atc1015y_form_angle_orange_012017.jpg,,atc1015y_form_back_orange_012017.jpg,2,043f0e21-08d3-4f69-ad58-3eb6767f081b
ATC Everyday,ATC1015Y,Everyday Cotton L/S Yth Tee,Purple,,True,False,True,other,atc1015y_form_angle_purple_012017.jpg,,atc1015y_form_back_purple_012017.jpg,2,043f0e21-08d3-4f69-ad58-3eb6767f081b
ATC Everyday,ATC1015Y,Everyday Cotton L/S Yth Tee,Red,,True,False,True,other,atc1015y_form_angle_red_012017.jpg,,atc1015y_form_back_red_012017.jpg,2,043f0e21-08d3-4f69-ad58-3eb6767f081b
ATC Everyday,ATC1015Y,Everyday Cotton L/S Yth Tee,Royal,,True,False,True,other,atc1015y_form_angle_royal_012017.jpg,,atc1015y_form_back_royal_012017.jpg,2,043f0e21-08d3-4f69-ad58-3eb6767f081b
ATC Everyday,ATC1015Y,Everyday Cotton L/S Yth Tee,Sangria,,True,False,True,other,atc1015y_form_angle_sangria_012017.jpg,,atc1015y_form_back_sangria_v2_022017.jpg,2,043f0e21-08d3-4f69-ad58-3eb6767f081b
ATC Everyday,ATC1015Y,Everyday Cotton L/S Yth Tee,White,,True,False,True,other,atc1015y_form_angle_white_012017.jpg,,atc1015y_form_back_white_012017.jpg,2,043f0e21-08d3-4f69-ad58-3eb6767f081b
ATC Everyday,ATC5015,Everyday Cotton Blend LS Tee,Athletic Hthr,,False,False,False,,,,,0,2345fa4e-e632-48ab-afdc-fa02bcb47302
ATC Everyday,ATC5015,Everyday Cotton Blend LS Tee,Black,,True,False,False,other,atc5015_form-angle_black_2024_cil.jpg,,,1,2345fa4e-e632-48ab-afdc-fa02bcb47302
ATC Everyday,ATC5015,Everyday Cotton Blend LS Tee,Navy,,True,False,False,other,atc5015_modl_navy_studio-angle_2024-crop_cil.jpg,,,1,2345fa4e-e632-48ab-afdc-fa02bcb47302
ATC Everyday,ATC5015,Everyday Cotton Blend LS Tee,Orange,,True,False,False,other,atc5015_form-angle_orange_2024_cil.jpg,,,1,2345fa4e-e632-48ab-afdc-fa02bcb47302
ATC Everyday,ATC5015,Everyday Cotton Blend LS Tee,White,,True,False,False,other,atc5015_form-angle_white_2024_cil.jpg,,,1,2345fa4e-e632-48ab-afdc-fa02bcb47302
ATC Everyday,ATC5050,Everyday Cotton Blend Tee,Aquatic Blue,,True,False,False,other,atc5050_form-angle_aquatic-blue_2024_cil.jpg,,,1,7f05e7e4-b8fe-45fb-9f42-94ffa85c884e
ATC Everyday,ATC5050,Everyday Cotton Blend Tee,Ash,,True,False,False,other,atc5050_form-angle_ash-grey_2024_cil.jpg,,,1,7f05e7e4-b8fe-45fb-9f42-94ffa85c884e
ATC Everyday,ATC5050,Everyday Cotton Blend Tee,Athletic Hthr,,False,False,False,,,,,0,7f05e7e4-b8fe-45fb-9f42-94ffa85c884e
ATC Everyday,ATC5050,Everyday Cotton Blend Tee,Black,,True,False,True,other,atc5050_form_angle_black_112017.jpg,,atc5050_form_back_black_112017.jpg,2,7f05e7e4-b8fe-45fb-9f42-94ffa85c884e
ATC Everyday,ATC5050,Everyday Cotton Blend Tee,Charcoal,,True,False,False,other,atc5050_form-angle_charcoal_2024_cil.jpg,,,1,7f05e7e4-b8fe-45fb-9f42-94ffa85c884e
ATC Everyday,ATC5050,Everyday Cotton Blend Tee,Dark Green,,True,False,False,other,atc5050_form-angle_dark-green_2024_cil.jpg,,,1,7f05e7e4-b8fe-45fb-9f42-94ffa85c884e
ATC Everyday,ATC5050,Everyday Cotton Blend Tee,Dark HthrGrey,,False,False,False,,,,,0,7f05e7e4-b8fe-45fb-9f42-94ffa85c884e
ATC Everyday,ATC5050,Everyday Cotton Blend Tee,Gold,,True,False,True,other,atc5050_form_angle_gold_112017.jpg,,atc5050_form_back_gold_112017.jpg,2,7f05e7e4-b8fe-45fb-9f42-94ffa85c884e
ATC Everyday,ATC5050,Everyday Cotton Blend Tee,Kelly,,True,False,True,other,atc5050_form_angle_kelly_112017.jpg,,atc5050_form_back_kelly_112017.jpg,2,7f05e7e4-b8fe-45fb-9f42-94ffa85c884e
ATC Everyday,ATC5050,Everyday Cotton Blend Tee,Light Blue,,True,False,False,other,atc5050_form-angle_light-blue_2024_cil.jpg,,,1,7f05e7e4-b8fe-45fb-9f42-94ffa85c884e
ATC Everyday,ATC5050,Everyday Cotton Blend Tee,Maroon,,True,False,False,other,atc5050_form-angle_maroon_2024_cil.jpg,,,1,7f05e7e4-b8fe-45fb-9f42-94ffa85c884e
ATC Everyday,ATC5050,Everyday Cotton Blend Tee,Navy,,True,False,True,other,atc5050_form_angle_navy_112017.jpg,,atc5050_form_back_navy_112017.jpg,2,7f05e7e4-b8fe-45fb-9f42-94ffa85c884e
ATC Everyday,ATC5050,Everyday Cotton Blend Tee,Orange,,True,False,True,other,atc5050_form_angle_orange_112017.jpg,,atc5050_form_back_orange_112017.jpg,2,7f05e7e4-b8fe-45fb-9f42-94ffa85c884e
ATC Everyday,ATC5050,Everyday Cotton Blend Tee,Purple,,True,False,True,other,atc5050_form_angle_purple_112017.jpg,,atc5050_form_back_purple_112017.jpg,2,7f05e7e4-b8fe-45fb-9f42-94ffa85c884e
ATC Everyday,ATC5050,Everyday Cotton Blend Tee,Red,,True,False,True,other,atc5050_form_angle_red_112017.jpg,,atc5050_form_back_red_112017.jpg,2,7f05e7e4-b8fe-45fb-9f42-94ffa85c884e
ATC Everyday,ATC5050,Everyday Cotton Blend Tee,Royal,,True,False,True,other,atc5050_form_angle_royal_112017.jpg,,atc5050_form_back_royal_112017.jpg,2,7f05e7e4-b8fe-45fb-9f42-94ffa85c884e
ATC Everyday,ATC5050,Everyday Cotton Blend Tee,Safety Green,,True,False,True,other,atc5050_form_angle_safetygreen_112017.jpg,,atc5050_form_back_safetygreen_112017.jpg,2,7f05e7e4-b8fe-45fb-9f42-94ffa85c884e
ATC Everyday,ATC5050,Everyday Cotton Blend Tee,Safety Orange,,True,False,True,other,atc5050_form_angle_safetyorange_112017.jpg,,atc5050_form_back_safetyorange_112017.jpg,2,7f05e7e4-b8fe-45fb-9f42-94ffa85c884e
ATC Everyday,ATC5050,Everyday Cotton Blend Tee,Sangria,,True,False,True,other,atc5050_form_angle_sangria_112017.jpg,,atc5050_form_back_sangria_112017.jpg,2,7f05e7e4-b8fe-45fb-9f42-94ffa85c884e
ATC Everyday,ATC5050,Everyday Cotton Blend Tee,Sapphire,,True,False,True,other,atc5050_modl_sapphire_studio-crop_2023_cil.jpg,,atc5050_form_back_sapphire_112017.jpg,2,7f05e7e4-b8fe-45fb-9f42-94ffa85c884e
ATC Everyday,ATC5050,Everyday Cotton Blend Tee,Team Charcoal,,True,False,False,other,atc5050_form-front_team-charcoal_2026_cil.jpg,,,1,7f05e7e4-b8fe-45fb-9f42-94ffa85c884e
ATC Everyday,ATC5050,Everyday Cotton Blend Tee,Team Drk Hthr,,False,False,False,,,,,0,7f05e7e4-b8fe-45fb-9f42-94ffa85c884e
ATC Everyday,ATC5050,Everyday Cotton Blend Tee,Team FrstGrn,,False,False,False,,,,,0,7f05e7e4-b8fe-45fb-9f42-94ffa85c884e
ATC Everyday,ATC5050,Everyday Cotton Blend Tee,Team Gold,,True,False,False,other,atc5050_form-angle_team-gold_2026_cil.jpg,,,1,7f05e7e4-b8fe-45fb-9f42-94ffa85c884e
ATC Everyday,ATC5050,Everyday Cotton Blend Tee,Team Navy,,True,False,False,other,atc5050_form-angle_team-navy_2026_cil.jpg,,,1,7f05e7e4-b8fe-45fb-9f42-94ffa85c884e
ATC Everyday,ATC5050,Everyday Cotton Blend Tee,Team Purple,,True,False,False,other,atc5050_form-angle_team-purple_2026_cil.jpg,,,1,7f05e7e4-b8fe-45fb-9f42-94ffa85c884e
ATC Everyday,ATC5050,Everyday Cotton Blend Tee,Team Red,,True,False,False,other,atc5050_form-angle_team-red_2026_cil.jpg,,,1,7f05e7e4-b8fe-45fb-9f42-94ffa85c884e
ATC Everyday,ATC5050,Everyday Cotton Blend Tee,Team Royal,,True,False,False,other,atc5050_form-angle_team-royal_2026_cil.jpg,,,1,7f05e7e4-b8fe-45fb-9f42-94ffa85c884e
ATC Everyday,ATC5050,Everyday Cotton Blend Tee,White,,True,False,True,other,atc5050_form_angle_white_112017.jpg,,atc5050_form_back_white_112017.jpg,2,7f05e7e4-b8fe-45fb-9f42-94ffa85c884e
ATC Everyday,ATC5050Y,Everyday Cotton Blend Yth Tee,Aquatic Blue,,True,False,False,other,atc5050y_form-angle_aquatic-blue_2024_cil.jpg,,,1,0fd70831-2df2-4cdc-b6c1-c9051ec9a3bc
ATC Everyday,ATC5050Y,Everyday Cotton Blend Yth Tee,Ash,,True,False,False,other,atc5050y_form-angle_ash-grey_2024_cil.jpg,,,1,0fd70831-2df2-4cdc-b6c1-c9051ec9a3bc
ATC Everyday,ATC5050Y,Everyday Cotton Blend Yth Tee,Athletic Hthr,,False,False,False,,,,,0,0fd70831-2df2-4cdc-b6c1-c9051ec9a3bc
ATC Everyday,ATC5050Y,Everyday Cotton Blend Yth Tee,Black,,True,False,True,other,atc5050y_form_angle_black_112017.jpg,,atc5050y_form_back_black_112017.jpg,2,0fd70831-2df2-4cdc-b6c1-c9051ec9a3bc
ATC Everyday,ATC5050Y,Everyday Cotton Blend Yth Tee,Charcoal,,True,False,False,other,atc5050y_form-angle_charcoal_2024_cil.jpg,,,1,0fd70831-2df2-4cdc-b6c1-c9051ec9a3bc
ATC Everyday,ATC5050Y,Everyday Cotton Blend Yth Tee,Dark Green,,True,False,False,other,atc5050y_form-angle_dark-green_2024_cil.jpg,,,1,0fd70831-2df2-4cdc-b6c1-c9051ec9a3bc
ATC Everyday,ATC5050Y,Everyday Cotton Blend Yth Tee,Dark HthrGrey,,False,False,False,,,,,0,0fd70831-2df2-4cdc-b6c1-c9051ec9a3bc
ATC Everyday,ATC5050Y,Everyday Cotton Blend Yth Tee,Gold,,True,False,True,other,atc5050y_form_angle_gold_112017.jpg,,atc5050y_form_back_gold_112017.jpg,2,0fd70831-2df2-4cdc-b6c1-c9051ec9a3bc
ATC Everyday,ATC5050Y,Everyday Cotton Blend Yth Tee,Kelly,,True,False,True,other,atc5050y_form_angle_kelly_112017.jpg,,atc5050y_form_back_kelly_112017.jpg,2,0fd70831-2df2-4cdc-b6c1-c9051ec9a3bc
ATC Everyday,ATC5050Y,Everyday Cotton Blend Yth Tee,Light Blue,,True,False,False,other,atc5050y_form-angle_light-blue_2024_cil.jpg,,,1,0fd70831-2df2-4cdc-b6c1-c9051ec9a3bc
ATC Everyday,ATC5050Y,Everyday Cotton Blend Yth Tee,Maroon,,True,False,False,other,atc5050y_form-angle_maroon_2024_cil.jpg,,,1,0fd70831-2df2-4cdc-b6c1-c9051ec9a3bc
ATC Everyday,ATC5050Y,Everyday Cotton Blend Yth Tee,Navy,,True,False,True,other,atc5050y_navy_modl_crop-1-2019.jpg,,atc5050y_form_back_navy_112017.jpg,2,0fd70831-2df2-4cdc-b6c1-c9051ec9a3bc
ATC Everyday,ATC5050Y,Everyday Cotton Blend Yth Tee,Orange,,True,False,True,other,atc5050y_form_angle_orange_112017.jpg,,atc5050y_form_back_orange_112017.jpg,2,0fd70831-2df2-4cdc-b6c1-c9051ec9a3bc
ATC Everyday,ATC5050Y,Everyday Cotton Blend Yth Tee,Purple,,True,False,True,other,atc5050y_form_angle_purple_112017.jpg,,atc5050y_form_back_purple_112017.jpg,2,0fd70831-2df2-4cdc-b6c1-c9051ec9a3bc
ATC Everyday,ATC5050Y,Everyday Cotton Blend Yth Tee,Red,,True,False,True,other,atc5050y_form_angle_red_112017_v2.jpg,,atc5050y_form_back_red_112017_v2.jpg,2,0fd70831-2df2-4cdc-b6c1-c9051ec9a3bc
ATC Everyday,ATC5050Y,Everyday Cotton Blend Yth Tee,Royal,,True,False,True,other,atc5050y_form_angle_royal_112017.jpg,,atc5050y_form_back_royal_112017.jpg,2,0fd70831-2df2-4cdc-b6c1-c9051ec9a3bc
ATC Everyday,ATC5050Y,Everyday Cotton Blend Yth Tee,Safety Green,,True,False,True,other,atc5050y_form_angle_safetygreen_112017.jpg,,atc5050y_form_back_safetygreen_112017_v2.jpg,2,0fd70831-2df2-4cdc-b6c1-c9051ec9a3bc
ATC Everyday,ATC5050Y,Everyday Cotton Blend Yth Tee,Safety Orange,,True,False,True,other,atc5050y_form_angle_safetyorange_112017.jpg,,atc5050y_form_back_safetyorange_112017.jpg,2,0fd70831-2df2-4cdc-b6c1-c9051ec9a3bc
ATC Everyday,ATC5050Y,Everyday Cotton Blend Yth Tee,Sangria,,True,False,True,other,atc5050y_form_angle_sangria_112017_v2.jpg,,atc5050y_form_back_sangria_112017_v2.jpg,2,0fd70831-2df2-4cdc-b6c1-c9051ec9a3bc
ATC Everyday,ATC5050Y,Everyday Cotton Blend Yth Tee,Sapphire,,True,False,True,other,atc5050y_form_angle_sapphire_112017.jpg,,atc5050y_form_back_sapphire_112017.jpg,2,0fd70831-2df2-4cdc-b6c1-c9051ec9a3bc
ATC Everyday,ATC5050Y,Everyday Cotton Blend Yth Tee,Team Charcoal,,True,False,False,other,atc5050y_form-angle_team-charcoal_2026_cil.jpg,,,1,0fd70831-2df2-4cdc-b6c1-c9051ec9a3bc
ATC Everyday,ATC5050Y,Everyday Cotton Blend Yth Tee,Team Drk Hthr,,False,False,False,,,,,0,0fd70831-2df2-4cdc-b6c1-c9051ec9a3bc
ATC Everyday,ATC5050Y,Everyday Cotton Blend Yth Tee,Team FrstGrn,,False,False,False,,,,,0,0fd70831-2df2-4cdc-b6c1-c9051ec9a3bc
ATC Everyday,ATC5050Y,Everyday Cotton Blend Yth Tee,Team Gold,,True,False,False,other,atc5050y_form-angle_team-gold_2026_cil.jpg,,,1,0fd70831-2df2-4cdc-b6c1-c9051ec9a3bc
ATC Everyday,ATC5050Y,Everyday Cotton Blend Yth Tee,Team Navy,,True,False,False,other,atc5050y_form-angle_team-navy_2026_cil.jpg,,,1,0fd70831-2df2-4cdc-b6c1-c9051ec9a3bc
ATC Everyday,ATC5050Y,Everyday Cotton Blend Yth Tee,Team Purple,,True,False,False,other,atc5050y_form-angle_team-purple_2026_cil.jpg,,,1,0fd70831-2df2-4cdc-b6c1-c9051ec9a3bc
ATC Everyday,ATC5050Y,Everyday Cotton Blend Yth Tee,Team Red,,True,False,False,other,atc5050y_form-angle_team-red_2026_cil.jpg,,,1,0fd70831-2df2-4cdc-b6c1-c9051ec9a3bc
ATC Everyday,ATC5050Y,Everyday Cotton Blend Yth Tee,Team Royal,,True,False,False,other,atc5050y_form-angle_team-royal_2026_cil.jpg,,,1,0fd70831-2df2-4cdc-b6c1-c9051ec9a3bc
ATC Everyday,ATC5050Y,Everyday Cotton Blend Yth Tee,White,,True,False,True,other,atc5050y_form_angle_white_112017_v2.jpg,,atc5050y_form_back_white_112017.jpg,2,0fd70831-2df2-4cdc-b6c1-c9051ec9a3bc
ATC Everyday,ATCF2500T,Everyday Fleece Tall Hood,Athletic Hthr,,False,False,False,,,,,0,e9e64bdc-ed61-416b-a228-a04f17e5919b
ATC Everyday,ATCF2500T,Everyday Fleece Tall Hood,Black,,True,True,False,other,atcf2500t_form-angle_black_2025_cil.jpg,atcf2500t_form-side_black_2025_cil.jpg,,2,e9e64bdc-ed61-416b-a228-a04f17e5919b
ATC Everyday,ATCF2500T,Everyday Fleece Tall Hood,Dk Hthr Grey,,False,False,False,,,,,0,e9e64bdc-ed61-416b-a228-a04f17e5919b
ATC Everyday,ATCF2500T,Everyday Fleece Tall Hood,Navy,,True,True,False,other,atcf2500t_form-angle_navy_2025_cil.jpg,atcf2500t_form-side_navy_2025_cil.jpg,,2,e9e64bdc-ed61-416b-a228-a04f17e5919b
ATC Everyday,ATCF2600,Everyday Fleece F/Z Hooded,Athletic Hthr,,False,False,False,,,,,0,b88acff8-4fdd-417b-88e4-3ae7ded87a52
ATC Everyday,ATCF2600,Everyday Fleece F/Z Hooded,Black,,True,False,True,other,atcf2600_form_angle_black_022017.jpg,,atcf2600_form_back_black_022017.jpg,2,b88acff8-4fdd-417b-88e4-3ae7ded87a52
ATC Everyday,ATCF2600,Everyday Fleece F/Z Hooded,Caramel,,True,True,False,other,atcf2600_form-angle_caramel_2025_cil.jpg,atcf2600_form-side_caramel_2025_cil.jpg,,2,b88acff8-4fdd-417b-88e4-3ae7ded87a52
ATC Everyday,ATCF2600,Everyday Fleece F/Z Hooded,Dark HthrGrey,,False,False,False,,,,,0,b88acff8-4fdd-417b-88e4-3ae7ded87a52
ATC Everyday,ATCF2600,Everyday Fleece F/Z Hooded,Dark Navy,,True,False,True,other,atcf2600_form_angle_dark-navy_052019.jpg,,atcf2600_form_back_dark-navy_052019.jpg,2,b88acff8-4fdd-417b-88e4-3ae7ded87a52
ATC Everyday,ATCF2600,Everyday Fleece F/Z Hooded,Maroon,,True,True,False,other,atcf2600_form-angle_maroon_2025_cil.jpg,atcf2600_form-side_maroon_2025_cil.jpg,,2,b88acff8-4fdd-417b-88e4-3ae7ded87a52
ATC Everyday,ATCF2600,Everyday Fleece F/Z Hooded,MilitaryGreen,,False,False,False,,,,,0,b88acff8-4fdd-417b-88e4-3ae7ded87a52
ATC Everyday,ATCF2600,Everyday Fleece F/Z Hooded,Navy,,True,False,True,other,atcf2600_form_angle_navy_022017.jpg,,atcf2600_form_back_navy_022017.jpg,2,b88acff8-4fdd-417b-88e4-3ae7ded87a52
ATC Everyday,ATCF2600,Everyday Fleece F/Z Hooded,Oatmeal Hthr,,False,False,False,,,,,0,b88acff8-4fdd-417b-88e4-3ae7ded87a52
ATC Everyday,ATCF2600,Everyday Fleece F/Z Hooded,Orange,,True,True,False,other,atcf2600_form-angle_orange_2025_cil.jpg,atcf2600_form-side_orange_2025_cil.jpg,,2,b88acff8-4fdd-417b-88e4-3ae7ded87a52
ATC Everyday,ATCF2600,Everyday Fleece F/Z Hooded,Red,,True,False,True,other,atcf2600_form_angle_red_022017.jpg,,atcf2600_form_back_red_022017.jpg,2,b88acff8-4fdd-417b-88e4-3ae7ded87a52
ATC Everyday,ATCF2600,Everyday Fleece F/Z Hooded,Royal,,True,False,True,other,atcf2600_form_angle_royal_022017.jpg,,atcf2600_form_back_royal_022017.jpg,2,b88acff8-4fdd-417b-88e4-3ae7ded87a52
ATC Everyday,ATCF2600,Everyday Fleece F/Z Hooded,Safety Orange,,True,True,False,other,atcf2600_form-angle_safety-orange_2026_cil.jpg,atcf2600_form-side_safety-orange_2026_cil.jpg,,2,b88acff8-4fdd-417b-88e4-3ae7ded87a52
ATC Everyday,ATCF2600,Everyday Fleece F/Z Hooded,Sand,,True,True,False,other,atcf2600_form-angle_sand_2025_cil.jpg,atcf2600_form-side_sand_2025_cil.jpg,,2,b88acff8-4fdd-417b-88e4-3ae7ded87a52
ATC Everyday,ATCF2600,Everyday Fleece F/Z Hooded,Team ForestGr,,False,False,False,,,,,0,b88acff8-4fdd-417b-88e4-3ae7ded87a52
ATC Everyday,ATCF2600,Everyday Fleece F/Z Hooded,Team Navy,,True,True,False,other,atcf2600_form-angle_team-navy_2026_cil.jpg,atcf2600_form-side_team-navy_2026_cil.jpg,,2,b88acff8-4fdd-417b-88e4-3ae7ded87a52
ATC Everyday,ATCF2600,Everyday Fleece F/Z Hooded,Team Purple,,True,True,False,other,atcf2600_form-angle_team-purple_2026_cil.jpg,atcf2600_form-side_team-purple_2026_cil.jpg,,2,b88acff8-4fdd-417b-88e4-3ae7ded87a52
ATC Everyday,ATCF2600,Everyday Fleece F/Z Hooded,Team Red,,True,True,False,other,atcf2600_form-angle_team-red_2026_cil.jpg,atcf2600_form-side_team-red_2026_cil.jpg,,2,b88acff8-4fdd-417b-88e4-3ae7ded87a52
ATC Everyday,ATCF2600,Everyday Fleece F/Z Hooded,Team Royal,,True,True,False,other,atcf2600_form-angle_team-royal_2026_cil.jpg,atcf2600_form-side_team-royal_2026_cil.jpg,,2,b88acff8-4fdd-417b-88e4-3ae7ded87a52
ATC Everyday,ATCF2600,Everyday Fleece F/Z Hooded,White,,True,False,False,other,atcf2600_modl_white_brick-wall-girl-1_2021_cil.jpg,,,1,b88acff8-4fdd-417b-88e4-3ae7ded87a52
ATC Everyday,ATCF2700,Everyday Fleece 1/4 Zip,Athletic Hthr,,False,False,False,,,,,0,1e56620d-62cf-412d-916e-d57bb3ab0915
ATC Everyday,ATCF2700,Everyday Fleece 1/4 Zip,Black,,True,False,True,other,atcf2700_black_modl_crop_2020.jpg,,atcf2700_form_back_black_062019.jpg,2,1e56620d-62cf-412d-916e-d57bb3ab0915
ATC Everyday,ATCF2700,Everyday Fleece 1/4 Zip,Caramel,,True,True,False,other,atcf2700_form-angle_caramel_2026_cil.jpg,atcf2700_form-side_caramel_2026_cil.jpg,,2,1e56620d-62cf-412d-916e-d57bb3ab0915
ATC Everyday,ATCF2700,Everyday Fleece 1/4 Zip,Dark HthrGrey,,False,False,False,,,,,0,1e56620d-62cf-412d-916e-d57bb3ab0915
ATC Everyday,ATCF2700,Everyday Fleece 1/4 Zip,Dark Navy,,True,False,True,other,atcf2700_form_angle_dark-navy_062019.jpg,,atcf2700_form_back_dark-navy_062019.jpg,2,1e56620d-62cf-412d-916e-d57bb3ab0915
ATC Everyday,ATCF2700,Everyday Fleece 1/4 Zip,Oatmeal Hthr,,False,False,False,,,,,0,1e56620d-62cf-412d-916e-d57bb3ab0915
ATC Everyday,ATCF2700,Everyday Fleece 1/4 Zip,Team DarkHthr,,False,False,False,,,,,0,1e56620d-62cf-412d-916e-d57bb3ab0915
ATC Everyday,ATCF2700,Everyday Fleece 1/4 Zip,Team Navy,,True,True,False,other,atcf2700_form-angle_team-navy_2026_cil.jpg,atcf2700_form-side_team-navy_2026_cil.jpg,,2,1e56620d-62cf-412d-916e-d57bb3ab0915
ATC Everyday,ATCF2700,Everyday Fleece 1/4 Zip,Team Red,,True,True,False,other,atcf2700_form-angle_team-red_2026_cil.jpg,atcf2700_form-side_team-red_2026_cil.jpg,,2,1e56620d-62cf-412d-916e-d57bb3ab0915
ATC Everyday,ATCF2700,Everyday Fleece 1/4 Zip,Team Royal,,True,True,False,other,atcf2700_form-angle_team-royal_2026_cil.jpg,atcf2700_form-side_team-royal_2026_cil.jpg,,2,1e56620d-62cf-412d-916e-d57bb3ab0915
ATC Everyday,ATCF2700,Everyday Fleece 1/4 Zip,White,,True,True,False,other,atcf2700_form-angle_white_2026_cil.jpg,atcf2700_form-side_white_2026_cil.jpg,,2,1e56620d-62cf-412d-916e-d57bb3ab0915
ATC Everyday,ATCF2800,Everyday Fleece Sweatpants,Athletic Hthr,,False,False,False,,,,,0,4d6ed76a-01b8-4673-b0bd-457804c289c2
ATC Everyday,ATCF2800,Everyday Fleece Sweatpants,Black,,True,False,True,other,atcf2500_sapphire_atcf2800_black_modl_crop_1_2020.jpg,,atcf2800_form_back_black_062019.jpg,2,4d6ed76a-01b8-4673-b0bd-457804c289c2
ATC Everyday,ATCF2800,Everyday Fleece Sweatpants,Dark HthrGrey,,False,False,False,,,,,0,4d6ed76a-01b8-4673-b0bd-457804c289c2
ATC Everyday,ATCF2800,Everyday Fleece Sweatpants,Dark Navy,,True,False,True,other,atcf2800_form_angle_darknavy_062019.jpg,,atcf2800_form_back_darknavy_062019.jpg,2,4d6ed76a-01b8-4673-b0bd-457804c289c2
ATC Everyday,ATCF2800,Everyday Fleece Sweatpants,Oatmeal Hthr,,False,False,False,,,,,0,4d6ed76a-01b8-4673-b0bd-457804c289c2
ATC Everyday,ATCF2800,Everyday Fleece Sweatpants,Team Navy,,True,False,False,other,atcf2800_form-angle_team-navy_2026_cil.jpg,,,1,4d6ed76a-01b8-4673-b0bd-457804c289c2
ATC Everyday,ATCF2850,Everyday Fleece Jogger,Athletic Hthr,,False,False,False,,,,,0,159096a1-a0f8-482f-9512-4c135ceeb24f
ATC Everyday,ATCF2850,Everyday Fleece Jogger,Black,,True,False,False,other,atcf2850_dark-heather-grey___atc1000l_black_modl_girlstanding_1_2021.jpg,,,1,159096a1-a0f8-482f-9512-4c135ceeb24f
ATC Everyday,ATCF2850,Everyday Fleece Jogger,Dark HthrGrey,,False,False,False,,,,,0,159096a1-a0f8-482f-9512-4c135ceeb24f
ATC Everyday,ATCF2875,Everyday Fleece Short,Black,,True,False,False,other,atcf2875_form-front_black_2025_cil.jpg,,,1,6566cfa6-c3ec-4d3c-bd99-b66c356389be
ATC Everyday,ATCF2875,Everyday Fleece Short,Dark Hthr Gry,,False,False,False,,,,,0,6566cfa6-c3ec-4d3c-bd99-b66c356389be
ATC Everyday,ATCF2875,Everyday Fleece Short,Dark Navy,,True,False,False,other,atcf2875_form-front_dark-navy_2025_cil.jpg,,,1,6566cfa6-c3ec-4d3c-bd99-b66c356389be
ATC Everyday,ATCY2600,Everyday Fleece F/Z Yth Hooded,Athletic Hthr,,False,False,False,,,,,0,7a3e18e8-f58a-4605-ac41-bb146e3ec452
ATC Everyday,ATCY2600,Everyday Fleece F/Z Yth Hooded,Black,,True,False,True,other,atcy2600_form_angle_black_022017.jpg,,atcy2600_form_back_black_022017.jpg,2,7a3e18e8-f58a-4605-ac41-bb146e3ec452
ATC Everyday,ATCY2600,Everyday Fleece F/Z Yth Hooded,Dark HthrGrey,,False,False,False,,,,,0,7a3e18e8-f58a-4605-ac41-bb146e3ec452
ATC Everyday,ATCY2600,Everyday Fleece F/Z Yth Hooded,MilitaryGreen,,False,False,False,,,,,0,7a3e18e8-f58a-4605-ac41-bb146e3ec452
ATC Everyday,ATCY2600,Everyday Fleece F/Z Yth Hooded,Navy,,True,False,True,other,atcy2600_form_angle_navy_022017.jpg,,atcy2600_form_back_navy_022017.jpg,2,7a3e18e8-f58a-4605-ac41-bb146e3ec452
ATC Everyday,ATCY2600,Everyday Fleece F/Z Yth Hooded,Orange,,True,True,False,other,atcy2600_form-angle_orange_2025_cil.jpg,atcy2600_form-side_orange_2025_cil.jpg,,2,7a3e18e8-f58a-4605-ac41-bb146e3ec452
ATC Everyday,ATCY2600,Everyday Fleece F/Z Yth Hooded,Red,,True,False,True,other,atcy2600_form_angle_red_022017.jpg,,atcy2600_form_back_red_022017.jpg,2,7a3e18e8-f58a-4605-ac41-bb146e3ec452
ATC Everyday,ATCY2600,Everyday Fleece F/Z Yth Hooded,Royal,,True,False,True,other,atcy2600_form_angle_royal_022017.jpg,,atcy2600_form_back_royal_022017.jpg,2,7a3e18e8-f58a-4605-ac41-bb146e3ec452
ATC Everyday,ATCY2600,Everyday Fleece F/Z Yth Hooded,Sand,,True,True,False,other,atcy2600_form-angle_sand_2025_cil.jpg,atcy2600_form-side_sand_2025_cil.jpg,,2,7a3e18e8-f58a-4605-ac41-bb146e3ec452
ATC Everyday,ATCY2600,Everyday Fleece F/Z Yth Hooded,Team ForestGr,,False,False,False,,,,,0,7a3e18e8-f58a-4605-ac41-bb146e3ec452
ATC Everyday,ATCY2600,Everyday Fleece F/Z Yth Hooded,Team Royal,,True,True,False,other,atcy2600_form-angle_team-royal_2026_cil.jpg,atcy2600_form-side_team-royal_2026_cil.jpg,,2,7a3e18e8-f58a-4605-ac41-bb146e3ec452
ATC Everyday,ATCY2700,Everyday Fleece Youth  1/4 Zip,Athletic Hthr,,False,False,False,,,,,0,ac2795e6-addd-4bd9-8425-b5bc76bab3e2
ATC Everyday,ATCY2700,Everyday Fleece Youth  1/4 Zip,Black,,False,False,False,,,,,0,ac2795e6-addd-4bd9-8425-b5bc76bab3e2
ATC Everyday,ATCY2700,Everyday Fleece Youth  1/4 Zip,Team DrkHthr,,False,False,False,,,,,0,ac2795e6-addd-4bd9-8425-b5bc76bab3e2
ATC Everyday,ATCY2700,Everyday Fleece Youth  1/4 Zip,Team Navy,,False,False,False,,,,,0,ac2795e6-addd-4bd9-8425-b5bc76bab3e2
ATC Everyday,ATCY2700,Everyday Fleece Youth  1/4 Zip,Team Red,,False,False,False,,,,,0,ac2795e6-addd-4bd9-8425-b5bc76bab3e2
ATC Everyday,ATCY2700,Everyday Fleece Youth  1/4 Zip,Team Royal,,False,False,False,,,,,0,ac2795e6-addd-4bd9-8425-b5bc76bab3e2
ATC Everyday,ATCY2800,Everyday Fleece Yth Sweatpants,Athletic Hthr,,False,False,False,,,,,0,70991b15-b2f2-4e36-974e-f351d462e845
ATC Everyday,ATCY2800,Everyday Fleece Yth Sweatpants,Black,,True,False,True,other,atcf2800_form_angle_black_062019.jpg,,atcf2800_form_back_black_062019_1.jpg,2,70991b15-b2f2-4e36-974e-f351d462e845
ATC Everyday,ATCY2800,Everyday Fleece Yth Sweatpants,Dark HthrGrey,,False,False,False,,,,,0,70991b15-b2f2-4e36-974e-f351d462e845
ATC Everyday,ATCY2800,Everyday Fleece Yth Sweatpants,Team Navy,,True,False,False,other,atcy2800_form-angle_team-navy_2026_cil.jpg,,,1,70991b15-b2f2-4e36-974e-f351d462e845
ATC FleeceCore,F2016,Core Hooded Sweatshirt,Athletic Grey,,True,False,True,other,f2016_form_angle_athleticgrey_032017_v3c1.jpg,,f2016_form_back_athleticgrey_032017_v2c1.jpg,2,60eeaa9f-a9f9-4f0a-a5f8-6e4615d8d581
ATC FleeceCore,F2016,Core Hooded Sweatshirt,Black,,True,False,True,other,f2016_form_angle_black_012016_2.jpg,,f2016_form_back_black_012016_1.jpg,2,60eeaa9f-a9f9-4f0a-a5f8-6e4615d8d581
ATC FleeceCore,F2016,Core Hooded Sweatshirt,Charcoal Hthr,,False,False,False,,,,,0,60eeaa9f-a9f9-4f0a-a5f8-6e4615d8d581
ATC FleeceCore,F2016,Core Hooded Sweatshirt,True Navy,,True,False,True,other,f2016_form_angle_truenavy_012016_1.jpg,,f2016_form_back_truenavy_012016_1.jpg,2,60eeaa9f-a9f9-4f0a-a5f8-6e4615d8d581
ATC FleeceCore,F2018,Core F/Z Hooded Sweatshirt,Athletic Grey,,True,False,True,other,f2018_form_angle_athleticgrey_032017_v3c1.jpg,,f2018_form_back_athleticgrey_032017_v2c1.jpg,2,efd007a5-ae63-4f44-8470-ef7f91efa1a6
ATC FleeceCore,F2018,Core F/Z Hooded Sweatshirt,Black,,True,False,True,other,f2018_black_modl_studio1_2019.jpg,,f2018_form_back_black_012016_1.jpg,2,efd007a5-ae63-4f44-8470-ef7f91efa1a6
ATC FleeceCore,F2018,Core F/Z Hooded Sweatshirt,Charcoal Hthr,,False,False,False,,,,,0,efd007a5-ae63-4f44-8470-ef7f91efa1a6
ATC FleeceCore,F2018,Core F/Z Hooded Sweatshirt,True Navy,,True,False,True,other,f2018_form_angle_truenavy_012016_1.jpg,,f2018_form_back_truenavy_012016_1.jpg,2,efd007a5-ae63-4f44-8470-ef7f91efa1a6
ATC FleeceCore,L2018,Core F/Z Hooded Lds'Sweatshirt,Athletic Grey,,True,False,True,other,l2018_athletic-grey_modl_studio_1_2020.jpg,,l2018_form_back_athletic-grey_032019.jpg,2,12b9d944-0c1b-4616-b929-47c857c3ab1e
ATC FleeceCore,L2018,Core F/Z Hooded Lds'Sweatshirt,Black,,True,False,True,other,l2018_form_angle_black_042019.jpg,,l2018_form_back_black_042019.jpg,2,12b9d944-0c1b-4616-b929-47c857c3ab1e
ATC FleeceCore,L2018,Core F/Z Hooded Lds'Sweatshirt,Charcoal Hthr,,False,False,False,,,,,0,12b9d944-0c1b-4616-b929-47c857c3ab1e
ATC FleeceCore,Y2016,Core Hooded Yth Sweatshirt,Athletic Grey,,True,False,True,other,y2016_form_angle_athleticgrey_032017_v2c1.jpg,,y2016_form_back_athleticgrey_032017_c1.jpg,2,867d8032-4c88-4224-b970-10eb133a10ad
ATC FleeceCore,Y2016,Core Hooded Yth Sweatshirt,Black,,True,False,False,other,y2016_form-angle_black_cil.jpg,,,1,867d8032-4c88-4224-b970-10eb133a10ad
ATC FleeceCore,Y2016,Core Hooded Yth Sweatshirt,Charcoal Hthr,,False,False,False,,,,,0,867d8032-4c88-4224-b970-10eb133a10ad
ATC FleeceCore,Y2016,Core Hooded Yth Sweatshirt,True Navy,,True,False,True,other,y2016_form_angle_truenavy_012016.jpg,,y2016_form_back_truenavy_012016.jpg,2,867d8032-4c88-4224-b970-10eb133a10ad
ATC Flexfit,ATC110F,One Ten Snapback Cap,Black,,True,True,True,flat,atc110f_flat_front_sticker_black_042015_1.jpg,atc110f_flat_inside_black_042015.jpg,atc110f_flat_back_black_042015.jpg,3,c941aaea-a9c3-4137-a510-0e8cbcf19bdc
ATC Flexfit,ATC110F,One Ten Snapback Cap,Dark Grey,,True,True,True,flat,atc110f_flat_front_sticker_darkgrey_042015.jpg,atc110f_flat_inside_darkgrey_042015.jpg,atc110f_flat_back_darkgrey_042015.jpg,3,c941aaea-a9c3-4137-a510-0e8cbcf19bdc
ATC Flexfit,ATC110F,One Ten Snapback Cap,Heather,,True,False,True,flat,atc110f_flat_front_sticker_heather_052015.jpg,,atc110f_flat_back_heather_052015_1.jpg,2,c941aaea-a9c3-4137-a510-0e8cbcf19bdc
ATC Flexfit,ATC110F,One Ten Snapback Cap,Navy,,True,True,True,flat,atc110f_flat_front_sticker_navy_042015.jpg,atc110f_flat_inside_navy_042015.jpg,atc110f_flat_back_navy_042015.jpg,3,c941aaea-a9c3-4137-a510-0e8cbcf19bdc
ATC Flexfit,ATC110M,One Ten Mesh Back Cap,Black/Black,,True,False,True,other,atc110m_form-angle_black_black_2024_cil.jpg,,atc110m_form-back-angle_black_black_2024_cil.jpg,2,46189a37-b3d7-4ffe-af37-cc278e605c28
ATC Flexfit,ATC110M,One Ten Mesh Back Cap,Black/White,,True,False,True,other,atc110m_form-angle_black_white_2024_cil.jpg,,atc110m_form-back-angle_black_white_2024_cil.jpg,2,46189a37-b3d7-4ffe-af37-cc278e605c28
ATC Flexfit,ATC110M,One Ten Mesh Back Cap,Caramel/Khaki,,True,False,False,other,atc110m_form-front_caramel-khaki_2024_cil.jpg,,,1,46189a37-b3d7-4ffe-af37-cc278e605c28
ATC Flexfit,ATC110M,One Ten Mesh Back Cap,Charcoal/Wht,,False,False,False,,,,,0,46189a37-b3d7-4ffe-af37-cc278e605c28
ATC Flexfit,ATC110M,One Ten Mesh Back Cap,Heather/Black,,True,False,False,other,atc110m_form-angle_heather_black_2024_cil.jpg,,,1,46189a37-b3d7-4ffe-af37-cc278e605c28
ATC Flexfit,ATC110M,One Ten Mesh Back Cap,Navy/Navy,,True,False,True,other,atc110m_form-angle_navy_navy_2024_cil.jpg,,atc110m_form-back-angle_navy_navy_2024_cil.jpg,2,46189a37-b3d7-4ffe-af37-cc278e605c28
ATC Flexfit,ATC110M,One Ten Mesh Back Cap,Navy/White,,True,False,False,other,atc110m_form-angle_navy_white_2024_cil.jpg,,,1,46189a37-b3d7-4ffe-af37-cc278e605c28
ATC Flexfit,ATC110M,One Ten Mesh Back Cap,White/White,,True,False,True,other,atc110m_form-angle_white_white_2024_cil.jpg,,atc110m_form-back-angle_white_white_2024_cil.jpg,2,46189a37-b3d7-4ffe-af37-cc278e605c28
ATC Flexfit,ATC110P,One Ten Cool &amp; Dry Mini Pique,Black,,True,False,True,other,atc110p_form_angle_black_sticker_2020_cil.jpg,,atc110p_form_back_black_2020_cil.jpg,2,ac7fb219-9bef-4106-a7b3-44f527ced933
ATC Flexfit,ATC110P,One Ten Cool &amp; Dry Mini Pique,Navy,,True,False,True,other,atc110p_form_angle_navy_sticker_2020_cil.jpg,,atc110p_form_back_navy_2020_cil.jpg,2,ac7fb219-9bef-4106-a7b3-44f527ced933
ATC Flexfit,ATC110P,One Ten Cool &amp; Dry Mini Pique,Silver,,True,False,True,other,atc110p_form_angle_silver_sticker_2020_cil.jpg,,atc110p_form_back_silver_2020_cil.jpg,2,ac7fb219-9bef-4106-a7b3-44f527ced933
ATC Flexfit,ATC6006,YP 5 Panel Classic Trucker Cap,Black/Black,,True,True,False,other,atc6006_form-angle_black_black_2025_cil.jpg,atc6006_form-side_black_black_2025_cil.jpg,,2,c533605b-7614-493e-aa04-9351e801879b
ATC Flexfit,ATC6006,YP 5 Panel Classic Trucker Cap,Black/White,,True,True,False,other,atc6006_form-angle_black_white_2025_cil.jpg,atc6006_form-side_black_white_2025_cil.jpg,,2,c533605b-7614-493e-aa04-9351e801879b
ATC Flexfit,ATC6006,YP 5 Panel Classic Trucker Cap,Brown/White,,True,True,False,other,atc6006_form-angle_brown_white_2025_cil.jpg,atc6006_form-side_brown_white_2025_cil.jpg,,2,c533605b-7614-493e-aa04-9351e801879b
ATC Flexfit,ATC6006,YP 5 Panel Classic Trucker Cap,Charcoal/Bk,,False,False,False,,,,,0,c533605b-7614-493e-aa04-9351e801879b
ATC Flexfit,ATC6006,YP 5 Panel Classic Trucker Cap,Charcoal/Char,,False,False,False,,,,,0,c533605b-7614-493e-aa04-9351e801879b
ATC Flexfit,ATC6006,YP 5 Panel Classic Trucker Cap,Charcoal/Wht,,False,False,False,,,,,0,c533605b-7614-493e-aa04-9351e801879b
ATC Flexfit,ATC6006,YP 5 Panel Classic Trucker Cap,Navy/Navy,,True,True,False,other,atc6006_form-angle_navy_navy_2025_cil.jpg,atc6006_form-side_navy_navy_2025_cil.jpg,,2,c533605b-7614-493e-aa04-9351e801879b
ATC Flexfit,ATC6006,YP 5 Panel Classic Trucker Cap,Navy/White,,True,True,False,other,atc6006_form-angle_navy_white_2025_cil.jpg,atc6006_form-side_navy_white_2025_cil.jpg,,2,c533605b-7614-493e-aa04-9351e801879b
ATC Flexfit,ATC6006,YP 5 Panel Classic Trucker Cap,Red/Black,,True,True,False,other,atc6006_form-angle_red_black_2025_cil.jpg,atc6006_form-side_red_black_2025_cil.jpg,,2,c533605b-7614-493e-aa04-9351e801879b
ATC Flexfit,ATC6006,YP 5 Panel Classic Trucker Cap,White/White,,True,True,False,other,atc6006_form-angle_white_white_2025_cil.jpg,atc6006_form-side_white_white_2025_cil.jpg,,2,c533605b-7614-493e-aa04-9351e801879b
ATC Flexfit,ATC6089M,Premium Classic Snapback,Black,,True,True,False,other,atc6089m_angle_black.jpg,atc6089m_form-inside_black_2026_cil.jpg,,2,800f4e65-ea10-4f6e-b61b-7191934107ae
ATC Flexfit,ATC6089M,Premium Classic Snapback,Camo,,True,True,False,other,atc6089m_angle_camo.jpg,atc6089m_form-inside_camo_2026_cil.jpg,,2,800f4e65-ea10-4f6e-b61b-7191934107ae
ATC Flexfit,ATC6089M,Premium Classic Snapback,Dark Heather,,True,True,True,other,atc6089m_front_darkheather.jpg,atc6089m_form-inside_dark-heather_2026_cil.jpg,atc6089m_back_darkheather.jpg,3,800f4e65-ea10-4f6e-b61b-7191934107ae
ATC Flexfit,ATC6245CM,LowProfile CottonTwill Dad Hat,Black,,True,True,True,other,atc6245cm_front_black.jpg,atc6245cm_form-inside_black_2026_cil.jpg,atc6245cm_back_black.jpg,3,1f5e5c16-d248-4e95-bf23-44ff89264bf8
ATC Flexfit,ATC6245CM,LowProfile CottonTwill Dad Hat,Dark Grey,,True,True,True,other,atc6245cm_front_sticker_darkgrey.jpg,atc6245cm_form-inside_dark-grey_2026_cil.jpg,atc6245cm_back_darkgrey.jpg,3,1f5e5c16-d248-4e95-bf23-44ff89264bf8
ATC Flexfit,ATC6245CM,LowProfile CottonTwill Dad Hat,Khaki,,True,True,False,other,atc6245cm_form-angle_khaki_sticker_2026_cil.jpg,atc6245cm_form-inside_khaki_2026_cil.jpg,,2,1f5e5c16-d248-4e95-bf23-44ff89264bf8
ATC Flexfit,ATC6245CM,LowProfile CottonTwill Dad Hat,Navy,,True,True,True,other,atc6245cm_front_navy.jpg,atc6245cm_form-inside_navy_2026_cil.jpg,atc6245cm_back_navy.jpg,3,1f5e5c16-d248-4e95-bf23-44ff89264bf8
ATC Flexfit,ATC6245CM,LowProfile CottonTwill Dad Hat,White,,True,True,True,other,atc6245cm_front_white.jpg,atc6245cm_form-inside_white_2026_cil.jpg,atc6245cm_back_white.jpg,3,1f5e5c16-d248-4e95-bf23-44ff89264bf8
ATC Flexfit,ATC6277,Wooly Combed,Black,,True,True,True,flat,atc6277_flat_front_black_042014.jpg,atc6277_flat_inside_black_052014.jpg,atc6277_flat_back_black_042014.jpg,3,06b2df24-6fa3-4dd7-b70c-11d2a985928e
ATC Flexfit,ATC6277,Wooly Combed,Blk Multicam,,False,False,False,,,,,0,06b2df24-6fa3-4dd7-b70c-11d2a985928e
ATC Flexfit,ATC6277,Wooly Combed,Dark Grey,,True,True,True,flat,atc6277_flat_front_darkgrey_042014.jpg,atc6277_flat_inside_darkgrey_052014.jpg,atc6277_flat_back_darkgrey_042014.jpg,3,06b2df24-6fa3-4dd7-b70c-11d2a985928e
ATC Flexfit,ATC6277,Wooly Combed,Dark Navy,,True,True,True,flat,atc6277_flat_front_darknavy_042015.jpg,atc6277_flat_inside_darknavy_042015.jpg,atc6277_flat_back_darknavy_042015.jpg,3,06b2df24-6fa3-4dd7-b70c-11d2a985928e
ATC Flexfit,ATC6277,Wooly Combed,Grey,,True,True,True,flat,atc6277_flat_front_grey_042018.jpg,atc6277_flat_inside_grey_042018.jpg,atc6277_flat_back_grey_042018.jpg,3,06b2df24-6fa3-4dd7-b70c-11d2a985928e
ATC Flexfit,ATC6277,Wooly Combed,Multicam,,True,False,True,flat,atc6277_flat_front_multicam_sticker.jpg,,atc6277_flat_back_multicam_sticker.jpg,2,06b2df24-6fa3-4dd7-b70c-11d2a985928e
ATC Flexfit,ATC6277,Wooly Combed,Navy,,True,True,True,flat,atc6277_flat_front_navy_042014.jpg,atc6277_flat_inside_navy_052014.jpg,atc6277_flat_back_navy_042014.jpg,3,06b2df24-6fa3-4dd7-b70c-11d2a985928e
ATC Flexfit,ATC6277,Wooly Combed,Red,,True,True,True,flat,atc6277_flat_front_red_042016.jpg,atc6277_flat_inside_red_042016.jpg,atc6277_flat_back_red_042016.jpg,3,06b2df24-6fa3-4dd7-b70c-11d2a985928e
ATC Flexfit,ATC6277,Wooly Combed,Royal,,True,True,True,flat,atc6277_flat_front_royal_2014.jpg,atc6277_flat_inside_royal_052014.jpg,atc6277_flat_back_royal_042014.jpg,3,06b2df24-6fa3-4dd7-b70c-11d2a985928e
ATC Flexfit,ATC6277,Wooly Combed,Spruce,,True,True,True,flat,atc6277_flat_front_spruce_042015.jpg,atc6277_flat_inside_spruce_042015.jpg,atc6277_flat_back_spruce_042015.jpg,3,06b2df24-6fa3-4dd7-b70c-11d2a985928e
ATC Flexfit,ATC6277,Wooly Combed,White,,True,True,True,flat,atc6277_flat_front_white_042014.jpg,atc6277_flat_inside_white_052014.jpg,atc6277_flat_back_white_042014.jpg,3,06b2df24-6fa3-4dd7-b70c-11d2a985928e
ATC Flexfit,ATC6506,YP FivePanel Retro Trucker Cap,Black/Black,,True,True,False,other,atc6506_form-angle_black_black_2025_cil.jpg,atc6506_form-side_black_black_2025_cil.jpg,,2,15b4ff19-2484-44d1-917b-f06b3e72382d
ATC Flexfit,ATC6506,YP FivePanel Retro Trucker Cap,Black/White,,True,True,False,other,atc6506_form-angle_black_white_2025_cil.jpg,atc6506_form-side_black_white_2025_cil.jpg,,2,15b4ff19-2484-44d1-917b-f06b3e72382d
ATC Flexfit,ATC6506,YP FivePanel Retro Trucker Cap,Brown/Khaki,,True,True,False,other,atc6506_form-angle_brown_khaki_2025_cil.jpg,atc6506_form-side_brown_khaki_2025_cil.jpg,,2,15b4ff19-2484-44d1-917b-f06b3e72382d
ATC Flexfit,ATC6506,YP FivePanel Retro Trucker Cap,Charcoal/Char,,False,False,False,,,,,0,15b4ff19-2484-44d1-917b-f06b3e72382d
ATC Flexfit,ATC6506,YP FivePanel Retro Trucker Cap,Charcoal/Wht,,False,False,False,,,,,0,15b4ff19-2484-44d1-917b-f06b3e72382d
ATC Flexfit,ATC6506,YP FivePanel Retro Trucker Cap,Heather/Blk,,False,False,False,,,,,0,15b4ff19-2484-44d1-917b-f06b3e72382d
ATC Flexfit,ATC6506,YP FivePanel Retro Trucker Cap,Heather/Wht,,False,False,False,,,,,0,15b4ff19-2484-44d1-917b-f06b3e72382d
ATC Flexfit,ATC6506,YP FivePanel Retro Trucker Cap,Navy/Navy,,True,True,False,other,atc6506_form-angle_navy_navy_2025_cil.jpg,atc6506_form-side_navy_navy_2025_cil.jpg,,2,15b4ff19-2484-44d1-917b-f06b3e72382d
ATC Flexfit,ATC6506,YP FivePanel Retro Trucker Cap,Navy/White,,True,True,False,other,atc6506_form-angle_navy_white_2025_cil.jpg,atc6506_form-side_navy_white_2025_cil.jpg,,2,15b4ff19-2484-44d1-917b-f06b3e72382d
ATC Flexfit,ATC6506,YP FivePanel Retro Trucker Cap,Red/White,,True,True,False,other,atc6506_form-angle_red_white_2025_cil.jpg,atc6506_form-side_red_white_2025_cil.jpg,,2,15b4ff19-2484-44d1-917b-f06b3e72382d
ATC Flexfit,ATC6606,YP Classics Retro Trucker Cap,Black/Black,,True,True,False,other,atc6606_form-back_black_black_2024_cil.jpg,atc6606_form-inside_black_black_2026_cil.jpg,,2,3eb2f448-67a4-4a99-ba6e-72269b52eaf8
ATC Flexfit,ATC6606,YP Classics Retro Trucker Cap,Black/White,,True,True,False,other,atc6606_form-back_black_white_2024_cil.jpg,atc6606_form-inside_black_white_2026_cil.jpg,,2,3eb2f448-67a4-4a99-ba6e-72269b52eaf8
ATC Flexfit,ATC6606,YP Classics Retro Trucker Cap,Blk Multi/Blk,,False,False,False,,,,,0,3eb2f448-67a4-4a99-ba6e-72269b52eaf8
ATC Flexfit,ATC6606,YP Classics Retro Trucker Cap,Brown/Khaki,,True,True,False,other,atc6606_form-back_brown_khaki_2024_cil.jpg,atc6606_form-inside_brown_khaki_2026_cil.jpg,,2,3eb2f448-67a4-4a99-ba6e-72269b52eaf8
ATC Flexfit,ATC6606,YP Classics Retro Trucker Cap,Caramel/BK,,False,False,False,,,,,0,3eb2f448-67a4-4a99-ba6e-72269b52eaf8
ATC Flexfit,ATC6606,YP Classics Retro Trucker Cap,Charcoal/Bk,,False,False,False,,,,,0,3eb2f448-67a4-4a99-ba6e-72269b52eaf8
ATC Flexfit,ATC6606,YP Classics Retro Trucker Cap,Charcoal/Char,,False,False,False,,,,,0,3eb2f448-67a4-4a99-ba6e-72269b52eaf8
ATC Flexfit,ATC6606,YP Classics Retro Trucker Cap,Charcoal/Whit,,False,False,False,,,,,0,3eb2f448-67a4-4a99-ba6e-72269b52eaf8
ATC Flexfit,ATC6606,YP Classics Retro Trucker Cap,Coyote Br/BK,,False,False,False,,,,,0,3eb2f448-67a4-4a99-ba6e-72269b52eaf8
ATC Flexfit,ATC6606,YP Classics Retro Trucker Cap,Heather/Black,,True,True,False,other,atc6606_form-back_heather_black_2024_cil.jpg,atc6606_form-inside_heather_black_2026_cil.jpg,,2,3eb2f448-67a4-4a99-ba6e-72269b52eaf8
ATC Flexfit,ATC6606,YP Classics Retro Trucker Cap,Heather/White,,True,True,False,other,atc6606_form-back_heather_white_2024_cil.jpg,atc6606_form-inside_heather_white_2026_cil.jpg,,2,3eb2f448-67a4-4a99-ba6e-72269b52eaf8
ATC Flexfit,ATC6606,YP Classics Retro Trucker Cap,Maroon/Grey,,True,True,False,other,atc6606_form-angle_maroon_grey_2025_cil.jpg,atc6606_form-side_maroon_grey_2025_cil.jpg,,2,3eb2f448-67a4-4a99-ba6e-72269b52eaf8
ATC Flexfit,ATC6606,YP Classics Retro Trucker Cap,Moss/Khaki,,True,True,False,other,atc6606_form-angle_moss_khaki_2025_cil.jpg,atc6606_form-side_moss_khaki_2025_cil.jpg,,2,3eb2f448-67a4-4a99-ba6e-72269b52eaf8
ATC Flexfit,ATC6606,YP Classics Retro Trucker Cap,Multicam/Blk,,False,False,False,,,,,0,3eb2f448-67a4-4a99-ba6e-72269b52eaf8
ATC Flexfit,ATC6606,YP Classics Retro Trucker Cap,Navy/Navy,,True,True,False,other,atc6606_form-back_navy_navy_2024_cil.jpg,atc6606_form-inside_navy_navy_2026_cil.jpg,,2,3eb2f448-67a4-4a99-ba6e-72269b52eaf8
ATC Flexfit,ATC6606,YP Classics Retro Trucker Cap,Navy/Silver,,True,True,False,other,atc6606_form-back_navy_silver_2024_cil.jpg,atc6606_form-inside_navy_silver_2026_cil.jpg,,2,3eb2f448-67a4-4a99-ba6e-72269b52eaf8
ATC Flexfit,ATC6606,YP Classics Retro Trucker Cap,Navy/White,,True,True,False,other,atc6606_form-back_navy_white_2024_cil.jpg,atc6606_form-inside_navy_white_2026_cil.jpg,,2,3eb2f448-67a4-4a99-ba6e-72269b52eaf8
ATC Flexfit,ATC6606,YP Classics Retro Trucker Cap,Realtree/Brwn,,False,False,False,,,,,0,3eb2f448-67a4-4a99-ba6e-72269b52eaf8
ATC Flexfit,ATC6606,YP Classics Retro Trucker Cap,Red/White,,True,True,False,other,atc6606_form-back_red_white_2024_cil.jpg,atc6606_form-inside_red_white_2026_cil.jpg,,2,3eb2f448-67a4-4a99-ba6e-72269b52eaf8
ATC Flexfit,ATC6606,YP Classics Retro Trucker Cap,Royal/White,,True,True,False,other,atc6606_form-back_royal_white_2024_cil.jpg,atc6606_form-inside_royal_white_2026_cil.jpg,,2,3eb2f448-67a4-4a99-ba6e-72269b52eaf8
ATC Flexfit,ATC6606,YP Classics Retro Trucker Cap,SteelBlue/Sil,,False,False,False,,,,,0,3eb2f448-67a4-4a99-ba6e-72269b52eaf8
ATC Flexfit,ATC6606,YP Classics Retro Trucker Cap,White/White,,True,False,False,other,atc6606_form-back_white_white_2024_cil.jpg,,,1,3eb2f448-67a4-4a99-ba6e-72269b52eaf8
ATC Gameday,F2004,Game Day Fleece F/Z Hooded,Black,,True,False,True,other,f2004_black_modl_studio_1_2019.jpg,,f2004_form_back_black_012016_1.jpg,2,23f41f84-d4a4-42f9-a2ef-85d0b5596105
ATC Headwear,ATC1600,Earth Wash Beanie,Black,,False,False,False,,,,,0,1b440401-4be5-4614-b950-d7779ae0e134
ATC Headwear,ATC1600,Earth Wash Beanie,Caramel,,False,False,False,,,,,0,1b440401-4be5-4614-b950-d7779ae0e134
ATC Headwear,ATC1600,Earth Wash Beanie,Military,,False,False,False,,,,,0,1b440401-4be5-4614-b950-d7779ae0e134
ATC Headwear,ATC1600,Earth Wash Beanie,Navy,,False,False,False,,,,,0,1b440401-4be5-4614-b950-d7779ae0e134
ATC Headwear,ATC1600,Earth Wash Beanie,Pewter,,False,False,False,,,,,0,1b440401-4be5-4614-b950-d7779ae0e134
ATC Headwear,ATC1600,Earth Wash Beanie,Sand,,False,False,False,,,,,0,1b440401-4be5-4614-b950-d7779ae0e134
ATC Headwear,C100,Everyday Knit Cuff Toque,Athletic Gold,,True,False,False,other,c100_flat-front_athletic-gold_2025_cil.jpg,,,1,433e62c1-e591-4d20-9ace-2adc64b0c639
ATC Headwear,C100,Everyday Knit Cuff Toque,AthleticGreen,,False,False,False,,,,,0,433e62c1-e591-4d20-9ace-2adc64b0c639
ATC Headwear,C100,Everyday Knit Cuff Toque,AthleticOxfrd,,False,False,False,,,,,0,433e62c1-e591-4d20-9ace-2adc64b0c639
ATC Headwear,C100,Everyday Knit Cuff Toque,Black,,True,False,False,other,c100_flat-front_black_2025_cil.jpg,,,1,433e62c1-e591-4d20-9ace-2adc64b0c639
ATC Headwear,C100,Everyday Knit Cuff Toque,Black.Heather,,True,False,False,other,c100_flat-front_black-heather_2025_cil.jpg,,,1,433e62c1-e591-4d20-9ace-2adc64b0c639
ATC Headwear,C100,Everyday Knit Cuff Toque,Camo,,True,False,False,other,c100_flat-front_camo_2025_cil.jpg,,,1,433e62c1-e591-4d20-9ace-2adc64b0c639
ATC Headwear,C100,Everyday Knit Cuff Toque,Caramel,,True,False,False,other,atcf2500_military-green___c100_caramel_modl_studio-6_2024_cil.jpg,,,1,433e62c1-e591-4d20-9ace-2adc64b0c639
ATC Headwear,C100,Everyday Knit Cuff Toque,Concrete,,True,False,False,other,c100_flat-front_concrete_2025_cil.jpg,,,1,433e62c1-e591-4d20-9ace-2adc64b0c639
ATC Headwear,C100,Everyday Knit Cuff Toque,Coyote Brown,,True,False,False,other,c100_flat-front_coyote-brown_2026_cil.jpg,,,1,433e62c1-e591-4d20-9ace-2adc64b0c639
ATC Headwear,C100,Everyday Knit Cuff Toque,DarkChocolate,,False,False,False,,,,,0,433e62c1-e591-4d20-9ace-2adc64b0c639
ATC Headwear,C100,Everyday Knit Cuff Toque,Laurel Green,,True,False,False,other,c100_flat-front_laurel-green_2026_cil.jpg,,,1,433e62c1-e591-4d20-9ace-2adc64b0c639
ATC Headwear,C100,Everyday Knit Cuff Toque,Light Blue,,True,False,False,other,c100_flat-front_light-blue_2025_cil.jpg,,,1,433e62c1-e591-4d20-9ace-2adc64b0c639
ATC Headwear,C100,Everyday Knit Cuff Toque,Maroon,,True,False,False,other,c100_flat-front_maroon_2025_cil.jpg,,,1,433e62c1-e591-4d20-9ace-2adc64b0c639
ATC Headwear,C100,Everyday Knit Cuff Toque,MilitaryGreen,,False,False,False,,,,,0,433e62c1-e591-4d20-9ace-2adc64b0c639
ATC Headwear,C100,Everyday Knit Cuff Toque,Navy,,True,False,False,other,c100_flat-front_navy_2025_cil.jpg,,,1,433e62c1-e591-4d20-9ace-2adc64b0c639
ATC Headwear,C100,Everyday Knit Cuff Toque,Neon Blue,,True,False,False,other,c100_flat-front_neon-blue_2025_cil.jpg,,,1,433e62c1-e591-4d20-9ace-2adc64b0c639
ATC Headwear,C100,Everyday Knit Cuff Toque,Neon Lime,,True,False,False,other,c100_flat-front_neon-lime_2025_cil.jpg,,,1,433e62c1-e591-4d20-9ace-2adc64b0c639
ATC Headwear,C100,Everyday Knit Cuff Toque,Neon Pink,,True,False,False,other,c100_flat-front_neon-pink_2025_cil.jpg,,,1,433e62c1-e591-4d20-9ace-2adc64b0c639
ATC Headwear,C100,Everyday Knit Cuff Toque,Oatmeal Hthr,,False,False,False,,,,,0,433e62c1-e591-4d20-9ace-2adc64b0c639
ATC Headwear,C100,Everyday Knit Cuff Toque,Orange,,True,False,False,other,c100_flat-front_orange_2025_cil.jpg,,,1,433e62c1-e591-4d20-9ace-2adc64b0c639
ATC Headwear,C100,Everyday Knit Cuff Toque,Pale Blush,,True,False,False,other,c100_flat-front_pale-blush_2026_cil.jpg,,,1,433e62c1-e591-4d20-9ace-2adc64b0c639
ATC Headwear,C100,Everyday Knit Cuff Toque,Purple,,True,False,False,other,c100_flat-front_purple_2025_cil.jpg,,,1,433e62c1-e591-4d20-9ace-2adc64b0c639
ATC Headwear,C100,Everyday Knit Cuff Toque,Red,,True,False,False,other,c100_flat-front_red_2025_cil.jpg,,,1,433e62c1-e591-4d20-9ace-2adc64b0c639
ATC Headwear,C100,Everyday Knit Cuff Toque,Royal,,True,False,False,other,c100_flat-front_royal_2025_cil.jpg,,,1,433e62c1-e591-4d20-9ace-2adc64b0c639
ATC Headwear,C100,Everyday Knit Cuff Toque,Sand,,True,False,False,other,c100_flat-front_sand_2025_cil.jpg,,,1,433e62c1-e591-4d20-9ace-2adc64b0c639
ATC Headwear,C100,Everyday Knit Cuff Toque,Steel Blue,,True,False,False,other,c100_flat-front_steel-blue_2026_cil.jpg,,,1,433e62c1-e591-4d20-9ace-2adc64b0c639
ATC Headwear,C100,Everyday Knit Cuff Toque,Team Charcoal,,True,False,False,other,c100_flat-front_team-charcoal_2026_cil.jpg,,,1,433e62c1-e591-4d20-9ace-2adc64b0c639
ATC Headwear,C100,Everyday Knit Cuff Toque,True White,,True,False,False,other,c100_flat-front_true-white_2026_cil.jpg,,,1,433e62c1-e591-4d20-9ace-2adc64b0c639
ATC Headwear,C100,Everyday Knit Cuff Toque,White,,True,False,False,other,c100_flat-front_white_2025_cil.jpg,,,1,433e62c1-e591-4d20-9ace-2adc64b0c639
ATC Headwear,C105,Everyday Knit Skull Cap,Black,,True,False,False,flat,c105_flat_black.jpg,,,1,d4b0c6fd-eb5c-42b5-945e-3a8d93c99d53
ATC Headwear,C105,Everyday Knit Skull Cap,Black.Heather,,True,False,False,flat,c105_flat__blackheather_cc.jpg,,,1,d4b0c6fd-eb5c-42b5-945e-3a8d93c99d53
ATC Headwear,C105,Everyday Knit Skull Cap,Navy,,True,False,False,flat,c105_flat_navy.jpg,,,1,d4b0c6fd-eb5c-42b5-945e-3a8d93c99d53
ATC Headwear,C1202,Striped Cuff Pom Pom Toque,Black/Blk,,False,False,False,,,,,0,ec7264e7-f1c9-4945-9396-31e2edf12d7f
ATC Headwear,C1202,Striped Cuff Pom Pom Toque,BlkHth/BlkHth,,False,False,False,,,,,0,ec7264e7-f1c9-4945-9396-31e2edf12d7f
ATC Headwear,C1202,Striped Cuff Pom Pom Toque,Navy/Navy,,False,False,False,,,,,0,ec7264e7-f1c9-4945-9396-31e2edf12d7f
ATC Headwear,C130,Everyday Cotton Twill Cap,AuthenticBlue,,True,False,True,flat,c130_authenticblue_flat_front_010912.jpg,,c130_authenticblue_flat_back_010912.jpg,2,fb318bbd-4199-4be0-a7b7-262ed8415595
ATC Headwear,C130,Everyday Cotton Twill Cap,Black,,True,False,True,flat,c130_black_flat_front_010912_1.jpg,,c130_black_flat_back_010912_1.jpg,2,fb318bbd-4199-4be0-a7b7-262ed8415595
ATC Headwear,C130,Everyday Cotton Twill Cap,Camo,,True,False,False,flat,c130_camo_flat_front_062212_1.jpg,,,1,fb318bbd-4199-4be0-a7b7-262ed8415595
ATC Headwear,C130,Everyday Cotton Twill Cap,Caramel,,True,False,False,other,c130_form-front_caramel_2024_cil.jpg,,,1,fb318bbd-4199-4be0-a7b7-262ed8415595
ATC Headwear,C130,Everyday Cotton Twill Cap,Coal Grey,,True,False,True,flat,c130_flat_front_coalgrey_032014_1.jpg,,c130_flat_back_coalgrey_032014_1.jpg,2,fb318bbd-4199-4be0-a7b7-262ed8415595
ATC Headwear,C130,Everyday Cotton Twill Cap,Concrete,,False,False,False,,,,,0,fb318bbd-4199-4be0-a7b7-262ed8415595
ATC Headwear,C130,Everyday Cotton Twill Cap,Dark Brown,,False,False,False,,,,,0,fb318bbd-4199-4be0-a7b7-262ed8415595
ATC Headwear,C130,Everyday Cotton Twill Cap,Hunter,,True,False,True,flat,c130_hunter_flat_front_010912.jpg,,c130_hunter_flat_back_010912.jpg,2,fb318bbd-4199-4be0-a7b7-262ed8415595
ATC Headwear,C130,Everyday Cotton Twill Cap,Kelly Green,,True,False,True,flat,c130_kellygreen_flat_front_031912.jpg,,c130_kellygreen_flat_back_031912.jpg,2,fb318bbd-4199-4be0-a7b7-262ed8415595
ATC Headwear,C130,Everyday Cotton Twill Cap,Khaki,,True,False,True,flat,c130_khaki_flat_front_010912_1.jpg,,c130_khaki_flat_back_010912_1.jpg,2,fb318bbd-4199-4be0-a7b7-262ed8415595
ATC Headwear,C130,Everyday Cotton Twill Cap,Light Blue,,True,False,False,other,c130_form-front_light-blue_2024_cil.jpg,,,1,fb318bbd-4199-4be0-a7b7-262ed8415595
ATC Headwear,C130,Everyday Cotton Twill Cap,Lime Shock,,True,False,True,flat,c130_limeshock_flat_front_010912_1.jpg,,c130_limeshock_flat_back_010912_1.jpg,2,fb318bbd-4199-4be0-a7b7-262ed8415595
ATC Headwear,C130,Everyday Cotton Twill Cap,Maroon,,True,False,True,flat,c130_maroon_flat_front_010912.jpg,,c130_maroon_flat_back_010912.jpg,2,fb318bbd-4199-4be0-a7b7-262ed8415595
ATC Headwear,C130,Everyday Cotton Twill Cap,MilitaryGreen,,False,False,False,,,,,0,fb318bbd-4199-4be0-a7b7-262ed8415595
ATC Headwear,C130,Everyday Cotton Twill Cap,Navy,,True,False,True,flat,c130_navy_flat_front_010912_1.jpg,,c130_navy_flat_back_010912_1.jpg,2,fb318bbd-4199-4be0-a7b7-262ed8415595
ATC Headwear,C130,Everyday Cotton Twill Cap,Orange,,True,False,True,other,c130_orange_modl_studio-3.jpg,,c130_orange_flat_back_010912_1.jpg,2,fb318bbd-4199-4be0-a7b7-262ed8415595
ATC Headwear,C130,Everyday Cotton Twill Cap,Purple,,True,False,True,flat,c130_purple_flat_front_010912_1.jpg,,c130_purple_flat_back_010912_1.jpg,2,fb318bbd-4199-4be0-a7b7-262ed8415595
ATC Headwear,C130,Everyday Cotton Twill Cap,Red,,True,False,True,flat,c130_red_flat_front_010912_1.jpg,,c130_red_flat_back_010912_1.jpg,2,fb318bbd-4199-4be0-a7b7-262ed8415595
ATC Headwear,C130,Everyday Cotton Twill Cap,Royal,,True,False,True,flat,c130_royal_flat_front_010912_1.jpg,,c130_royal_flat_back_010912_1.jpg,2,fb318bbd-4199-4be0-a7b7-262ed8415595
ATC Headwear,C130,Everyday Cotton Twill Cap,Sand,,True,False,False,other,c130_form-front_sand_2024_cil.jpg,,,1,fb318bbd-4199-4be0-a7b7-262ed8415595
ATC Headwear,C130,Everyday Cotton Twill Cap,Tropical Pink,,True,False,True,flat,c130_tropicalpink_flat_front_010912_1.jpg,,c130_tropicalpink_flat_back_010912_1.jpg,2,fb318bbd-4199-4be0-a7b7-262ed8415595
ATC Headwear,C130,Everyday Cotton Twill Cap,White,,True,False,True,flat,c130_white_flat_front_010912_1.jpg,,c130_white_flat_back_010912_1.jpg,2,fb318bbd-4199-4be0-a7b7-262ed8415595
ATC Headwear,C1302,Everyday Twill Bucket Hat,Black,,True,True,False,other,c1302_form-angle_black_2025_cil.jpg,c1302_form-inside_black_2025_cil.jpg,,2,e19f5031-7b3b-4692-b384-bc371172ed12
ATC Headwear,C1302,Everyday Twill Bucket Hat,Concrete,,True,True,False,other,c1302_form-angle_concrete_2025_cil.jpg,c1302_form-inside_concrete_2025_cil.jpg,,2,e19f5031-7b3b-4692-b384-bc371172ed12
ATC Headwear,C1302,Everyday Twill Bucket Hat,Hunter,,True,True,False,other,c1302_form-angle_hunter_2025_cil.jpg,c1302_form-inside_hunter_2025_cil.jpg,,2,e19f5031-7b3b-4692-b384-bc371172ed12
ATC Headwear,C1302,Everyday Twill Bucket Hat,Light Khaki,,True,True,False,other,c1302_form-angle_light-khaki_2025_cil.jpg,c1302_form-inside_light-khaki_2025_cil.jpg,,2,e19f5031-7b3b-4692-b384-bc371172ed12
ATC Headwear,C1302,Everyday Twill Bucket Hat,Midnight,,True,True,False,other,c1302_form-angle_midnight_2025_cil.jpg,c1302_form-inside_midnight_2025_cil.jpg,,2,e19f5031-7b3b-4692-b384-bc371172ed12
ATC Headwear,C1302,Everyday Twill Bucket Hat,Royal,,True,True,False,other,c1302_form-angle_royal_2025_cil.jpg,c1302_form-inside_royal_2025_cil.jpg,,2,e19f5031-7b3b-4692-b384-bc371172ed12
ATC Headwear,C1302,Everyday Twill Bucket Hat,True Red,,True,True,False,other,c1302_modl_true-red_studio_crop_2026_cil.jpg,c1302_form-inside_true-red_2025_cil.jpg,,2,e19f5031-7b3b-4692-b384-bc371172ed12
ATC Headwear,C1302,Everyday Twill Bucket Hat,White,,True,True,False,other,c1302_form-angle_white_2025_cil.jpg,c1302_form-inside_white_2025_cil.jpg,,2,e19f5031-7b3b-4692-b384-bc371172ed12
ATC Headwear,C1305,Everyday Cotton Twill Dad Cap,Black,,True,False,False,other,c1305_form-angle_black_2024_cil.jpg,,,1,0a1ef509-f296-4133-a78a-0dca916979cb
ATC Headwear,C1305,Everyday Cotton Twill Dad Cap,Coal Grey,,True,False,False,other,c1305_form-angle_coal-grey_2024_cil.jpg,,,1,0a1ef509-f296-4133-a78a-0dca916979cb
ATC Headwear,C1305,Everyday Cotton Twill Dad Cap,Khaki,,True,False,False,other,c1305_form-angle_khaki_2024_cil.jpg,,,1,0a1ef509-f296-4133-a78a-0dca916979cb
ATC Headwear,C1305,Everyday Cotton Twill Dad Cap,Navy,,True,False,False,other,c1305_navy_modl_crop_2024_cil.jpg,,,1,0a1ef509-f296-4133-a78a-0dca916979cb
ATC Headwear,C1305,Everyday Cotton Twill Dad Cap,White,,True,False,False,other,c1305_form-angle_white_2024_cil.jpg,,,1,0a1ef509-f296-4133-a78a-0dca916979cb
ATC Headwear,C1318,Everyday Snapback Trucker Cap,Black/Black,,True,False,True,other,c1318_form_angle_blackblack_052018.jpg,,c1318_form_back_blackblack_052018.jpg,2,18475c76-553f-4720-b46a-b8f886049fbd
ATC Headwear,C1318,Everyday Snapback Trucker Cap,Black/Gold,,True,False,True,other,c1318_form_angle_blackgold_032019.jpg,,c1318_form_back_blackgold_032019.jpg,2,18475c76-553f-4720-b46a-b8f886049fbd
ATC Headwear,C1318,Everyday Snapback Trucker Cap,Black/Orange,,True,False,True,other,c1318_form_angle_blackorange_022019.jpg,,c1318_form_back_blackorange_022019.jpg,2,18475c76-553f-4720-b46a-b8f886049fbd
ATC Headwear,C1318,Everyday Snapback Trucker Cap,Black/Red,,True,False,True,other,c1318_form_angle_blackred_032019.jpg,,c1318_form_back_blackred_032019.jpg,2,18475c76-553f-4720-b46a-b8f886049fbd
ATC Headwear,C1318,Everyday Snapback Trucker Cap,Black/White,,True,False,True,other,c1318_form_angle_blackwhite_052018.jpg,,c1318_form_back_blackwhite_052018.jpg,2,18475c76-553f-4720-b46a-b8f886049fbd
ATC Headwear,C1318,Everyday Snapback Trucker Cap,Camo/Black,,True,False,True,other,c1318_camoblack_modl_studio2019c_1_.jpg,,c1318_form_back_camoblack_052018.jpg,2,18475c76-553f-4720-b46a-b8f886049fbd
ATC Headwear,C1318,Everyday Snapback Trucker Cap,Caramel/Black,,True,False,False,other,c1318_form-angle_caramel_black_2024_cil.jpg,,,1,18475c76-553f-4720-b46a-b8f886049fbd
ATC Headwear,C1318,Everyday Snapback Trucker Cap,CoalGrey/Blk,,False,False,False,,,,,0,18475c76-553f-4720-b46a-b8f886049fbd
ATC Headwear,C1318,Everyday Snapback Trucker Cap,CoalGrey/Grey,,True,False,True,other,c1318_form_angle_coalgreygrey_122018_v2.jpg,,c1318_form_back_coalgreygrey_122018.jpg,2,18475c76-553f-4720-b46a-b8f886049fbd
ATC Headwear,C1318,Everyday Snapback Trucker Cap,CoalGrey/Wht,,False,False,False,,,,,0,18475c76-553f-4720-b46a-b8f886049fbd
ATC Headwear,C1318,Everyday Snapback Trucker Cap,Dk Brown Sand,,False,False,False,,,,,0,18475c76-553f-4720-b46a-b8f886049fbd
ATC Headwear,C1318,Everyday Snapback Trucker Cap,Forest/White,,True,False,True,other,c1318_form_angle_forestwhite_122018_v2.jpg,,c1318_form_back_forestwhite_122018.jpg,2,18475c76-553f-4720-b46a-b8f886049fbd
ATC Headwear,C1318,Everyday Snapback Trucker Cap,JasperBl/Crem,,False,False,False,,,,,0,18475c76-553f-4720-b46a-b8f886049fbd
ATC Headwear,C1318,Everyday Snapback Trucker Cap,Maroon/Creme,,False,False,False,,,,,0,18475c76-553f-4720-b46a-b8f886049fbd
ATC Headwear,C1318,Everyday Snapback Trucker Cap,Maroon/White,,True,False,True,other,c1318_form_angle_maroonwhite_122018_v2.jpg,,c1318_form_back_maroonwhite_122018.jpg,2,18475c76-553f-4720-b46a-b8f886049fbd
ATC Headwear,C1318,Everyday Snapback Trucker Cap,Navy/Creme,,False,False,False,,,,,0,18475c76-553f-4720-b46a-b8f886049fbd
ATC Headwear,C1318,Everyday Snapback Trucker Cap,Navy/Navy,,True,False,True,other,c1318_form_angle_navynavy_022019.jpg,,c1318_form_back_navynavy_022019.jpg,2,18475c76-553f-4720-b46a-b8f886049fbd
ATC Headwear,C1318,Everyday Snapback Trucker Cap,Navy/White,,True,False,True,other,c1318_form_angle_navywhite_052018.jpg,,c1318_form_back_navywhite_052018.jpg,2,18475c76-553f-4720-b46a-b8f886049fbd
ATC Headwear,C1318,Everyday Snapback Trucker Cap,Red/White,,True,False,True,other,c1318_form_angle_redwhite_052018.jpg,,c1318_form_back_redwhite_052018.jpg,2,18475c76-553f-4720-b46a-b8f886049fbd
ATC Headwear,C1318,Everyday Snapback Trucker Cap,Royal/White,,True,False,True,other,c1318_form_angle_royalwhite_052018.jpg,,c1318_form_back_royalwhite_052018.jpg,2,18475c76-553f-4720-b46a-b8f886049fbd
ATC Headwear,C1318,Everyday Snapback Trucker Cap,Sand/DkBrown,,False,False,False,,,,,0,18475c76-553f-4720-b46a-b8f886049fbd
ATC Headwear,C1318,Everyday Snapback Trucker Cap,Tropical/Crem,,False,False,False,,,,,0,18475c76-553f-4720-b46a-b8f886049fbd
ATC Headwear,C1318,Everyday Snapback Trucker Cap,White/Black,,True,False,True,other,c1318_form_angle_whiteblack_052018.jpg,,c1318_form_back_whiteblack_052018.jpg,2,18475c76-553f-4720-b46a-b8f886049fbd
ATC Headwear,C1318,Everyday Snapback Trucker Cap,White/Navy,,True,False,True,other,c1318_form_angle_whitenavy_052018.jpg,,c1318_form_back_whitenavy_052018.jpg,2,18475c76-553f-4720-b46a-b8f886049fbd
ATC Headwear,C1318TRI,Everyday TRI-Colour Trucker,Blu/Nav/Gry,,False,False,False,,,,,0,aed8e34c-399a-4c27-908a-8fdeab665193
ATC Headwear,C1318TRI,Everyday TRI-Colour Trucker,Brow/Car/Cre,,False,False,False,,,,,0,aed8e34c-399a-4c27-908a-8fdeab665193
ATC Headwear,C1318TRI,Everyday TRI-Colour Trucker,Crem/Car/Gry,,False,False,False,,,,,0,aed8e34c-399a-4c27-908a-8fdeab665193
ATC Headwear,C1318TRI,Everyday TRI-Colour Trucker,Crem/For/Gry,,False,False,False,,,,,0,aed8e34c-399a-4c27-908a-8fdeab665193
ATC Headwear,C1318TRI,Everyday TRI-Colour Trucker,Crem/Mar/Gry,,False,False,False,,,,,0,aed8e34c-399a-4c27-908a-8fdeab665193
ATC Headwear,C1318TRI,Everyday TRI-Colour Trucker,Crem/Nav/Gry,,False,False,False,,,,,0,aed8e34c-399a-4c27-908a-8fdeab665193
ATC Headwear,C1318TRI,Everyday TRI-Colour Trucker,Crem/Yel/Gry,,False,False,False,,,,,0,aed8e34c-399a-4c27-908a-8fdeab665193
ATC Headwear,C1318TRI,Everyday TRI-Colour Trucker,Gre/Car/Cre,,False,False,False,,,,,0,aed8e34c-399a-4c27-908a-8fdeab665193
ATC Headwear,C1321,Pigment Dyed Cap,Black,,True,False,False,other,c1321_form-angle_black_2024_cil.jpg,,,1,bda2cdb0-f892-4f3e-ac8e-f3b372d165b3
ATC Headwear,C1321,Pigment Dyed Cap,Caramel,,True,True,False,other,c1321_form-angle_caramel_2024_cil.jpg,c1321_form-inside_caramel_2024_cil.jpg,,2,bda2cdb0-f892-4f3e-ac8e-f3b372d165b3
ATC Headwear,C1321,Pigment Dyed Cap,Dark Brown,,True,False,False,other,c1321_form-angle_dark-brown_2024_cil.jpg,,,1,bda2cdb0-f892-4f3e-ac8e-f3b372d165b3
ATC Headwear,C1321,Pigment Dyed Cap,Khaki,,True,False,False,other,c1321_form-angle_khaki_2024_cil.jpg,,,1,bda2cdb0-f892-4f3e-ac8e-f3b372d165b3
ATC Headwear,C1321,Pigment Dyed Cap,Maroon,,True,False,False,other,c1321_form-angle_maroon_2024_cil.jpg,,,1,bda2cdb0-f892-4f3e-ac8e-f3b372d165b3
ATC Headwear,C1321,Pigment Dyed Cap,MilitaryGreen,,False,False,False,,,,,0,bda2cdb0-f892-4f3e-ac8e-f3b372d165b3
ATC Headwear,C1321,Pigment Dyed Cap,Navy,,True,False,False,other,c1321_form-angle_navy_2024_cil.jpg,,,1,bda2cdb0-f892-4f3e-ac8e-f3b372d165b3
ATC Headwear,C1321,Pigment Dyed Cap,Royal,,True,False,False,other,c1321_form-angle_royal_2024_cil.jpg,,,1,bda2cdb0-f892-4f3e-ac8e-f3b372d165b3
ATC Headwear,C1321,Pigment Dyed Cap,Sand,,True,False,False,other,c1321_form-angle_sand_2024_cil.jpg,,,1,bda2cdb0-f892-4f3e-ac8e-f3b372d165b3
ATC Headwear,C1322,Pigment Dyed Trucker Cap,Black,,True,False,False,other,c1322_form-angle_black_creme_2024_cil.jpg,,,1,4f915053-9bfa-409c-a8c9-5a51e526977f
ATC Headwear,C1322,Pigment Dyed Trucker Cap,Caramel,,True,True,False,other,c1322_form-angle_caramel_creme_2024_cil.jpg,c1322_form-inside_caramel_creme_2024_cil.jpg,,2,4f915053-9bfa-409c-a8c9-5a51e526977f
ATC Headwear,C1322,Pigment Dyed Trucker Cap,Dark Brown,,True,False,False,other,c1322_form-angle_dark-brown_creme_2024_cil.jpg,,,1,4f915053-9bfa-409c-a8c9-5a51e526977f
ATC Headwear,C1322,Pigment Dyed Trucker Cap,Maroon,,True,False,False,other,c1322_form-angle_maroon_creme_2024_cil.jpg,,,1,4f915053-9bfa-409c-a8c9-5a51e526977f
ATC Headwear,C1322,Pigment Dyed Trucker Cap,MilitaryGreen,,False,False,False,,,,,0,4f915053-9bfa-409c-a8c9-5a51e526977f
ATC Headwear,C1322,Pigment Dyed Trucker Cap,Navy,,True,False,False,other,c1322_form-angle_navy_creme_2024_cil.jpg,,,1,4f915053-9bfa-409c-a8c9-5a51e526977f
ATC Headwear,C1322,Pigment Dyed Trucker Cap,Royal,,True,False,False,other,c1322_form-angle_royal_creme_2024_cil.jpg,,,1,4f915053-9bfa-409c-a8c9-5a51e526977f
ATC Headwear,C1327,5 Panel Foam Trucker Cap,Black/Black,,True,True,False,other,c1327_form-angle_black_black_2025_cil.jpg,c1327_form-inside_black_black_2025_cil.jpg,,2,eeaf50de-17a6-49f8-97f9-ec5064019486
ATC Headwear,C1327,5 Panel Foam Trucker Cap,Navy/Navy,,True,True,False,other,c1327_form-angle_navy_navy_2025_cil.jpg,c1327_form-inside_navy_navy_2025_cil.jpg,,2,eeaf50de-17a6-49f8-97f9-ec5064019486
ATC Headwear,C1327,5 Panel Foam Trucker Cap,White/Black,,True,True,False,other,c1327_modl_white_black_crop_2025_cil.jpg,c1327_form-inside_white_black_2025_cil.jpg,,2,eeaf50de-17a6-49f8-97f9-ec5064019486
ATC Headwear,C1327,5 Panel Foam Trucker Cap,White/Navy,,True,True,False,other,c1327_form-angle_white_navy_2025_cil.jpg,c1327_form-inside_white_navy_2025_cil.jpg,,2,eeaf50de-17a6-49f8-97f9-ec5064019486
ATC Headwear,C1327,5 Panel Foam Trucker Cap,White/Red,,True,True,False,other,c1327_form-angle_white_red_2025_cil.jpg,c1327_form-inside_white_red_2025_cil.jpg,,2,eeaf50de-17a6-49f8-97f9-ec5064019486
ATC Headwear,C1327,5 Panel Foam Trucker Cap,White/Royal,,True,True,False,other,c1327_form-angle_white_royal_2025_cil.jpg,c1327_form-inside_white_royal_2025_cil.jpg,,2,eeaf50de-17a6-49f8-97f9-ec5064019486
ATC Headwear,C1340,Everyday 5-Panel Cotton Cap,Black,,True,True,False,other,c1340_modl_black_studio_crop_2026_cil.jpg,c1340_form-inside_black_2025_cil.jpg,,2,30e67084-f54c-4234-9425-c29a2555c55b
ATC Headwear,C1340,Everyday 5-Panel Cotton Cap,Caramel,,True,True,False,other,c1340_form-angle_caramel_2025_cil.jpg,c1340_form-inside_caramel_2025_cil.jpg,,2,30e67084-f54c-4234-9425-c29a2555c55b
ATC Headwear,C1340,Everyday 5-Panel Cotton Cap,Coal Grey,,True,True,False,other,c1340_form-angle_coal-grey_2025_cil.jpg,c1340_form-inside_coal-grey_2025_cil.jpg,,2,30e67084-f54c-4234-9425-c29a2555c55b
ATC Headwear,C1340,Everyday 5-Panel Cotton Cap,Concrete,,True,True,False,other,c1340_form-angle_concrete_2025_cil.jpg,c1340_form-inside_concrete_2025_cil.jpg,,2,30e67084-f54c-4234-9425-c29a2555c55b
ATC Headwear,C1340,Everyday 5-Panel Cotton Cap,Dark Brown,,False,False,False,,,,,0,30e67084-f54c-4234-9425-c29a2555c55b
ATC Headwear,C1340,Everyday 5-Panel Cotton Cap,Hunter,,True,True,False,other,c1340_form-angle_hunter_2025_cil.jpg,c1340_form-inside_hunter_2025_cil.jpg,,2,30e67084-f54c-4234-9425-c29a2555c55b
ATC Headwear,C1340,Everyday 5-Panel Cotton Cap,MilitaryGreen,,False,False,False,,,,,0,30e67084-f54c-4234-9425-c29a2555c55b
ATC Headwear,C1340,Everyday 5-Panel Cotton Cap,Navy,,True,True,False,other,c1340_form-angle_navy_2025_cil.jpg,c1340_form-inside_navy_2025_cil.jpg,,2,30e67084-f54c-4234-9425-c29a2555c55b
ATC Headwear,C1340,Everyday 5-Panel Cotton Cap,Red,,True,True,False,other,c1340_form-angle_red_2025_cil.jpg,c1340_form-inside_red_2025_cil.jpg,,2,30e67084-f54c-4234-9425-c29a2555c55b
ATC Headwear,C1340,Everyday 5-Panel Cotton Cap,Royal,,True,True,False,other,c1340_form-angle_royal_2025_cil.jpg,c1340_form-inside_royal_2025_cil.jpg,,2,30e67084-f54c-4234-9425-c29a2555c55b
ATC Headwear,C1340,Everyday 5-Panel Cotton Cap,Sand,,True,True,False,other,c1340_form-angle_sand_2025_cil.jpg,c1340_form-inside_sand_2025_cil.jpg,,2,30e67084-f54c-4234-9425-c29a2555c55b
ATC Headwear,C1340,Everyday 5-Panel Cotton Cap,White,,True,True,False,other,c1340_form-angle_white_2025_cil.jpg,c1340_form-inside_white_2025_cil.jpg,,2,30e67084-f54c-4234-9425-c29a2555c55b
ATC Headwear,C1342,Everyday 5-Panel Trucker Cap,Black/Black,,True,True,False,other,c1342_form-angle_black_black_2025_cil.jpg,c1342_form-inside_black_black_2025_cil.jpg,,2,f7db66c4-2a93-452b-9cf5-7946dbf429c7
ATC Headwear,C1342,Everyday 5-Panel Trucker Cap,Black/White,,True,True,False,other,c1342_form-angle_black_white_2025_cil.jpg,c1342_form-inside_black_white_2025_cil.jpg,,2,f7db66c4-2a93-452b-9cf5-7946dbf429c7
ATC Headwear,C1342,Everyday 5-Panel Trucker Cap,CoalGrey/Coal,,False,False,False,,,,,0,f7db66c4-2a93-452b-9cf5-7946dbf429c7
ATC Headwear,C1342,Everyday 5-Panel Trucker Cap,Concrete/Wht,,False,False,False,,,,,0,f7db66c4-2a93-452b-9cf5-7946dbf429c7
ATC Headwear,C1342,Everyday 5-Panel Trucker Cap,Navy/Navy,,True,True,False,other,c1342_form-angle_navy_navy_2025_cil.jpg,c1342_form-inside_navy_navy_2025_cil.jpg,,2,f7db66c4-2a93-452b-9cf5-7946dbf429c7
ATC Headwear,C1342,Everyday 5-Panel Trucker Cap,Navy/White,,True,True,False,other,c1342_form-angle_navy_white_2025_cil.jpg,c1342_form-inside_navy_white_2025_cil.jpg,,2,f7db66c4-2a93-452b-9cf5-7946dbf429c7
ATC Headwear,C1342,Everyday 5-Panel Trucker Cap,Red/White,,True,True,False,other,c1342_form-angle_red_white_2025_cil.jpg,c1342_form-inside_red_white_2025_cil.jpg,,2,f7db66c4-2a93-452b-9cf5-7946dbf429c7
ATC Headwear,C1342,Everyday 5-Panel Trucker Cap,Royal/White,,True,True,False,other,c1342_form-angle_royal_white_2025_cil.jpg,c1342_form-inside_royal_white_2025_cil.jpg,,2,f7db66c4-2a93-452b-9cf5-7946dbf429c7
ATC Headwear,C1342,Everyday 5-Panel Trucker Cap,White/White,,True,True,False,other,c1342_form-angle_white_white_2025_cil.jpg,c1342_form-inside_white_white_2025_cil.jpg,,2,f7db66c4-2a93-452b-9cf5-7946dbf429c7
ATC Headwear,C1343,Everyday 5-Panel Rope Trucker,BLK/BLK/BLACK,,False,False,False,,,,,0,b5f62a4c-6a3e-4541-b7c2-11a6d023969b
ATC Headwear,C1343,Everyday 5-Panel Rope Trucker,BLK/WHITE/WH,,False,False,False,,,,,0,b5f62a4c-6a3e-4541-b7c2-11a6d023969b
ATC Headwear,C1343,Everyday 5-Panel Rope Trucker,CARA/BLK/BLK,,False,False,False,,,,,0,b5f62a4c-6a3e-4541-b7c2-11a6d023969b
ATC Headwear,C1343,Everyday 5-Panel Rope Trucker,COALG/BLK/BLK,,False,False,False,,,,,0,b5f62a4c-6a3e-4541-b7c2-11a6d023969b
ATC Headwear,C1343,Everyday 5-Panel Rope Trucker,CONCRET/WH/WH,,False,False,False,,,,,0,b5f62a4c-6a3e-4541-b7c2-11a6d023969b
ATC Headwear,C1343,Everyday 5-Panel Rope Trucker,NAVY/NAVY/NVY,,False,False,False,,,,,0,b5f62a4c-6a3e-4541-b7c2-11a6d023969b
ATC Headwear,C1343,Everyday 5-Panel Rope Trucker,NAVY/WHITE/WH,,False,False,False,,,,,0,b5f62a4c-6a3e-4541-b7c2-11a6d023969b
ATC Headwear,C1343,Everyday 5-Panel Rope Trucker,RED/WHITE/WH,,False,False,False,,,,,0,b5f62a4c-6a3e-4541-b7c2-11a6d023969b
ATC Headwear,C1343,Everyday 5-Panel Rope Trucker,ROYAL/WH/WH,,False,False,False,,,,,0,b5f62a4c-6a3e-4541-b7c2-11a6d023969b
ATC Headwear,C1343,Everyday 5-Panel Rope Trucker,WHITE/BLK/BLK,,False,False,False,,,,,0,b5f62a4c-6a3e-4541-b7c2-11a6d023969b
ATC Headwear,Y100,Everyday Youth Cuffed Toque,AthleticOxfrd,,False,False,False,,,,,0,d5b1c5cd-90d5-4810-a47c-a67437e70322
ATC Headwear,Y100,Everyday Youth Cuffed Toque,Black,,True,False,False,other,ch7690y_black___y100_charcoal-heather_modl_studio-3_2025_cil_1.jpg,,,1,d5b1c5cd-90d5-4810-a47c-a67437e70322
ATC Headwear,Y100,Everyday Youth Cuffed Toque,Navy,,True,False,False,other,y100_flat-front_navy_2025_cil.jpg,,,1,d5b1c5cd-90d5-4810-a47c-a67437e70322
ATC Headwear,Y100,Everyday Youth Cuffed Toque,Orange,,True,False,False,other,y100_flat-front_orange_2025_cil.jpg,,,1,d5b1c5cd-90d5-4810-a47c-a67437e70322
ATC Headwear,Y100,Everyday Youth Cuffed Toque,Red,,True,False,False,other,y100_flat-front_red_2025_cil.jpg,,,1,d5b1c5cd-90d5-4810-a47c-a67437e70322
ATC Headwear,Y100,Everyday Youth Cuffed Toque,Royal,,True,False,False,other,y100_flat-front_royal_2025_cil.jpg,,,1,d5b1c5cd-90d5-4810-a47c-a67437e70322
ATC Headwear,Y130,Everyday CottonTwill Youth Cap,Black,,True,False,True,flat,c130_black_flat_front_010912.jpg,,c130_black_flat_back_010912.jpg,2,c61c09a7-5651-43df-8be4-6fe8d89ce492
ATC Headwear,Y130,Everyday CottonTwill Youth Cap,Camo,,True,False,False,flat,c130_camo_flat_front_062212.jpg,,,1,c61c09a7-5651-43df-8be4-6fe8d89ce492
ATC Headwear,Y130,Everyday CottonTwill Youth Cap,Coal Grey,,True,False,True,flat,c130_flat_front_coalgrey_032014.jpg,,c130_flat_back_coalgrey_032014.jpg,2,c61c09a7-5651-43df-8be4-6fe8d89ce492
ATC Headwear,Y130,Everyday CottonTwill Youth Cap,Khaki,,True,False,True,flat,c130_khaki_flat_front_010912.jpg,,c130_khaki_flat_back_010912.jpg,2,c61c09a7-5651-43df-8be4-6fe8d89ce492
ATC Headwear,Y130,Everyday CottonTwill Youth Cap,Lime Shock,,True,False,True,other,y3526_whitelimeshock_y130_limeshock_modl_studio-2.jpg,,c130_limeshock_flat_back_010912.jpg,2,c61c09a7-5651-43df-8be4-6fe8d89ce492
ATC Headwear,Y130,Everyday CottonTwill Youth Cap,Navy,,True,False,True,flat,c130_navy_flat_front_010912.jpg,,c130_navy_flat_back_010912.jpg,2,c61c09a7-5651-43df-8be4-6fe8d89ce492
ATC Headwear,Y130,Everyday CottonTwill Youth Cap,Orange,,True,False,True,flat,c130_orange_flat_front_010912.jpg,,c130_orange_flat_back_010912.jpg,2,c61c09a7-5651-43df-8be4-6fe8d89ce492
ATC Headwear,Y130,Everyday CottonTwill Youth Cap,Purple,,True,False,True,flat,c130_purple_flat_front_010912.jpg,,c130_purple_flat_back_010912.jpg,2,c61c09a7-5651-43df-8be4-6fe8d89ce492
ATC Headwear,Y130,Everyday CottonTwill Youth Cap,Red,,True,False,True,flat,c130_red_flat_front_010912.jpg,,c130_red_flat_back_010912.jpg,2,c61c09a7-5651-43df-8be4-6fe8d89ce492
ATC Headwear,Y130,Everyday CottonTwill Youth Cap,Royal Blue,,False,False,False,,,,,0,c61c09a7-5651-43df-8be4-6fe8d89ce492
ATC Headwear,Y130,Everyday CottonTwill Youth Cap,Tropical Pink,,True,False,True,flat,c130_tropicalpink_flat_front_010912.jpg,,c130_tropicalpink_flat_back_010912.jpg,2,c61c09a7-5651-43df-8be4-6fe8d89ce492
ATC Headwear,Y130,Everyday CottonTwill Youth Cap,White,,True,False,True,flat,c130_white_flat_front_010912.jpg,,c130_white_flat_back_010912.jpg,2,c61c09a7-5651-43df-8be4-6fe8d89ce492
ATC PPE,EMPGLOVES,Employee Disposable Glove (Box,Black,,False,False,False,,,,,0,1b9bba06-7358-4dfa-9ed4-0e242256464b
ATC PPE,EMPGLOVES,Employee Disposable Glove (Box,Blue,,False,False,False,,,,,0,1b9bba06-7358-4dfa-9ed4-0e242256464b
ATC PPE,EMPMASK,Employee Disposable Mask,Viva Blue,,False,False,False,,,,,0,f9470a36-9d11-494a-a03d-c853f06dcc0e
ATC PTech,F220,PTech Fleece Hooded Sweatshirt,True Navy,,True,False,True,other,f220_f223_truenavy_modl_studio-1-2019.jpg,,f220_form_back_truenavy_2011.jpg,2,b37761ad-72b4-4e85-b46b-7c6d596dd649
ATC Pro Team,L350,ProTeam S/S Lds' Tee,Black,,True,False,True,other,l350_form_angle_black.jpg,,l350_flat_back_black_2013.jpg,2,3a0c029a-08f6-43f8-94ad-b0ae37094bdf
ATC Pro Team,L350,ProTeam S/S Lds' Tee,Carolina Blue,,True,False,True,other,l350_carolinablue_modl_studio-3_bc_c2018.jpg,,l350_flat_back_carolinablue_2013.jpg,2,3a0c029a-08f6-43f8-94ad-b0ae37094bdf
ATC Pro Team,L350,ProTeam S/S Lds' Tee,Coal Grey,,True,False,True,other,l350_form_angle_coalgrey_2012.jpg,,l350_flat_back_coalgrey_2013.jpg,2,3a0c029a-08f6-43f8-94ad-b0ae37094bdf
ATC Pro Team,L350,ProTeam S/S Lds' Tee,Forest Green,,True,False,True,other,l350_form_angle_forestgreen.jpg,,l350_flat_back_forestgreen_2013.jpg,2,3a0c029a-08f6-43f8-94ad-b0ae37094bdf
ATC Pro Team,L350,ProTeam S/S Lds' Tee,Gold,,True,False,True,other,l350_form_angle_gold_102014.jpg,,l350_flat_back_gold_102014.jpg,2,3a0c029a-08f6-43f8-94ad-b0ae37094bdf
ATC Pro Team,L350,ProTeam S/S Lds' Tee,Kelly Green,,True,False,True,other,l350_form_angle_kellygreen_102014.jpg,,l350_flat_back_kellygreen_102014.jpg,2,3a0c029a-08f6-43f8-94ad-b0ae37094bdf
ATC Pro Team,L350,ProTeam S/S Lds' Tee,Lime Shock,,True,False,True,other,l350_form_angle_limeshock.jpg,,l350_flat_back_limeshock_2013.jpg,2,3a0c029a-08f6-43f8-94ad-b0ae37094bdf
ATC Pro Team,L350,ProTeam S/S Lds' Tee,Purple,,True,False,True,other,l350_form_angle_purple.jpg,,l350_flat_back_purple_2013.jpg,2,3a0c029a-08f6-43f8-94ad-b0ae37094bdf
ATC Pro Team,L350,ProTeam S/S Lds' Tee,True Navy,,True,False,True,other,l350_form_angle_truenavy.jpg,,l350_flat_back_truenavy_2013.jpg,2,3a0c029a-08f6-43f8-94ad-b0ae37094bdf
ATC Pro Team,L350,ProTeam S/S Lds' Tee,True Red,,True,False,True,other,l350_form_angle_truered_2014.jpg,,l350_flat_back_truered_2014.jpg,2,3a0c029a-08f6-43f8-94ad-b0ae37094bdf
ATC Pro Team,L350,ProTeam S/S Lds' Tee,True Royal,,True,False,True,other,l350_form_angle_trueroyal.jpg,,l350_flat_back_trueroyal_2013.jpg,2,3a0c029a-08f6-43f8-94ad-b0ae37094bdf
ATC Pro Team,L350,ProTeam S/S Lds' Tee,White,,True,False,True,other,l350_form_angle_white.jpg,,l350_flat_back_white_2013.jpg,2,3a0c029a-08f6-43f8-94ad-b0ae37094bdf
ATC Pro Team,L350,ProTeam S/S Lds' Tee,WildRaspberry,,True,False,True,other,l350_form_angle_wildraspberry.jpg,,l350_flat_back_wildraspberry_2013.jpg,2,3a0c029a-08f6-43f8-94ad-b0ae37094bdf
ATC Pro Team,L3517,ProTeam ProFormance Lds' Tee,Blue Wake,,False,False,False,,,,,0,031966a2-8dc4-4341-902e-6e3f59a3b536
ATC Pro Team,L3517,ProTeam ProFormance Lds' Tee,Cardinal,,False,False,False,,,,,0,031966a2-8dc4-4341-902e-6e3f59a3b536
ATC Pro Team,L3517,ProTeam ProFormance Lds' Tee,Charcoal,,False,False,False,,,,,0,031966a2-8dc4-4341-902e-6e3f59a3b536
ATC Pro Team,L3517,ProTeam ProFormance Lds' Tee,Graphite Hth,,False,False,False,,,,,0,031966a2-8dc4-4341-902e-6e3f59a3b536
ATC Pro Team,L3520LS,ProTeam L/S V-Neck Lds' Tee,Black,,True,False,True,other,l3520ls_form_angle_black_032014.jpg,,l3520ls_form_back_black_032014.jpg,2,92a980af-79e9-43e3-b89f-4333a7768883
ATC Pro Team,L3520LS,ProTeam L/S V-Neck Lds' Tee,Coal Grey,,True,False,True,other,l3520ls_form_angle_coalgrey_032014.jpg,,l3520ls_form_back_coalgrey_032014.jpg,2,92a980af-79e9-43e3-b89f-4333a7768883
ATC Pro Team,L3520LS,ProTeam L/S V-Neck Lds' Tee,True Navy,,True,False,True,other,l3520ls_form_angle_truenavy_032014.jpg,,l3520ls_form_back_truenavy_032014.jpg,2,92a980af-79e9-43e3-b89f-4333a7768883
ATC Pro Team,L3520LS,ProTeam L/S V-Neck Lds' Tee,True Red,,True,False,True,other,l3520ls_form_angle_truered_032014.jpg,,l3520ls_form_back_truered_032014.jpg,2,92a980af-79e9-43e3-b89f-4333a7768883
ATC Pro Team,L3520LS,ProTeam L/S V-Neck Lds' Tee,True Royal,,True,False,True,other,l3520ls_trueroyal_modl_studio_bc_c2018.jpg,,l3520ls_form_back_trueroyal_032014.jpg,2,92a980af-79e9-43e3-b89f-4333a7768883
ATC Pro Team,L3520LS,ProTeam L/S V-Neck Lds' Tee,White,,True,False,True,other,l3520ls_form_angle_white_032014.jpg,,l3520ls_form_back_white_032014.jpg,2,92a980af-79e9-43e3-b89f-4333a7768883
ATC Pro Team,L3520LS,ProTeam L/S V-Neck Lds' Tee,WildRaspberry,,True,False,True,other,l3520ls_form_angle_wildraspberry_032014.jpg,,l3520ls_form_back_wildraspberry_032014.jpg,2,92a980af-79e9-43e3-b89f-4333a7768883
ATC Pro Team,L3527,ProTeam Sleeveless V-Neck Lds',Black,,True,False,True,other,l3527_form_angle_black_102015.jpg,,l3527_form_back_black_092014.jpg,2,08f12cc0-ceea-42af-8e4a-064e12d67ff1
ATC Pro Team,L3527,ProTeam Sleeveless V-Neck Lds',Carolina Blue,,True,False,False,other,l3527_carolinablue_modl_studio-2-2019.jpg,,,1,08f12cc0-ceea-42af-8e4a-064e12d67ff1
ATC Pro Team,L3527,ProTeam Sleeveless V-Neck Lds',Coal Grey,,True,False,False,other,l3527_form_angle_coalgrey_102015.jpg,,,1,08f12cc0-ceea-42af-8e4a-064e12d67ff1
ATC Pro Team,L3527,ProTeam Sleeveless V-Neck Lds',Deep Orange,,True,False,True,other,l3527_form_angle_deeporange_102015.jpg,,l3527_form_back_deeporange_092014.jpg,2,08f12cc0-ceea-42af-8e4a-064e12d67ff1
ATC Pro Team,L3527,ProTeam Sleeveless V-Neck Lds',Lime Shock,,True,False,True,other,l3527_form_angle_limeshock_102015.jpg,,l3527_form_back_limeshock_092014.jpg,2,08f12cc0-ceea-42af-8e4a-064e12d67ff1
ATC Pro Team,L3527,ProTeam Sleeveless V-Neck Lds',True Navy,,True,False,True,other,l3527_form_angle_truenavy_102015.jpg,,l3527_form_back_truenavy_092014.jpg,2,08f12cc0-ceea-42af-8e4a-064e12d67ff1
ATC Pro Team,L3527,ProTeam Sleeveless V-Neck Lds',True Red,,True,False,True,other,l3527_form_angle_truered_102015.jpg,,l3527_form_back_truered_092014.jpg,2,08f12cc0-ceea-42af-8e4a-064e12d67ff1
ATC Pro Team,L3527,ProTeam Sleeveless V-Neck Lds',True Royal,,True,False,True,other,l3527_form_angle_trueroyal_102015.jpg,,l3527_form_back_trueroyal_092014.jpg,2,08f12cc0-ceea-42af-8e4a-064e12d67ff1
ATC Pro Team,L3527,ProTeam Sleeveless V-Neck Lds',White,,True,False,True,other,l3527_form_angle_white_012015.jpg,,l3527_form_back_white_092014.jpg,2,08f12cc0-ceea-42af-8e4a-064e12d67ff1
ATC Pro Team,L3527,ProTeam Sleeveless V-Neck Lds',WildRaspberry,,True,False,True,other,l3527_form_angle_wildraspberry_102015.jpg,,l3527_form_back_wildraspberry_092014.jpg,2,08f12cc0-ceea-42af-8e4a-064e12d67ff1
ATC Pro Team,PROCLUBKIT,Pro Club Team Kit,Sample,,False,False,False,,,,,0,b42d9712-0d05-4215-b5e4-34858a989b42
ATC Pro Team,PROMESHKIT,Pro Club Reversible Mesh Kit,Sample,,False,False,False,,,,,0,23aa0224-4582-4355-a748-f6383240c1c9
ATC Pro Team,S350,ProTeam S/S Tee,Atomic Blue,,True,False,False,other,s350_modl_atomic-blue_studio-3_2021_cil.jpg,,,1,2123724c-1b21-4cc9-93ee-c2b525b7a794
ATC Pro Team,S350,ProTeam S/S Tee,Black,,True,False,True,other,s350_form_angle_black.jpg,,s350_form_back_black_2024.jpg,2,2123724c-1b21-4cc9-93ee-c2b525b7a794
ATC Pro Team,S350,ProTeam S/S Tee,Carolina Blue,,True,False,False,other,s350_form_angle_carolinablue.jpg,,,1,2123724c-1b21-4cc9-93ee-c2b525b7a794
ATC Pro Team,S350,ProTeam S/S Tee,Coal Grey,,True,False,True,other,s350_form_angle_coalgrey.jpg,,s350_form_back_coal-grey_2024.jpg,2,2123724c-1b21-4cc9-93ee-c2b525b7a794
ATC Pro Team,S350,ProTeam S/S Tee,Extreme Orang,,False,False,False,,,,,0,2123724c-1b21-4cc9-93ee-c2b525b7a794
ATC Pro Team,S350,ProTeam S/S Tee,Extreme Pink,,True,False,True,other,s350_form_angle_extremepink_webonly.jpg,,s350_form_back_extreme-pink_2024.jpg,2,2123724c-1b21-4cc9-93ee-c2b525b7a794
ATC Pro Team,S350,ProTeam S/S Tee,Extreme Yello,,False,False,False,,,,,0,2123724c-1b21-4cc9-93ee-c2b525b7a794
ATC Pro Team,S350,ProTeam S/S Tee,Forest Green,,True,False,False,other,s350_form_angle_forestgreen.jpg,,,1,2123724c-1b21-4cc9-93ee-c2b525b7a794
ATC Pro Team,S350,ProTeam S/S Tee,Gold,,True,False,True,other,s350_form_angle_gold_102014.jpg,,s350_form_back_gold_2024.jpg,2,2123724c-1b21-4cc9-93ee-c2b525b7a794
ATC Pro Team,S350,ProTeam S/S Tee,Kelly Green,,True,False,True,other,s350_form_angle_kellygreen_102014.jpg,,s350_form_back_kelly-green_2024.jpg,2,2123724c-1b21-4cc9-93ee-c2b525b7a794
ATC Pro Team,S350,ProTeam S/S Tee,Lime Shock,,True,False,True,other,s350_form_angle_limeshock.jpg,,s350_form_back_lime-shock_2024.jpg,2,2123724c-1b21-4cc9-93ee-c2b525b7a794
ATC Pro Team,S350,ProTeam S/S Tee,Purple,,True,False,True,other,s350_purple_modl_studio-3-2019.jpg,,s350_form_back_purple_2024.jpg,2,2123724c-1b21-4cc9-93ee-c2b525b7a794
ATC Pro Team,S350,ProTeam S/S Tee,Silver,,True,False,True,other,s350_form_angle_silver_022016.jpg,,s350_form_back_silver_2024.jpg,2,2123724c-1b21-4cc9-93ee-c2b525b7a794
ATC Pro Team,S350,ProTeam S/S Tee,True Navy,,True,False,True,other,s350_form_angle_truenavy.jpg,,s350_form_back_true-navy_2024.jpg,2,2123724c-1b21-4cc9-93ee-c2b525b7a794
ATC Pro Team,S350,ProTeam S/S Tee,True Red,,True,False,True,other,s350_form_angle_truered_2014.jpg,,s350_form_back_true-red_2024.jpg,2,2123724c-1b21-4cc9-93ee-c2b525b7a794
ATC Pro Team,S350,ProTeam S/S Tee,True Royal,,True,False,True,other,s350_form_angle_trueroyal.jpg,,s350_form_back_true-royal_2024.jpg,2,2123724c-1b21-4cc9-93ee-c2b525b7a794
ATC Pro Team,S350,ProTeam S/S Tee,White,,True,False,True,other,s350_form_angle_white.jpg,,s350_form_back_white_2024.jpg,2,2123724c-1b21-4cc9-93ee-c2b525b7a794
ATC Pro Team,S3517,ProTeam ProFormance Tee,Cardinal,,False,False,False,,,,,0,eceba428-306f-45d0-ab18-78a494874405
ATC Pro Team,S3519,ProTeam Home &amp; Away Jersey,Black/Gold,,True,False,True,other,s3519_form_angle_blackgold_2013.jpg,,s3519_form_back_blackgold.jpg,2,e622facd-8745-48a6-8bf7-5a12a2ce8965
ATC Pro Team,S3519,ProTeam Home &amp; Away Jersey,Black/Red,,False,False,False,,,,,0,e622facd-8745-48a6-8bf7-5a12a2ce8965
ATC Pro Team,S3519,ProTeam Home &amp; Away Jersey,Black/White,,True,False,True,other,s3519_form_angle_blackwhite_2013_1.jpg,,s3519_form_back_blackwhite.jpg,2,e622facd-8745-48a6-8bf7-5a12a2ce8965
ATC Pro Team,S3519,ProTeam Home &amp; Away Jersey,Coal Grey/Bk,,False,False,False,,,,,0,e622facd-8745-48a6-8bf7-5a12a2ce8965
ATC Pro Team,S3519,ProTeam Home &amp; Away Jersey,Gold/Black,,True,False,True,other,s3519_goldblack_modl_studio-3-2019.jpg,,s3519_form_back_goldblack_102014.jpg,2,e622facd-8745-48a6-8bf7-5a12a2ce8965
ATC Pro Team,S3519,ProTeam Home &amp; Away Jersey,Lime/TrueNavy,,False,False,False,,,,,0,e622facd-8745-48a6-8bf7-5a12a2ce8965
ATC Pro Team,S3519,ProTeam Home &amp; Away Jersey,Navy/Gold,,False,False,False,,,,,0,e622facd-8745-48a6-8bf7-5a12a2ce8965
ATC Pro Team,S3519,ProTeam Home &amp; Away Jersey,Royal/White,,False,False,False,,,,,0,e622facd-8745-48a6-8bf7-5a12a2ce8965
ATC Pro Team,S3525,Pro Mesh Short,Black,,True,False,True,other,s3524_trueredwhite_s3525_black_modl_studio-3.jpg,,s3525_flat_back_black_092014.jpg,2,1590c669-1a6e-44c6-bf3a-53b38301de60
ATC Pro Team,S3525,Pro Mesh Short,True Navy,,True,False,True,other,s3525_form_angle_truenavy_092014.jpg,,s3525_flat_back_truenavy_092014.jpg,2,1590c669-1a6e-44c6-bf3a-53b38301de60
ATC Pro Team,S3526,ProTeam Baseball Jersey,Char/Black,,False,False,False,,,,,0,d3016c40-17ff-475c-b5f1-8f11daf117c1
ATC Pro Team,S3526,ProTeam Baseball Jersey,Char/Navy,,False,False,False,,,,,0,d3016c40-17ff-475c-b5f1-8f11daf117c1
ATC Pro Team,S3526,ProTeam Baseball Jersey,Char/Red,,False,False,False,,,,,0,d3016c40-17ff-475c-b5f1-8f11daf117c1
ATC Pro Team,S3526,ProTeam Baseball Jersey,Char/Royal,,False,False,False,,,,,0,d3016c40-17ff-475c-b5f1-8f11daf117c1
ATC Pro Team,S3526,ProTeam Baseball Jersey,White/Black,,True,False,True,other,s3526_form_angle_whiteblack_102014.jpg,,s3526_form_back_whiteblack_102014.jpg,2,d3016c40-17ff-475c-b5f1-8f11daf117c1
ATC Pro Team,S3526,ProTeam Baseball Jersey,White/DpOrang,,False,False,False,,,,,0,d3016c40-17ff-475c-b5f1-8f11daf117c1
ATC Pro Team,S3526,ProTeam Baseball Jersey,White/Forest,,True,False,True,other,s3526_form_angle_whiteforest_102014.jpg,,s3526_form_back_whiteforest_102014.jpg,2,d3016c40-17ff-475c-b5f1-8f11daf117c1
ATC Pro Team,S3526,ProTeam Baseball Jersey,White/TrueNav,,False,False,False,,,,,0,d3016c40-17ff-475c-b5f1-8f11daf117c1
ATC Pro Team,S3526,ProTeam Baseball Jersey,White/TrueRed,,True,False,True,other,s3526_form_angle_whitetruered_102014.jpg,,s3526_form_back_whitetruered_102014.jpg,2,d3016c40-17ff-475c-b5f1-8f11daf117c1
ATC Pro Team,S3526,ProTeam Baseball Jersey,White/TrueRoy,,False,False,False,,,,,0,d3016c40-17ff-475c-b5f1-8f11daf117c1
ATC Pro Team,S3527,Pro Team Sleeveless Tee,Black,,True,False,True,other,s3527_form_angle_black_102015.jpg,,s3527_form_back_black_102014.jpg,2,3be69e31-1dd1-4373-b661-cef5fb6f3252
ATC Pro Team,S3527,Pro Team Sleeveless Tee,Carolina Blue,,True,False,True,other,s3527_carolinablue_modl_studio2_web.jpg,,s3527_form_back_carolinablue_102014.jpg,2,3be69e31-1dd1-4373-b661-cef5fb6f3252
ATC Pro Team,S3527,Pro Team Sleeveless Tee,Coal Grey,,True,False,True,other,s3527_form_angle_coalgrey_102015.jpg,,s3527_form_back_coalgrey_102014.jpg,2,3be69e31-1dd1-4373-b661-cef5fb6f3252
ATC Pro Team,S3527,Pro Team Sleeveless Tee,Deep Orange,,True,False,True,other,s3527_form_angle_deeporange_102015.jpg,,s3527_form_back_deeporange_102014.jpg,2,3be69e31-1dd1-4373-b661-cef5fb6f3252
ATC Pro Team,S3527,Pro Team Sleeveless Tee,Lime Shock,,True,False,False,other,s3527_form_angle_limeshock_102015.jpg,,,1,3be69e31-1dd1-4373-b661-cef5fb6f3252
ATC Pro Team,S3527,Pro Team Sleeveless Tee,True Navy,,True,False,True,other,s3527_form_angle_truenavy_102015.jpg,,s3527_form_back_truenavy_102014.jpg,2,3be69e31-1dd1-4373-b661-cef5fb6f3252
ATC Pro Team,S3527,Pro Team Sleeveless Tee,True Red,,True,False,True,other,s3527_form_angle_truered_102015.jpg,,s3527_form_back_truered_102014.jpg,2,3be69e31-1dd1-4373-b661-cef5fb6f3252
ATC Pro Team,S3527,Pro Team Sleeveless Tee,True Royal,,True,False,True,other,s3527_form_angle_trueroyal_102015.jpg,,s3527_form_back_trueroyal_102014.jpg,2,3be69e31-1dd1-4373-b661-cef5fb6f3252
ATC Pro Team,S3527,Pro Team Sleeveless Tee,White,,True,False,True,other,s3527_form_angle_white_102015.jpg,,s3527_form_back_white_102014.jpg,2,3be69e31-1dd1-4373-b661-cef5fb6f3252
ATC Pro Team,S3536,"Pro Club 7"" Mesh Shorts",Black,,True,True,True,other,s3536_form-angle_black_2025_cil.jpg,s3536_form-side_black_2025_cil.jpg,s3536_flat_black_back_2025_cil.jpg,3,947db616-711e-4c4d-ba04-3b0dfba0913e
ATC Pro Team,S3536,"Pro Club 7"" Mesh Shorts",Iron Grey,,True,True,True,other,s3536_form-angle_iron-grey_2025_cil.jpg,s3536_form-side_iron-grey_2025_cil.jpg,s3536_flat_iron-grey_back_2025_cil.jpg,3,947db616-711e-4c4d-ba04-3b0dfba0913e
ATC Pro Team,S3536,"Pro Club 7"" Mesh Shorts",True Navy,,True,True,True,other,s3536_form-angle_true-navy_2025_cil.jpg,s3536_form-side_true-navy_2025_cil.jpg,s3536_flat_true-navy_back_2025_cil.jpg,3,947db616-711e-4c4d-ba04-3b0dfba0913e
ATC Pro Team,S355,ProTeam Shorts,Black,,True,False,True,other,s355_from_angle_black.jpg,,s355_form_back_black.jpg,2,d929ebc5-17e4-4828-acb3-614a65268b48
ATC Pro Team,S355,ProTeam Shorts,Charcoal Hth,,False,False,False,,,,,0,d929ebc5-17e4-4828-acb3-614a65268b48
ATC Pro Team,S355,ProTeam Shorts,Forest Green,,True,False,True,other,s355_from_angle_forestgreen.jpg,,s355_form_back_forestgreen.jpg,2,d929ebc5-17e4-4828-acb3-614a65268b48
ATC Pro Team,S355,ProTeam Shorts,Graphite Hth,,False,False,False,,,,,0,d929ebc5-17e4-4828-acb3-614a65268b48
ATC Pro Team,S355,ProTeam Shorts,True Navy,,True,False,True,other,s350ls_s355_truenavy_modl_studio-1-2019.jpg,,s355_form_back_truenavy.jpg,2,d929ebc5-17e4-4828-acb3-614a65268b48
ATC Pro Team,S355,ProTeam Shorts,True Red,,True,True,True,other,s355_form_front_truered_082015.jpg,s355_truered_form_side_2011.jpg,s355_form_back_truered.jpg,3,d929ebc5-17e4-4828-acb3-614a65268b48
ATC Pro Team,S355,ProTeam Shorts,True Royal,,True,False,True,other,s355_from_angle_trueroyal.jpg,,s355_form_back_trueroyal.jpg,2,d929ebc5-17e4-4828-acb3-614a65268b48
ATC Pro Team,S3550LS,Pro Club Long Sleeve Tee,Black,,True,True,False,other,s3550ls_form-angle_black_white_2025_cil.jpg,s3550ls_form-side_black_white_2025_cil.jpg,,2,2cac3cab-24d5-4547-b040-9cf605b0101c
ATC Pro Team,S3550LS,Pro Club Long Sleeve Tee,Coal Grey,,True,True,False,other,s3550ls_form-angle_coal-grey_white_2025_cil.jpg,s3550ls_form-side_coal-grey_white_2025_cil.jpg,,2,2cac3cab-24d5-4547-b040-9cf605b0101c
ATC Pro Team,S3550LS,Pro Club Long Sleeve Tee,True Navy,,True,True,False,other,s3550ls_form-angle_true-navy_white_2025_cil.jpg,s3550ls_form-side_true-navy_white_2025_cil.jpg,,2,2cac3cab-24d5-4547-b040-9cf605b0101c
ATC Pro Team,S3550LS,Pro Club Long Sleeve Tee,True Red,,True,True,False,other,s3550ls_form-angle_true-red_white_2025_cil.jpg,s3550ls_form-side_true-red_white_2025_cil.jpg,,2,2cac3cab-24d5-4547-b040-9cf605b0101c
ATC Pro Team,S3550LS,Pro Club Long Sleeve Tee,True Royal,,True,True,False,other,s3550ls_true-royal_modl_crop_2025_cil.jpg,s3550ls_form-side_true-royal_white_2025_cil.jpg,,2,2cac3cab-24d5-4547-b040-9cf605b0101c
ATC Pro Team,S3560,Pro Club Polo,Black,,True,True,False,other,s3560_black_white___s357p_black_modl_crop-1_2025.jpg,s3560_form-side_black_white_2025_cil.jpg,,2,54000922-3684-4ff2-bea2-b198c93def5e
ATC Pro Team,S3560,Pro Club Polo,Coal Grey,,True,True,False,other,s3560_form-angle_coal-grey_white_2025_cil.jpg,s3560_form-side_coal-grey_white_2025_cil.jpg,,2,54000922-3684-4ff2-bea2-b198c93def5e
ATC Pro Team,S3560,Pro Club Polo,True Navy,,True,True,False,other,s3560_form-angle_true-navy_white_2025_cil.jpg,s3560_form-side_true-navy_white_2025_cil.jpg,,2,54000922-3684-4ff2-bea2-b198c93def5e
ATC Pro Team,S3560,Pro Club Polo,True Red,,True,True,False,other,s3560_form-angle_true-red_white_2025_cil.jpg,s3560_form-side_true-red_white_2025_cil.jpg,,2,54000922-3684-4ff2-bea2-b198c93def5e
ATC Pro Team,S3560,Pro Club Polo,True Royal,,True,True,False,other,s3560_form-angle_true-royal_white_2025_cil.jpg,s3560_form-side_true-royal_white_2025_cil.jpg,,2,54000922-3684-4ff2-bea2-b198c93def5e
ATC Pro Team,S357P,"Pro Team 7"" Short with Pockets",Black,,True,True,False,other,s357p_black_modl_crop_2025_cil.jpg,s357p_form-side_black_2025_cil.jpg,,2,b4dfedde-b2b4-4642-9f73-e572826443a0
ATC Pro Team,S357P,"Pro Team 7"" Short with Pockets",Coal Grey,,True,True,False,other,s357p_form-angle_coal-grey_2025_cil.jpg,s357p_form-side_coal-grey_2025_cil.jpg,,2,b4dfedde-b2b4-4642-9f73-e572826443a0
ATC Pro Team,S357P,"Pro Team 7"" Short with Pockets",True Navy,,True,True,False,other,s357p_form-angle_true-navy_2025_cil.jpg,s357p_form-side_true-navy_2025_cil.jpg,,2,b4dfedde-b2b4-4642-9f73-e572826443a0
ATC Pro Team,S357P,"Pro Team 7"" Short with Pockets",True Red,,True,True,False,other,s357p_form-angle_true-red_2025_cil.jpg,s357p_form-side_true-red_2025_cil.jpg,,2,b4dfedde-b2b4-4642-9f73-e572826443a0
ATC Pro Team,S357P,"Pro Team 7"" Short with Pockets",True Royal,,True,True,False,other,s357p_form-angle_true-royal_2025_cil.jpg,s357p_form-side_true-royal_2025_cil.jpg,,2,b4dfedde-b2b4-4642-9f73-e572826443a0
ATC Pro Team,Y350,ProTeam S/S Yth Tee,Atomic Blue,,True,False,True,other,y350_form_angle_atomicblue_122019.jpg,,y350_form_back_atomicblue_032020.jpg,2,74af9b3e-eeff-4a2d-afcf-5c5568e7a20a
ATC Pro Team,Y350,ProTeam S/S Yth Tee,Black,,True,False,True,other,y350_form_angle_black_1.jpg,,y350_flat_back_black_2013.jpg,2,74af9b3e-eeff-4a2d-afcf-5c5568e7a20a
ATC Pro Team,Y350,ProTeam S/S Yth Tee,Carolina Blue,,True,False,True,other,y350_form_angle_carolinablue_2012_1.jpg,,y350_flat_back_carolinablue_2013.jpg,2,74af9b3e-eeff-4a2d-afcf-5c5568e7a20a
ATC Pro Team,Y350,ProTeam S/S Yth Tee,Coal Grey,,True,False,True,other,y350_form_angle_coalgrey_2012_1.jpg,,y350_flat_back_coalgrey_2013.jpg,2,74af9b3e-eeff-4a2d-afcf-5c5568e7a20a
ATC Pro Team,Y350,ProTeam S/S Yth Tee,Extreme Orang,,False,False,False,,,,,0,74af9b3e-eeff-4a2d-afcf-5c5568e7a20a
ATC Pro Team,Y350,ProTeam S/S Yth Tee,Extreme Pink,,True,False,True,other,y350_form_angle_extremepink_webonly.jpg,,y350_flat_back_extremepink_webonly.jpg,2,74af9b3e-eeff-4a2d-afcf-5c5568e7a20a
ATC Pro Team,Y350,ProTeam S/S Yth Tee,Extreme Yello,,False,False,False,,,,,0,74af9b3e-eeff-4a2d-afcf-5c5568e7a20a
ATC Pro Team,Y350,ProTeam S/S Yth Tee,Forest Green,,True,False,True,other,y350_form_angle_forestgreen_1.jpg,,y350_flat_back_forestgreen_2013.jpg,2,74af9b3e-eeff-4a2d-afcf-5c5568e7a20a
ATC Pro Team,Y350,ProTeam S/S Yth Tee,Gold,,True,False,True,other,y350_form_angle_gold_102014.jpg,,y350_flat_back_gold_102014.jpg,2,74af9b3e-eeff-4a2d-afcf-5c5568e7a20a
ATC Pro Team,Y350,ProTeam S/S Yth Tee,Kelly Green,,True,False,True,other,y350_form_angle_kellygreen_102014_1.jpg,,y350_flat_back_kellygreen_102014.jpg,2,74af9b3e-eeff-4a2d-afcf-5c5568e7a20a
ATC Pro Team,Y350,ProTeam S/S Yth Tee,Lime Shock,,True,False,True,other,y350_form_angle_limeshock_1.jpg,,y350_flat_back_limeshock_2013.jpg,2,74af9b3e-eeff-4a2d-afcf-5c5568e7a20a
ATC Pro Team,Y350,ProTeam S/S Yth Tee,Purple,,True,False,True,other,y350_form_angle_purple_1.jpg,,y350_flat_back_purple_2013.jpg,2,74af9b3e-eeff-4a2d-afcf-5c5568e7a20a
ATC Pro Team,Y350,ProTeam S/S Yth Tee,Silver,,True,False,True,other,y350_form_angle_silver_022016_2.jpg,,y350_flat_back_silver_022016_1.jpg,2,74af9b3e-eeff-4a2d-afcf-5c5568e7a20a
ATC Pro Team,Y350,ProTeam S/S Yth Tee,True Navy,,True,False,True,other,y350_form_angle_truenavy_1.jpg,,y350_flat_back_truenavy_2013.jpg,2,74af9b3e-eeff-4a2d-afcf-5c5568e7a20a
ATC Pro Team,Y350,ProTeam S/S Yth Tee,True Red,,True,False,True,other,y350_form_angle_truered_2014_1.jpg,,y350_flat_back_truered_2014.jpg,2,74af9b3e-eeff-4a2d-afcf-5c5568e7a20a
ATC Pro Team,Y350,ProTeam S/S Yth Tee,True Royal,,True,False,True,other,y350_form_angle_trueroyal_1.jpg,,y350_flat_back_trueroyal_2013.jpg,2,74af9b3e-eeff-4a2d-afcf-5c5568e7a20a
ATC Pro Team,Y350,ProTeam S/S Yth Tee,White,,True,False,True,other,y350_form_angle_white_1.jpg,,y350_flat_back_white_2013.jpg,2,74af9b3e-eeff-4a2d-afcf-5c5568e7a20a
ATC Pro Team,Y350,ProTeam S/S Yth Tee,WildRaspberry,,True,False,True,other,y350_form_front_wildraspberry_082015.jpg,,y350_flat_back_wildraspberry_2013.jpg,2,74af9b3e-eeff-4a2d-afcf-5c5568e7a20a
ATC Pro Team,Y3519,ProTeam Home &amp; Away Yth Jersey,Black/Red,,False,False,False,,,,,0,42a96e58-354f-4a2d-90fe-fc6ffcfc046d
ATC Pro Team,Y3519,ProTeam Home &amp; Away Yth Jersey,Black/White,,True,False,True,other,y3519_form_angle_blackwhite_2013_1.jpg,,y3519_form_back_blackwhite_2013.jpg,2,42a96e58-354f-4a2d-90fe-fc6ffcfc046d
ATC Pro Team,Y3519,ProTeam Home &amp; Away Yth Jersey,Carolina/Coal,,False,False,False,,,,,0,42a96e58-354f-4a2d-90fe-fc6ffcfc046d
ATC Pro Team,Y3519,ProTeam Home &amp; Away Yth Jersey,Navy/Gold,,False,False,False,,,,,0,42a96e58-354f-4a2d-90fe-fc6ffcfc046d
ATC Pro Team,Y3519,ProTeam Home &amp; Away Yth Jersey,Navy/White,,False,False,False,,,,,0,42a96e58-354f-4a2d-90fe-fc6ffcfc046d
ATC Pro Team,Y3519,ProTeam Home &amp; Away Yth Jersey,Red/White,,False,False,False,,,,,0,42a96e58-354f-4a2d-90fe-fc6ffcfc046d
ATC Pro Team,Y3519,ProTeam Home &amp; Away Yth Jersey,Royal/White,,False,False,False,,,,,0,42a96e58-354f-4a2d-90fe-fc6ffcfc046d
ATC Pro Team,Y3524,Pro Mesh Reversible Yth Tank,TrueRoy/White,,False,False,False,,,,,0,630e76cf-a719-4fc0-a3a5-b14489fd66c1
ATC Pro Team,Y3525,Pro Mesh Yth Shorts,Black,,True,False,True,other,y3525_form_angle_black_2014.jpg,,y3525_flat_back_black_092014.jpg,2,8b9ed987-d06c-44af-a35f-676f9e347740
ATC Pro Team,Y3525,Pro Mesh Yth Shorts,True Navy,,True,False,True,other,y3524_y3525_truenavy_modl_studio-3-2019.jpg,,y3525_flat_back_truenavy_092014.jpg,2,8b9ed987-d06c-44af-a35f-676f9e347740
ATC Pro Team,Y3526,ProTeam Baseball Yth Jersey,Char/Black,,False,False,False,,,,,0,bf657c76-24be-4e7b-8f92-bf8a7b7493dc
ATC Pro Team,Y3526,ProTeam Baseball Yth Jersey,Char/Navy,,False,False,False,,,,,0,bf657c76-24be-4e7b-8f92-bf8a7b7493dc
ATC Pro Team,Y3526,ProTeam Baseball Yth Jersey,Char/Red,,False,False,False,,,,,0,bf657c76-24be-4e7b-8f92-bf8a7b7493dc
ATC Pro Team,Y3526,ProTeam Baseball Yth Jersey,Char/Royal,,False,False,False,,,,,0,bf657c76-24be-4e7b-8f92-bf8a7b7493dc
ATC Pro Team,Y3526,ProTeam Baseball Yth Jersey,White/Black,,True,False,True,other,y3526_form_angle_whiteblack_2014_1.jpg,,y3526_form_back_whiteblack_2014.jpg,2,bf657c76-24be-4e7b-8f92-bf8a7b7493dc
ATC Pro Team,Y3526,ProTeam Baseball Yth Jersey,White/TrueNav,,False,False,False,,,,,0,bf657c76-24be-4e7b-8f92-bf8a7b7493dc
ATC Pro Team,Y3526,ProTeam Baseball Yth Jersey,White/TrueRed,,True,False,True,other,y3526_form_angle_whitetruered_2014.jpg,,y3526_form_back_whitetruered_2014.jpg,2,bf657c76-24be-4e7b-8f92-bf8a7b7493dc
ATC Pro Team,Y3526,ProTeam Baseball Yth Jersey,White/TrueRoy,,False,False,False,,,,,0,bf657c76-24be-4e7b-8f92-bf8a7b7493dc
ATC Pro Team,Y3535,Pro Club Reversible Youth Tank,Black,,True,False,True,other,y3535_form-angle_black_white_2025_cil.jpg,,y3535_form-back-reverse_black_white_2025_cil.jpg,2,a81ee2ba-422e-450f-9907-d4bd990396c1
ATC Pro Team,Y3535,Pro Club Reversible Youth Tank,Carolina,,True,False,True,other,y3535_form-angle_carolina_white_2025_cil.jpg,,y3535_form-back-reverse_carolina_white_2025_cil.jpg,2,a81ee2ba-422e-450f-9907-d4bd990396c1
ATC Pro Team,Y3535,Pro Club Reversible Youth Tank,Deep Red,,True,False,True,other,y3535_form-angle_deep-red_white_2025_cil.jpg,,y3535_form-back-reverse_deep-red_white_2025_cil.jpg,2,a81ee2ba-422e-450f-9907-d4bd990396c1
ATC Pro Team,Y3535,Pro Club Reversible Youth Tank,Forest Green,,True,False,True,other,y3535_form-angle_forest-green_white_2025_cil.jpg,,y3535_form-back-reverse_forest-green_white_2025_cil.jpg,2,a81ee2ba-422e-450f-9907-d4bd990396c1
ATC Pro Team,Y3535,Pro Club Reversible Youth Tank,Iron Grey,,True,False,True,other,y3535_form-angle_iron-grey_white_2025_cil.jpg,,y3535_form-back-reverse_iron-grey_white_2025_cil.jpg,2,a81ee2ba-422e-450f-9907-d4bd990396c1
ATC Pro Team,Y3535,Pro Club Reversible Youth Tank,True Navy,,True,False,True,other,y3535_true-navy_white_modl_crop_2025_cil.jpg,,y3535_form-back-reverse_true-navy_white_2025_cil.jpg,2,a81ee2ba-422e-450f-9907-d4bd990396c1
ATC Pro Team,Y3535,Pro Club Reversible Youth Tank,True Royal,,True,False,True,other,y3535_form-angle_true-royal_white_2025_cil.jpg,,y3535_form-back-reverse_true-royal_white_2025_cil.jpg,2,a81ee2ba-422e-450f-9907-d4bd990396c1
ATC Pro Team,Y3536,"Pro Club 5"" Mesh Youth Short",Black,,True,True,True,other,y3535_true-royal___y3536_black_modl_crop-basketball_2025.jpg,y3536_form-side_black_2025_cil.jpg,y3536_flat_black_back_2025_cil.jpg,3,1abc02b8-ed07-4dac-8a43-36fbe4a6480c
ATC Pro Team,Y3536,"Pro Club 5"" Mesh Youth Short",Iron Grey,,True,True,True,other,y3536_form-angle_iron-grey_2025_cil.jpg,y3536_form-side_iron-grey_2025_cil.jpg,y3536_flat_iron-grey_back_2025_cil.jpg,3,1abc02b8-ed07-4dac-8a43-36fbe4a6480c
ATC Pro Team,Y3536,"Pro Club 5"" Mesh Youth Short",True Navy,,True,True,True,other,y3536_form-angle_true-navy_2025_cil.jpg,y3536_form-side_true-navy_2025_cil.jpg,y3536_flat_true-navy_back_2025_cil.jpg,3,1abc02b8-ed07-4dac-8a43-36fbe4a6480c
ATC Pro Team,Y355,ProTeam Yth Shorts,Black,,True,False,True,other,y355_form_angle_black_082015.jpg,,y355_form_back_black.jpg,2,f7a19584-7b7a-4828-9b1f-b08ef5fa8cd9
ATC Pro Team,Y355,ProTeam Yth Shorts,Charcoal Hth,,False,False,False,,,,,0,f7a19584-7b7a-4828-9b1f-b08ef5fa8cd9
ATC Pro Team,Y355,ProTeam Yth Shorts,Graphite Hth,,False,False,False,,,,,0,f7a19584-7b7a-4828-9b1f-b08ef5fa8cd9
ATC Pro Team,Y355,ProTeam Yth Shorts,True Navy,,True,False,True,other,y355_form_angle_truenavy_082015.jpg,,y355_form_back_truenavy.jpg,2,f7a19584-7b7a-4828-9b1f-b08ef5fa8cd9
ATC Pro Team,Y355,ProTeam Yth Shorts,True Red,,True,False,True,other,y350ls_truered_y355_black_modl_studio-1-2019.jpg,,y355_form_back_truered.jpg,2,f7a19584-7b7a-4828-9b1f-b08ef5fa8cd9
ATC Pro Team,Y355,ProTeam Yth Shorts,True Royal,,True,False,True,other,y355_form_angle_trueroyal_082015.jpg,,y355_form_back_trueroyal.jpg,2,f7a19584-7b7a-4828-9b1f-b08ef5fa8cd9
ATC Pro Team,Y3550,Pro Club Youth Tee,Black,,True,True,False,other,y3550_form-angle_black_white_2025_cil.jpg,y3550_form-side_black_white_2025_cil.jpg,,2,e5499088-59c8-4ab9-a055-d0b03e963e60
ATC Pro Team,Y3550,Pro Club Youth Tee,Carolina,,True,True,False,other,y3550_form-angle_carolina_white_2025_cil.jpg,y3550_form-side_carolina_white_2025_cil.jpg,,2,e5499088-59c8-4ab9-a055-d0b03e963e60
ATC Pro Team,Y3550,Pro Club Youth Tee,Coal Grey,,True,True,False,other,y3550_form-angle_coal-grey_white_2025_cil.jpg,y3550_form-side_coal-grey_white_2025_cil.jpg,,2,e5499088-59c8-4ab9-a055-d0b03e963e60
ATC Pro Team,Y3550,Pro Club Youth Tee,Forest Green,,True,True,False,other,y3550_form-angle_forest-green_white_2025_cil.jpg,y3550_form-side_forest-green_white_2025_cil.jpg,,2,e5499088-59c8-4ab9-a055-d0b03e963e60
ATC Pro Team,Y3550,Pro Club Youth Tee,Gold,,True,True,False,other,y3550_form-angle_gold_white_2025_cil.jpg,y3550_form-side_gold_white_2025_cil.jpg,,2,e5499088-59c8-4ab9-a055-d0b03e963e60
ATC Pro Team,Y3550,Pro Club Youth Tee,Maroon,,True,True,False,other,y3550_form-angle_maroon_white_2025_cil.jpg,y3550_form-side_maroon_white_2025_cil.jpg,,2,e5499088-59c8-4ab9-a055-d0b03e963e60
ATC Pro Team,Y3550,Pro Club Youth Tee,Purple,,True,True,False,other,y3550_form-angle_purple_white_2025_cil.jpg,y3550_form-side_purple_white_2025_cil.jpg,,2,e5499088-59c8-4ab9-a055-d0b03e963e60
ATC Pro Team,Y3550,Pro Club Youth Tee,True Navy,,True,True,False,other,y3550_true-navy_white_true-red_white_modl_crop_2025_cil.jpg,y3550_form-side_true-navy_white_2025_cil.jpg,,2,e5499088-59c8-4ab9-a055-d0b03e963e60
ATC Pro Team,Y3550,Pro Club Youth Tee,True Red,,True,True,False,other,y3550_form-angle_true-red_white_2025_cil.jpg,y3550_form-side_true-red_white_2025_cil.jpg,,2,e5499088-59c8-4ab9-a055-d0b03e963e60
ATC Pro Team,Y3550,Pro Club Youth Tee,True Royal,,True,True,False,other,y3550_form-angle_true-royal_white_2025_cil.jpg,y3550_form-side_true-royal_white_2025_cil.jpg,,2,e5499088-59c8-4ab9-a055-d0b03e963e60
ATC Pro Team,Y357P,"Pro Team 5"" Yth Short w/Pocket",Black,,True,True,False,other,y357p_form-angle_black_2025_cil.jpg,y357p_form-side_black_2025_cil.jpg,,2,a8796fb2-d3f5-4f66-a44e-1813d46baffe
ATC Pro Team,Y357P,"Pro Team 5"" Yth Short w/Pocket",Coal Grey,,True,True,False,other,y357p_form-angle_coal-grey_2025_cil.jpg,y357p_form-side_coal-grey_2025_cil.jpg,,2,a8796fb2-d3f5-4f66-a44e-1813d46baffe
ATC Pro Team,Y357P,"Pro Team 5"" Yth Short w/Pocket",True Navy,,True,True,False,other,y357p_form-angle_true-navy_2025_cil.jpg,y357p_form-side_true-navy_2025_cil.jpg,,2,a8796fb2-d3f5-4f66-a44e-1813d46baffe
ATC Pro Team,Y357P,"Pro Team 5"" Yth Short w/Pocket",True Red,,True,True,False,other,y357p_true-red_modl_studio_crop_2025_cil.jpg,y357p_form-side_true-red_2025_cil.jpg,,2,a8796fb2-d3f5-4f66-a44e-1813d46baffe
ATC Pro Team,Y357P,"Pro Team 5"" Yth Short w/Pocket",True Royal,,True,True,False,other,y357p_form-angle_true-royal_2025_cil.jpg,y357p_form-side_true-royal_2025_cil.jpg,,2,a8796fb2-d3f5-4f66-a44e-1813d46baffe
ATC ProSpun,ATC3600,Pro Spun Tee,Black,,True,False,True,other,atc3600_form_angle_black_022020.jpg,,atc3600_form_back_black_022020.jpg,2,6520553c-41a9-4d7f-a608-863f8d8b00ce
ATC ProSpun,ATC3600,Pro Spun Tee,Coal Grey,,True,False,True,other,atc3600_form_angle_coal-grey_032020.jpg,,atc3600_form_back_coal-grey_032020.jpg,2,6520553c-41a9-4d7f-a608-863f8d8b00ce
ATC ProSpun,ATC3600,Pro Spun Tee,Sapphire,,True,False,True,other,atc3600_sapphire_modl_studio_1_2021.jpg,,atc3600_form_back_sapphire_032020.jpg,2,6520553c-41a9-4d7f-a608-863f8d8b00ce
ATC ProSpun,ATC3600,Pro Spun Tee,True Navy,,True,False,True,other,atc3600_form_angle_true-navy_022020.jpg,,atc3600_form_back_true-navy_022020.jpg,2,6520553c-41a9-4d7f-a608-863f8d8b00ce
ATC ProSpun,ATC3600,Pro Spun Tee,True Royal,,True,False,True,other,atc3600_form_angle_true-royal_022020.jpg,,atc3600_form_back_true-royal_022020.jpg,2,6520553c-41a9-4d7f-a608-863f8d8b00ce
ATC ProSpun,ATC3600,Pro Spun Tee,White,,True,False,True,other,atc3600_form_angle_white_022020.jpg,,atc3600_form_back_white_022020.jpg,2,6520553c-41a9-4d7f-a608-863f8d8b00ce
ATC ProSpun,ATC3600L,Pro Spun Lds' Tee,Black,,True,False,True,other,atc3600l_form_angle_black_032020.jpg,,atc3600l_form_back_black_032020.jpg,2,9ffe84c4-112a-44ab-b89b-963ad67ed81d
ATC ProSpun,ATC3600L,Pro Spun Lds' Tee,Coal Grey,,True,False,True,other,atc3600l_form_angle_coal-grey_032020.jpg,,atc3600l_form_back_coalgrey_032020.jpg,2,9ffe84c4-112a-44ab-b89b-963ad67ed81d
ATC ProSpun,ATC3600L,Pro Spun Lds' Tee,Maroon,,True,False,True,other,atc3600l_form_angle_maroon_032020.jpg,,atc3600l_form_back_maroon_032020.jpg,2,9ffe84c4-112a-44ab-b89b-963ad67ed81d
ATC ProSpun,ATC3600L,Pro Spun Lds' Tee,Orange,,True,False,True,other,atc3600l_form_angle_orange_032020.jpg,,atc3600l_form_back_orange_032020.jpg,2,9ffe84c4-112a-44ab-b89b-963ad67ed81d
ATC ProSpun,ATC3600L,Pro Spun Lds' Tee,Purple,,True,False,True,other,atc3600l_form_angle_purple_032020.jpg,,atc3600l_form_back_purple_032020.jpg,2,9ffe84c4-112a-44ab-b89b-963ad67ed81d
ATC ProSpun,ATC3600L,Pro Spun Lds' Tee,Sapphire,,True,False,True,other,atc3600l_form_angle_sapphire_032020.jpg,,atc3600l_form_back_sapphire_032020.jpg,2,9ffe84c4-112a-44ab-b89b-963ad67ed81d
ATC ProSpun,ATC3600L,Pro Spun Lds' Tee,True Navy,,True,False,True,other,atc3600l_form_angle_true-navy_032020.jpg,,atc3600l_form_back_truenavy_032020.jpg,2,9ffe84c4-112a-44ab-b89b-963ad67ed81d
ATC ProSpun,ATC3600L,Pro Spun Lds' Tee,True Royal,,True,False,True,other,atc3600l_form_angle_true-royal_032020.jpg,,atc3600l_form_back_trueroyal_032020.jpg,2,9ffe84c4-112a-44ab-b89b-963ad67ed81d
ATC ProSpun,ATC3600L,Pro Spun Lds' Tee,White,,True,False,True,other,atc3600l_form_angle_white_032020.jpg,,atc3600l_form_back_white_032020.jpg,2,9ffe84c4-112a-44ab-b89b-963ad67ed81d
ATC ProSpun,ATC3600Y,Pro Spun Yth Tee,Black,,True,False,True,other,atc3600y_form_angle_black_032020.jpg,,atc3600y_form_back_black_032020.jpg,2,219bd9a0-9196-42ec-9417-4a79f1131096
ATC ProSpun,ATC3600Y,Pro Spun Yth Tee,Coal Grey,,True,False,True,other,atc3600y_form_angle_coal-grey_032020.jpg,,atc3600y_form_back_coalgrey_032020.jpg,2,219bd9a0-9196-42ec-9417-4a79f1131096
ATC ProSpun,ATC3600Y,Pro Spun Yth Tee,Maroon,,True,False,True,other,atc3600y_form_angle_maroon_032020.jpg,,atc3600y_form_back_maroon_032020.jpg,2,219bd9a0-9196-42ec-9417-4a79f1131096
ATC ProSpun,ATC3600Y,Pro Spun Yth Tee,Orange,,True,False,True,other,atc3600y_orange_modl_studio_1_2021.jpg,,atc3600y_form_back_orange_032020.jpg,2,219bd9a0-9196-42ec-9417-4a79f1131096
ATC ProSpun,ATC3600Y,Pro Spun Yth Tee,Purple,,True,False,True,other,atc3600y_form_angle_purple_032020.jpg,,atc3600y_form_back_purple_032020.jpg,2,219bd9a0-9196-42ec-9417-4a79f1131096
ATC ProSpun,ATC3615,Pro Spun L/S Tee,Black,,True,False,True,other,atc3615_form_angle_black_032020.jpg,,atc3615_form_back_black_032020.jpg,2,16fb7e9a-440e-48fe-9ee6-7729f7fa1d6e
ATC ProSpun,ATC3615,Pro Spun L/S Tee,Coal Grey,,True,False,True,other,atc3615_form_angle_coal-grey_032020.jpg,,atc3615_form_back_coalgrey_032020.jpg,2,16fb7e9a-440e-48fe-9ee6-7729f7fa1d6e
ATC ProSpun,ATC3615,Pro Spun L/S Tee,True Navy,,True,False,True,other,atc3615_form_angle_true-navy_032020.jpg,,atc3615_form_back_truenavy_032020.jpg,2,16fb7e9a-440e-48fe-9ee6-7729f7fa1d6e
ATC ProSpun,ATC3615,Pro Spun L/S Tee,True Royal,,True,False,True,other,atc3615_form_angle_true-royal_032020.jpg,,atc3615_form_back_trueroyal_032020.jpg,2,16fb7e9a-440e-48fe-9ee6-7729f7fa1d6e
ATC ProSpun,ATC3615L,ProSpun Ladies Long Sleeve Tee,Black,,True,False,False,other,atc3615l_form-angle_black_2022_cil.jpg,,,1,a06d0a20-0445-427f-b50a-37624a33e04e
ATC ProSpun,ATC3615L,ProSpun Ladies Long Sleeve Tee,True Navy,,True,False,False,model,atc3615l_modl_true-navy_studio-front_2022-crop_cil.jpg,,,1,a06d0a20-0445-427f-b50a-37624a33e04e
ATC Ringspun,24EVER,24EVER Ringspun Cotton Tee,Antique White,,True,True,False,other,24ever_form-angle_antique-white_2026_cil.jpg,24ever_form-side_antique-white_2026_cil.jpg,,2,d618f6c6-b161-40b9-b506-40b02652ad40
ATC Ringspun,24EVER,24EVER Ringspun Cotton Tee,Black,,True,True,False,other,24ever_form-angle_black_2026_cil.jpg,24ever_form-side_black_2026_cil.jpg,,2,d618f6c6-b161-40b9-b506-40b02652ad40
ATC Ringspun,24EVER,24EVER Ringspun Cotton Tee,Caramel,,True,True,False,other,24ever_form-angle_caramel_2026_cil.jpg,24ever_form-side_caramel_2026_cil.jpg,,2,d618f6c6-b161-40b9-b506-40b02652ad40
ATC Ringspun,24EVER,24EVER Ringspun Cotton Tee,Carolina Blue,,True,True,False,other,24ever_form-angle_carolina-blue_2026_cil.jpg,24ever_form-side_carolina-blue_2026_cil.jpg,,2,d618f6c6-b161-40b9-b506-40b02652ad40
ATC Ringspun,24EVER,24EVER Ringspun Cotton Tee,Charcoal,,True,True,False,other,24ever_form-angle_charcoal_2026_cil.jpg,24ever_form-side_charcoal_2026_cil.jpg,,2,d618f6c6-b161-40b9-b506-40b02652ad40
ATC Ringspun,24EVER,24EVER Ringspun Cotton Tee,Daisy,,True,True,False,other,24ever_form-angle_daisy_2026_cil.jpg,24ever_form-side_daisy_2026_cil.jpg,,2,d618f6c6-b161-40b9-b506-40b02652ad40
ATC Ringspun,24EVER,24EVER Ringspun Cotton Tee,Dark Chocolat,,False,False,False,,,,,0,d618f6c6-b161-40b9-b506-40b02652ad40
ATC Ringspun,24EVER,24EVER Ringspun Cotton Tee,Dark Heather,,True,True,False,other,24ever_form-angle_dark-heather_2026_cil.jpg,24ever_form-side_dark-heather_2026_cil.jpg,,2,d618f6c6-b161-40b9-b506-40b02652ad40
ATC Ringspun,24EVER,24EVER Ringspun Cotton Tee,Forest Green,,True,True,False,other,24ever_form-angle_forest-green_2026_cil.jpg,24ever_form-side_forest-green_2026_cil.jpg,,2,d618f6c6-b161-40b9-b506-40b02652ad40
ATC Ringspun,24EVER,24EVER Ringspun Cotton Tee,Gold,,True,True,False,other,24ever_form-angle_gold_2026_cil.jpg,24ever_form-side_gold_2026_cil.jpg,,2,d618f6c6-b161-40b9-b506-40b02652ad40
ATC Ringspun,24EVER,24EVER Ringspun Cotton Tee,Graphite Hthr,,False,False,False,,,,,0,d618f6c6-b161-40b9-b506-40b02652ad40
ATC Ringspun,24EVER,24EVER Ringspun Cotton Tee,Heliconia,,True,True,False,other,24ever_form-angle_heliconia_2026_cil.jpg,24ever_form-side_heliconia_2026_cil.jpg,,2,d618f6c6-b161-40b9-b506-40b02652ad40
ATC Ringspun,24EVER,24EVER Ringspun Cotton Tee,Hthr DarkGrey,,False,False,False,,,,,0,d618f6c6-b161-40b9-b506-40b02652ad40
ATC Ringspun,24EVER,24EVER Ringspun Cotton Tee,Hthr Indigo,,False,False,False,,,,,0,d618f6c6-b161-40b9-b506-40b02652ad40
ATC Ringspun,24EVER,24EVER Ringspun Cotton Tee,Hthr IrishGrn,,False,False,False,,,,,0,d618f6c6-b161-40b9-b506-40b02652ad40
ATC Ringspun,24EVER,24EVER Ringspun Cotton Tee,Hthr Maroon,,False,False,False,,,,,0,d618f6c6-b161-40b9-b506-40b02652ad40
ATC Ringspun,24EVER,24EVER Ringspun Cotton Tee,Hthr Mili Grn,,False,False,False,,,,,0,d618f6c6-b161-40b9-b506-40b02652ad40
ATC Ringspun,24EVER,24EVER Ringspun Cotton Tee,Hthr Navy,,False,False,False,,,,,0,d618f6c6-b161-40b9-b506-40b02652ad40
ATC Ringspun,24EVER,24EVER Ringspun Cotton Tee,Hthr Orange,,False,False,False,,,,,0,d618f6c6-b161-40b9-b506-40b02652ad40
ATC Ringspun,24EVER,24EVER Ringspun Cotton Tee,Hthr Purple,,False,False,False,,,,,0,d618f6c6-b161-40b9-b506-40b02652ad40
ATC Ringspun,24EVER,24EVER Ringspun Cotton Tee,Hthr Red,,False,False,False,,,,,0,d618f6c6-b161-40b9-b506-40b02652ad40
ATC Ringspun,24EVER,24EVER Ringspun Cotton Tee,Hthr Royal,,False,False,False,,,,,0,d618f6c6-b161-40b9-b506-40b02652ad40
ATC Ringspun,24EVER,24EVER Ringspun Cotton Tee,Irish Green,,True,True,False,other,24ever_form-angle_heather-irish-green_2026_cil.jpg,24ever_form-side_heather-irish-green_2026_cil.jpg,,2,d618f6c6-b161-40b9-b506-40b02652ad40
ATC Ringspun,24EVER,24EVER Ringspun Cotton Tee,Kelly Green,,True,True,False,other,24ever_form-angle_kelly-green_2026_cil.jpg,24ever_form-side_kelly-green_2026_cil.jpg,,2,d618f6c6-b161-40b9-b506-40b02652ad40
ATC Ringspun,24EVER,24EVER Ringspun Cotton Tee,Light Blue,,True,True,False,other,24ever_form-angle_light-blue_2026_cil.jpg,24ever_form-side_light-blue_2026_cil.jpg,,2,d618f6c6-b161-40b9-b506-40b02652ad40
ATC Ringspun,24EVER,24EVER Ringspun Cotton Tee,Maroon,,True,True,False,other,24ever_maroon_modl_crop_2026_cil.jpg,24ever_form-side_heather-maroon_2026_cil.jpg,,2,d618f6c6-b161-40b9-b506-40b02652ad40
ATC Ringspun,24EVER,24EVER Ringspun Cotton Tee,MilitaryGreen,,False,False,False,,,,,0,d618f6c6-b161-40b9-b506-40b02652ad40
ATC Ringspun,24EVER,24EVER Ringspun Cotton Tee,Natural,,True,True,False,other,24ever_form-angle_natural_2026_cil.jpg,24ever_form-side_natural_2026_cil.jpg,,2,d618f6c6-b161-40b9-b506-40b02652ad40
ATC Ringspun,24EVER,24EVER Ringspun Cotton Tee,Navy,,True,True,False,other,24ever_form-angle_heather-navy_2026_cil.jpg,24ever_form-side_heather-navy_2026_cil.jpg,,2,d618f6c6-b161-40b9-b506-40b02652ad40
ATC Ringspun,24EVER,24EVER Ringspun Cotton Tee,Oatmeal Hthr,,False,False,False,,,,,0,d618f6c6-b161-40b9-b506-40b02652ad40
ATC Ringspun,24EVER,24EVER Ringspun Cotton Tee,Orange,,True,True,False,other,24ever_form-angle_heather-orange_2026_cil.jpg,24ever_form-side_heather-orange_2026_cil.jpg,,2,d618f6c6-b161-40b9-b506-40b02652ad40
ATC Ringspun,24EVER,24EVER Ringspun Cotton Tee,Purple,,True,True,False,other,24ever_form-angle_heather-purple_2026_cil.jpg,24ever_form-side_heather-purple_2026_cil.jpg,,2,d618f6c6-b161-40b9-b506-40b02652ad40
ATC Ringspun,24EVER,24EVER Ringspun Cotton Tee,Red,,True,True,False,other,24ever_form-angle_heather-red_2026_cil.jpg,24ever_form-side_heather-red_2026_cil.jpg,,2,d618f6c6-b161-40b9-b506-40b02652ad40
ATC Ringspun,24EVER,24EVER Ringspun Cotton Tee,Royal,,True,True,False,other,24ever_form-angle_heather-royal_2026_cil.jpg,24ever_form-side_heather-royal_2026_cil.jpg,,2,d618f6c6-b161-40b9-b506-40b02652ad40
ATC Ringspun,24EVER,24EVER Ringspun Cotton Tee,Sand,,True,True,False,other,24ever_form-angle_sand_2026_cil.jpg,24ever_form-side_sand_2026_cil.jpg,,2,d618f6c6-b161-40b9-b506-40b02652ad40
ATC Ringspun,24EVER,24EVER Ringspun Cotton Tee,Sapphire,,True,True,False,other,24ever_form-angle_sapphire_2026_cil.jpg,24ever_form-side_sapphire_2026_cil.jpg,,2,d618f6c6-b161-40b9-b506-40b02652ad40
ATC Ringspun,24EVER,24EVER Ringspun Cotton Tee,Sport Grey,,True,True,False,other,24ever_form-angle_sport-grey_2026_cil.jpg,24ever_form-side_sport-grey_2026_cil.jpg,,2,d618f6c6-b161-40b9-b506-40b02652ad40
ATC Ringspun,24EVER,24EVER Ringspun Cotton Tee,`White,,False,False,False,,,,,0,d618f6c6-b161-40b9-b506-40b02652ad40
ATC Ringspun,24EVERL,24EVER Ringspun Cotton Lds Tee,Antique White,,True,True,False,other,24everl_form-angle_antique-white_2026_cil.jpg,24everl_form-side_antique-white_2026_cil.jpg,,2,e06c3340-9ad0-4e4a-813f-2947e58cf8c6
ATC Ringspun,24EVERL,24EVER Ringspun Cotton Lds Tee,Black,,True,True,False,other,24everl_form-angle_black_2026_cil.jpg,24everl_form-side_black_2026_cil.jpg,,2,e06c3340-9ad0-4e4a-813f-2947e58cf8c6
ATC Ringspun,24EVERL,24EVER Ringspun Cotton Lds Tee,Caramel,,True,True,False,other,24everl_form-angle_caramel_2026_cil.jpg,24everl_form-side_caramel_2026_cil.jpg,,2,e06c3340-9ad0-4e4a-813f-2947e58cf8c6
ATC Ringspun,24EVERL,24EVER Ringspun Cotton Lds Tee,Daisy,,True,True,False,other,24everl_form-angle_daisy_2026_cil.jpg,24everl_form-side_daisy_2026_cil.jpg,,2,e06c3340-9ad0-4e4a-813f-2947e58cf8c6
ATC Ringspun,24EVERL,24EVER Ringspun Cotton Lds Tee,Drk Chocolate,,False,False,False,,,,,0,e06c3340-9ad0-4e4a-813f-2947e58cf8c6
ATC Ringspun,24EVERL,24EVER Ringspun Cotton Lds Tee,Drk Heather,,False,False,False,,,,,0,e06c3340-9ad0-4e4a-813f-2947e58cf8c6
ATC Ringspun,24EVERL,24EVER Ringspun Cotton Lds Tee,Forest Green,,True,True,False,other,24everl_form-angle_forest-green_2026_cil.jpg,24everl_form-side_forest-green_2026_cil.jpg,,2,e06c3340-9ad0-4e4a-813f-2947e58cf8c6
ATC Ringspun,24EVERL,24EVER Ringspun Cotton Lds Tee,Gold,,True,True,False,other,24everl_form-angle_gold_2026_cil.jpg,24everl_form-side_gold_2026_cil.jpg,,2,e06c3340-9ad0-4e4a-813f-2947e58cf8c6
ATC Ringspun,24EVERL,24EVER Ringspun Cotton Lds Tee,Heliconia,,True,True,False,other,24everl_form-angle_heliconia_2026_cil.jpg,24everl_form-side_heliconia_2026_cil.jpg,,2,e06c3340-9ad0-4e4a-813f-2947e58cf8c6
ATC Ringspun,24EVERL,24EVER Ringspun Cotton Lds Tee,Kelly Green,,True,True,False,other,24everl_form-angle_kelly-green_2026_cil.jpg,24everl_form-side_kelly-green_2026_cil.jpg,,2,e06c3340-9ad0-4e4a-813f-2947e58cf8c6
ATC Ringspun,24EVERL,24EVER Ringspun Cotton Lds Tee,Light Blue,,True,True,False,other,24everl_form-angle_light-blue_2026_cil.jpg,24everl_form-side_light-blue_2026_cil.jpg,,2,e06c3340-9ad0-4e4a-813f-2947e58cf8c6
ATC Ringspun,24EVERL,24EVER Ringspun Cotton Lds Tee,Maroon,,True,True,False,other,24everl_form-angle_maroon_2026_cil.jpg,24everl_form-side_maroon_2026_cil.jpg,,2,e06c3340-9ad0-4e4a-813f-2947e58cf8c6
ATC Ringspun,24EVERL,24EVER Ringspun Cotton Lds Tee,MilitaryGreen,,False,False,False,,,,,0,e06c3340-9ad0-4e4a-813f-2947e58cf8c6
ATC Ringspun,24EVERL,24EVER Ringspun Cotton Lds Tee,Natural,,True,True,False,other,24everl_form-angle_natural_2026_cil.jpg,24everl_form-side_natural_2026_cil.jpg,,2,e06c3340-9ad0-4e4a-813f-2947e58cf8c6
ATC Ringspun,24EVERL,24EVER Ringspun Cotton Lds Tee,Navy,,True,True,False,other,24everl_form-angle_navy_2026_cil.jpg,24everl_form-side_navy_2026_cil.jpg,,2,e06c3340-9ad0-4e4a-813f-2947e58cf8c6
ATC Ringspun,24EVERL,24EVER Ringspun Cotton Lds Tee,Oatmeal Hthr,,False,False,False,,,,,0,e06c3340-9ad0-4e4a-813f-2947e58cf8c6
ATC Ringspun,24EVERL,24EVER Ringspun Cotton Lds Tee,Orange,,True,True,False,other,24everl_form-angle_orange_2026_cil.jpg,24everl_form-side_orange_2026_cil.jpg,,2,e06c3340-9ad0-4e4a-813f-2947e58cf8c6
ATC Ringspun,24EVERL,24EVER Ringspun Cotton Lds Tee,Purple,,True,True,False,other,24everl_form-angle_purple_2026_cil.jpg,24everl_form-side_purple_2026_cil.jpg,,2,e06c3340-9ad0-4e4a-813f-2947e58cf8c6
ATC Ringspun,24EVERL,24EVER Ringspun Cotton Lds Tee,Red,,True,True,False,other,24everl_form-angle_red_2026_cil.jpg,24everl_form-side_red_2026_cil.jpg,,2,e06c3340-9ad0-4e4a-813f-2947e58cf8c6
ATC Ringspun,24EVERL,24EVER Ringspun Cotton Lds Tee,Royal,,True,True,False,other,24everl_form-angle_royal_2026_cil.jpg,24everl_form-side_royal_2026_cil.jpg,,2,e06c3340-9ad0-4e4a-813f-2947e58cf8c6
ATC Ringspun,24EVERL,24EVER Ringspun Cotton Lds Tee,Sand,,True,True,False,other,24everl_form-angle_sand_2026_cil.jpg,24everl_form-side_sand_2026_cil.jpg,,2,e06c3340-9ad0-4e4a-813f-2947e58cf8c6
ATC Ringspun,24EVERL,24EVER Ringspun Cotton Lds Tee,Sapphire,,True,True,False,other,24everl_form-angle_sapphire_2026_cil.jpg,24everl_form-side_sapphire_2026_cil.jpg,,2,e06c3340-9ad0-4e4a-813f-2947e58cf8c6
ATC Ringspun,24EVERL,24EVER Ringspun Cotton Lds Tee,Sport Grey,,True,True,False,other,24everl_form-angle_sport-grey_2026_cil.jpg,24everl_form-side_sport-grey_2026_cil.jpg,,2,e06c3340-9ad0-4e4a-813f-2947e58cf8c6
ATC Ringspun,24EVERL,24EVER Ringspun Cotton Lds Tee,`White,,False,False,False,,,,,0,e06c3340-9ad0-4e4a-813f-2947e58cf8c6
ATC Ringspun,24EVERLS,24EVER Ringspun Cotton LS Tee,Antique White,,True,True,False,other,24everls_modl_antique-white_studio_crop_2026_cil.jpg,24everls_form-side_antique-white_2026_cil.jpg,,2,d60e156e-511a-4f49-b91f-eb07cda14873
ATC Ringspun,24EVERLS,24EVER Ringspun Cotton LS Tee,Black,,True,True,False,other,24everls_form-angle_black_2026_cil.jpg,24everls_form-side_black_2026_cil.jpg,,2,d60e156e-511a-4f49-b91f-eb07cda14873
ATC Ringspun,24EVERLS,24EVER Ringspun Cotton LS Tee,Caramel,,True,True,False,other,24everls_form-angle_caramel_2026_cil.jpg,24everls_form-side_caramel_2026_cil.jpg,,2,d60e156e-511a-4f49-b91f-eb07cda14873
ATC Ringspun,24EVERLS,24EVER Ringspun Cotton LS Tee,Charcoal,,True,True,False,other,24everls_form-angle_charcoal_2026_cil.jpg,24everls_form-side_charcoal_2026_cil.jpg,,2,d60e156e-511a-4f49-b91f-eb07cda14873
ATC Ringspun,24EVERLS,24EVER Ringspun Cotton LS Tee,Drk Heather,,False,False,False,,,,,0,d60e156e-511a-4f49-b91f-eb07cda14873
ATC Ringspun,24EVERLS,24EVER Ringspun Cotton LS Tee,Navy,,True,True,False,other,24everls_form-angle_navy_2026_cil.jpg,24everls_form-side_navy_2026_cil.jpg,,2,d60e156e-511a-4f49-b91f-eb07cda14873
ATC Ringspun,24EVERLS,24EVER Ringspun Cotton LS Tee,Oatmeal Hthr,,False,False,False,,,,,0,d60e156e-511a-4f49-b91f-eb07cda14873
ATC Ringspun,24EVERLS,24EVER Ringspun Cotton LS Tee,Red,,True,True,False,other,24everls_form-angle_red_2026_cil.jpg,24everls_form-side_red_2026_cil.jpg,,2,d60e156e-511a-4f49-b91f-eb07cda14873
ATC Ringspun,24EVERLS,24EVER Ringspun Cotton LS Tee,Royal,,True,True,False,other,24everls_form-angle_royal_2026_cil.jpg,24everls_form-side_royal_2026_cil.jpg,,2,d60e156e-511a-4f49-b91f-eb07cda14873
ATC Ringspun,24EVERLS,24EVER Ringspun Cotton LS Tee,Sport Grey,,True,True,False,other,24everls_form-angle_sport-grey_2026_cil.jpg,24everls_form-side_sport-grey_2026_cil.jpg,,2,d60e156e-511a-4f49-b91f-eb07cda14873
ATC Ringspun,24EVERLS,24EVER Ringspun Cotton LS Tee,`White,,False,False,False,,,,,0,d60e156e-511a-4f49-b91f-eb07cda14873
ATC Ringspun,24EVERY,24EVER Ringspun Cotton Yth Tee,Antique White,,True,True,False,other,24every_form-angle_antique-white_2026_cil.jpg,24every_form-side_antique-white_2026_cil.jpg,,2,a2370b21-9349-442a-8624-5ec824c4a2df
ATC Ringspun,24EVERY,24EVER Ringspun Cotton Yth Tee,Black,,True,True,False,other,24every_form-angle_black_2026_cil.jpg,24every_form-side_black_2026_cil.jpg,,2,a2370b21-9349-442a-8624-5ec824c4a2df
ATC Ringspun,24EVERY,24EVER Ringspun Cotton Yth Tee,Caramel,,True,True,False,other,24every_form-angle_caramel_2026_cil.jpg,24every_form-side_caramel_2026_cil.jpg,,2,a2370b21-9349-442a-8624-5ec824c4a2df
ATC Ringspun,24EVERY,24EVER Ringspun Cotton Yth Tee,Charcoal,,True,True,False,other,24every_form-angle_charcoal_2026_cil.jpg,24every_form-side_charcoal_2026_cil.jpg,,2,a2370b21-9349-442a-8624-5ec824c4a2df
ATC Ringspun,24EVERY,24EVER Ringspun Cotton Yth Tee,Daisy,,True,True,False,other,24every_modl_daisy_studio_crop_2026_cil.jpg,24every_form-side_daisy_2026_cil.jpg,,2,a2370b21-9349-442a-8624-5ec824c4a2df
ATC Ringspun,24EVERY,24EVER Ringspun Cotton Yth Tee,Drk Chocolate,,False,False,False,,,,,0,a2370b21-9349-442a-8624-5ec824c4a2df
ATC Ringspun,24EVERY,24EVER Ringspun Cotton Yth Tee,Drk Heather,,False,False,False,,,,,0,a2370b21-9349-442a-8624-5ec824c4a2df
ATC Ringspun,24EVERY,24EVER Ringspun Cotton Yth Tee,Forest Green,,True,True,False,other,24every_form-angle_forest-green_2026_cil.jpg,24every_form-side_forest-green_2026_cil.jpg,,2,a2370b21-9349-442a-8624-5ec824c4a2df
ATC Ringspun,24EVERY,24EVER Ringspun Cotton Yth Tee,Gold,,True,True,False,other,24every_form-angle_gold_2026_cil.jpg,24every_form-side_gold_2026_cil.jpg,,2,a2370b21-9349-442a-8624-5ec824c4a2df
ATC Ringspun,24EVERY,24EVER Ringspun Cotton Yth Tee,Heliconia,,True,True,False,other,24every_form-angle_heliconia_2026_cil.jpg,24every_form-side_heliconia_2026_cil.jpg,,2,a2370b21-9349-442a-8624-5ec824c4a2df
ATC Ringspun,24EVERY,24EVER Ringspun Cotton Yth Tee,Kelly Green,,True,True,False,other,24every_form-angle_kelly-green_2026_cil.jpg,24every_form-side_kelly-green_2026_cil.jpg,,2,a2370b21-9349-442a-8624-5ec824c4a2df
ATC Ringspun,24EVERY,24EVER Ringspun Cotton Yth Tee,Light Blue,,True,True,False,other,24every_form-angle_light-blue_2026_cil.jpg,24every_form-side_light-blue_2026_cil.jpg,,2,a2370b21-9349-442a-8624-5ec824c4a2df
ATC Ringspun,24EVERY,24EVER Ringspun Cotton Yth Tee,Maroon,,True,True,False,other,24every_form-angle_maroon_2026_cil.jpg,24every_form-side_maroon_2026_cil.jpg,,2,a2370b21-9349-442a-8624-5ec824c4a2df
ATC Ringspun,24EVERY,24EVER Ringspun Cotton Yth Tee,MilitaryGreen,,False,False,False,,,,,0,a2370b21-9349-442a-8624-5ec824c4a2df
ATC Ringspun,24EVERY,24EVER Ringspun Cotton Yth Tee,Natural,,True,True,False,other,24every_form-angle_natural_2026_cil.jpg,24every_form-side_natural_2026_cil.jpg,,2,a2370b21-9349-442a-8624-5ec824c4a2df
ATC Ringspun,24EVERY,24EVER Ringspun Cotton Yth Tee,Navy,,True,True,False,other,24every_form-angle_navy_2026_cil.jpg,24every_form-side_navy_2026_cil.jpg,,2,a2370b21-9349-442a-8624-5ec824c4a2df
ATC Ringspun,24EVERY,24EVER Ringspun Cotton Yth Tee,Oatmeal Hthr,,False,False,False,,,,,0,a2370b21-9349-442a-8624-5ec824c4a2df
ATC Ringspun,24EVERY,24EVER Ringspun Cotton Yth Tee,Orange,,True,True,False,other,24every_form-angle_orange_2026_cil.jpg,24every_form-side_orange_2026_cil.jpg,,2,a2370b21-9349-442a-8624-5ec824c4a2df
ATC Ringspun,24EVERY,24EVER Ringspun Cotton Yth Tee,Purple,,True,True,False,other,24every_form-angle_purple_2026_cil.jpg,24every_form-side_purple_2026_cil.jpg,,2,a2370b21-9349-442a-8624-5ec824c4a2df
ATC Ringspun,24EVERY,24EVER Ringspun Cotton Yth Tee,Red,,True,True,False,other,24every_form-angle_red_2026_cil.jpg,24every_form-side_red_2026_cil.jpg,,2,a2370b21-9349-442a-8624-5ec824c4a2df
ATC Ringspun,24EVERY,24EVER Ringspun Cotton Yth Tee,Royal,,True,True,False,other,24every_form-angle_royal_2026_cil.jpg,24every_form-side_royal_2026_cil.jpg,,2,a2370b21-9349-442a-8624-5ec824c4a2df
ATC Ringspun,24EVERY,24EVER Ringspun Cotton Yth Tee,Sand,,True,True,False,other,24every_form-angle_sand_2026_cil.jpg,24every_form-side_sand_2026_cil.jpg,,2,a2370b21-9349-442a-8624-5ec824c4a2df
ATC Ringspun,24EVERY,24EVER Ringspun Cotton Yth Tee,Sapphire,,True,True,False,other,24every_form-angle_sapphire_2026_cil.jpg,24every_form-side_sapphire_2026_cil.jpg,,2,a2370b21-9349-442a-8624-5ec824c4a2df
ATC Ringspun,24EVERY,24EVER Ringspun Cotton Yth Tee,Sport Grey,,True,True,False,other,24every_form-angle_sport-grey_2026_cil.jpg,24every_form-side_sport-grey_2026_cil.jpg,,2,a2370b21-9349-442a-8624-5ec824c4a2df
ATC Ringspun,24EVERY,24EVER Ringspun Cotton Yth Tee,`White,,False,False,False,,,,,0,a2370b21-9349-442a-8624-5ec824c4a2df
ATC Ringspun,ATC2000L,Everyday Ctn Ringspun Lds Tee,Athletic Hthr,,False,False,False,,,,,0,e838e177-2e8e-4019-8e50-b23f031d2cce
ATC Ringspun,ATC2000L,Everyday Ctn Ringspun Lds Tee,Black,,True,True,False,other,atc2000l_modl_black_studio-1crop_2022_cil.jpg,atc2000l_form-side_black_2022_cil.jpg,,2,e838e177-2e8e-4019-8e50-b23f031d2cce
ATC Ringspun,ATC2000L,Everyday Ctn Ringspun Lds Tee,Dark HthrGrey,,False,False,False,,,,,0,e838e177-2e8e-4019-8e50-b23f031d2cce
ATC Ringspun,ATC2000L,Everyday Ctn Ringspun Lds Tee,Navy,,True,True,False,other,atc2000l_form-angle_navy_2022_cil.jpg,atc2000l_form-side_navy_2022_cil.jpg,,2,e838e177-2e8e-4019-8e50-b23f031d2cce
ATC Ringspun,ATC2000L,Everyday Ctn Ringspun Lds Tee,Orange,,True,True,False,other,atc2000l_form-angle_orange_2022_cil.jpg,atc2000l_form-side_orange_2022_cil.jpg,,2,e838e177-2e8e-4019-8e50-b23f031d2cce
ATC Ringspun,ATC2000L,Everyday Ctn Ringspun Lds Tee,Red,,True,True,False,other,atc2000l_form-angle_red_2022_cil.jpg,atc2000l_form-side_red_2022_cil.jpg,,2,e838e177-2e8e-4019-8e50-b23f031d2cce
ATC Ringspun,ATC2000L,Everyday Ctn Ringspun Lds Tee,Royal,,True,True,False,other,atc2000l_form-angle_royal_2022_cil.jpg,atc2000l_form-side_royal_2022_cil.jpg,,2,e838e177-2e8e-4019-8e50-b23f031d2cce
ATC Ringspun,ATC2000L,Everyday Ctn Ringspun Lds Tee,White,,True,True,False,other,atc2000l_form-angle_white_2022_cil.jpg,atc2000l_form-side_white_2022_cil.jpg,,2,e838e177-2e8e-4019-8e50-b23f031d2cce
ATC Ringspun,ATC2000Y,Everyday Ctn Ringspun Yth Tee,Athletic Hthr,,False,False,False,,,,,0,2cedd6b3-3786-4fae-b709-67518b9e218e
ATC Ringspun,ATC2000Y,Everyday Ctn Ringspun Yth Tee,Black,,True,True,False,other,atc2000y_form-angle_black_2022_cil.jpg,atc2000y_form-side_black_2022_cil.jpg,,2,2cedd6b3-3786-4fae-b709-67518b9e218e
ATC Ringspun,ATC2000Y,Everyday Ctn Ringspun Yth Tee,Dark HthrGrey,,False,False,False,,,,,0,2cedd6b3-3786-4fae-b709-67518b9e218e
ATC Ringspun,ATC2000Y,Everyday Ctn Ringspun Yth Tee,Navy,,True,True,False,other,atc2000y_form-angle_navy_2022_cil.jpg,atc2000y_form-side_navy_2022_cil.jpg,,2,2cedd6b3-3786-4fae-b709-67518b9e218e
ATC Ringspun,ATC2000Y,Everyday Ctn Ringspun Yth Tee,Orange,,True,True,False,other,atc2000y_modl_orange_crop-2_2025.jpg,atc2000y_form-side_orange_2022_cil.jpg,,2,2cedd6b3-3786-4fae-b709-67518b9e218e
ATC Ringspun,ATC2000Y,Everyday Ctn Ringspun Yth Tee,Red,,True,True,False,other,atc2000y_form-angle_red_2022_cil.jpg,atc2000y_form-side_red_2022_cil.jpg,,2,2cedd6b3-3786-4fae-b709-67518b9e218e
ATC Ringspun,ATC2000Y,Everyday Ctn Ringspun Yth Tee,Royal,,True,True,False,other,atc2000y_form-angle_royal_2022_cil.jpg,atc2000y_form-side_royal_2022_cil.jpg,,2,2cedd6b3-3786-4fae-b709-67518b9e218e
ATC Ringspun,ATC2000Y,Everyday Ctn Ringspun Yth Tee,White,,True,True,False,other,atc2000y_form-angle_white_2022_cil.jpg,atc2000y_form-side_white_2022_cil.jpg,,2,2cedd6b3-3786-4fae-b709-67518b9e218e
ATC Vintage,F2042,Vintage 1/4 Zip Sweatshirt,Athletic Grey,,True,False,True,other,f2042_form_angle_athletic-grey_112019.jpg,,f2042_form_back_athletic-grey_032019.jpg,2,a1e6db99-0492-49ad-863c-cf71ad7a7ac0
ATC Vintage,F2042,Vintage 1/4 Zip Sweatshirt,Black,,False,False,False,,,,,0,a1e6db99-0492-49ad-863c-cf71ad7a7ac0
ATC Vintage,F2042,Vintage 1/4 Zip Sweatshirt,Charcoal,,False,False,False,,,,,0,a1e6db99-0492-49ad-863c-cf71ad7a7ac0
ATC Vintage,F2042,Vintage 1/4 Zip Sweatshirt,Navy,,False,False,False,,,,,0,a1e6db99-0492-49ad-863c-cf71ad7a7ac0
ATC Vintage,F2044,Vintage TwoTone Hooded Sweat,Char/Black,,False,False,False,,,,,0,3a1a654f-b9e5-4e2a-8277-018ffdd13bc8
ATC Vintage,F2044,Vintage TwoTone Hooded Sweat,Char/Forest,,False,False,False,,,,,0,3a1a654f-b9e5-4e2a-8277-018ffdd13bc8
ATC Vintage,F2044,Vintage TwoTone Hooded Sweat,Char/Navy,,False,False,False,,,,,0,3a1a654f-b9e5-4e2a-8277-018ffdd13bc8
ATC Vintage,F2045,Vintage Hooded Sweatshirt,Black,,False,False,False,,,,,0,ff1597a8-98a4-4155-8b89-b7aaea04af25
ATC Vintage,F2045,Vintage Hooded Sweatshirt,Charcoal,,False,False,False,,,,,0,ff1597a8-98a4-4155-8b89-b7aaea04af25
ATC Vintage,F2045,Vintage Hooded Sweatshirt,Navy,,False,False,False,,,,,0,ff1597a8-98a4-4155-8b89-b7aaea04af25
ATC Vintage,F2046,Vintage Crewneck Sweatshirt,Athletic Grey,,True,False,True,other,f2046_athleticgrey_modl_studio4_2019.jpg,,f2046_form_back_athleticgrey_042018.jpg,2,b6f84a43-390d-4029-809f-1fe230182fbd
ATC Vintage,F2046,Vintage Crewneck Sweatshirt,Black,,True,False,True,other,f2046_form_angle_black_heather_042018.jpg,,f2046_form_back_black_heather_042018.jpg,2,b6f84a43-390d-4029-809f-1fe230182fbd
ATC Vintage,F2046,Vintage Crewneck Sweatshirt,Charcoal,,False,False,False,,,,,0,b6f84a43-390d-4029-809f-1fe230182fbd
ATC Vintage,F2046,Vintage Crewneck Sweatshirt,Navy,,False,False,False,,,,,0,b6f84a43-390d-4029-809f-1fe230182fbd
ATC WeRK,WERK250,Heavyweight Ring Spun Cotton T,Athletic Grey,,True,True,False,other,werk250_form-angle_athletic-grey_2025_cil.jpg,werk250_form-side_athletic-grey_2025_cil.jpg,,2,4e0376a3-1fb1-4010-8858-718799882707
ATC WeRK,WERK250,Heavyweight Ring Spun Cotton T,Black,,True,True,False,other,werk250_form-angle_black_2025_cil.jpg,werk250_form-side_black_2025_cil.jpg,,2,4e0376a3-1fb1-4010-8858-718799882707
ATC WeRK,WERK250,Heavyweight Ring Spun Cotton T,Caramel,,True,True,False,other,werk250_form-angle_caramel_2025_cil.jpg,werk250_form-side_caramel_2025_cil.jpg,,2,4e0376a3-1fb1-4010-8858-718799882707
ATC WeRK,WERK250,Heavyweight Ring Spun Cotton T,Dark Navy,,True,True,False,other,werk250_form-angle_dark-navy_2025_cil.jpg,werk250_form-side_dark-navy_2025_cil.jpg,,2,4e0376a3-1fb1-4010-8858-718799882707
ATC WeRK,WERK250,Heavyweight Ring Spun Cotton T,Safety Orange,,True,True,False,other,werk250_form-angle_safety-orange_2025_cil.jpg,werk250_form-side_safety-orange_2025_cil.jpg,,2,4e0376a3-1fb1-4010-8858-718799882707
ATC WeRK,WERK250,Heavyweight Ring Spun Cotton T,Safety Yellow,,True,True,False,other,werk250_form-angle_safety-yellow_2025_cil.jpg,werk250_form-side_safety-yellow_2025_cil.jpg,,2,4e0376a3-1fb1-4010-8858-718799882707
ATC WeRK,WERK250,Heavyweight Ring Spun Cotton T,Sand,,True,True,False,other,werk250_form-angle_sand_2025_cil.jpg,werk250_form-side_sand_2025_cil.jpg,,2,4e0376a3-1fb1-4010-8858-718799882707
ATC WeRK,WERK250,Heavyweight Ring Spun Cotton T,White,,True,True,False,other,werk250_form-angle_white_2025_cil.jpg,werk250_form-side_white_2025_cil.jpg,,2,4e0376a3-1fb1-4010-8858-718799882707
ATC WeRK,WERK250L,Heavyweight RS Ctn Womens Tee,Athletic Grey,,False,False,False,,,,,0,c1185b0d-12b1-4ce1-844b-77f0a115f4f1
ATC WeRK,WERK250L,Heavyweight RS Ctn Womens Tee,Black,,False,False,False,,,,,0,c1185b0d-12b1-4ce1-844b-77f0a115f4f1
ATC WeRK,WERK250L,Heavyweight RS Ctn Womens Tee,Caramel,,False,False,False,,,,,0,c1185b0d-12b1-4ce1-844b-77f0a115f4f1
ATC WeRK,WERK250L,Heavyweight RS Ctn Womens Tee,Dark Navy,,False,False,False,,,,,0,c1185b0d-12b1-4ce1-844b-77f0a115f4f1
ATC WeRK,WERK250L,Heavyweight RS Ctn Womens Tee,White,,False,False,False,,,,,0,c1185b0d-12b1-4ce1-844b-77f0a115f4f1
ATC WeRK,WERK250T,Heavyweight Ring Spun Tall Tee,Athletic Grey,,True,True,False,other,werk250t_form-angle_athletic-grey_2025_cil.jpg,werk250t_form-side_athletic-grey_2025_cil.jpg,,2,92712920-c5bf-433f-91c8-b43d0a4cdfe1
ATC WeRK,WERK250T,Heavyweight Ring Spun Tall Tee,Black,,True,True,False,other,werk250t_form-angle_black_2025_cil.jpg,werk250t_form-side_black_2025_cil.jpg,,2,92712920-c5bf-433f-91c8-b43d0a4cdfe1
ATC WeRK,WERK250T,Heavyweight Ring Spun Tall Tee,Caramel,,True,True,False,other,werk250t_modl_caramel_studio-dark-bg-1_2025_cil.jpg,werk250t_form-side_caramel_2025_cil.jpg,,2,92712920-c5bf-433f-91c8-b43d0a4cdfe1
ATC WeRK,WERK250T,Heavyweight Ring Spun Tall Tee,Dark Navy,,True,True,False,other,werk250t_form-angle_dark-navy_2025_cil.jpg,werk250t_form-side_dark-navy_2025_cil.jpg,,2,92712920-c5bf-433f-91c8-b43d0a4cdfe1
ATC WeRK,WERK250T,Heavyweight Ring Spun Tall Tee,Safety Orange,,True,True,False,other,werk250t_form-angle_safety-orange_2025_cil.jpg,werk250t_form-side_safety-orange_2025_cil.jpg,,2,92712920-c5bf-433f-91c8-b43d0a4cdfe1
ATC WeRK,WERK250T,Heavyweight Ring Spun Tall Tee,Safety Yellow,,True,True,False,other,werk250t_form-angle_safety-yellow_2025_cil.jpg,werk250t_form-side_safety-yellow_2025_cil.jpg,,2,92712920-c5bf-433f-91c8-b43d0a4cdfe1
ATC WeRK,WERK250T,Heavyweight Ring Spun Tall Tee,Sand,,True,True,False,other,werk250t_form-angle_sand_2025_cil.jpg,werk250t_form-side_sand_2025_cil.jpg,,2,92712920-c5bf-433f-91c8-b43d0a4cdfe1
ATC WeRK,WERK250T,Heavyweight Ring Spun Tall Tee,White,,True,True,False,other,werk250t_form-angle_white_2025_cil.jpg,werk250t_form-side_white_2025_cil.jpg,,2,92712920-c5bf-433f-91c8-b43d0a4cdfe1
ATC WeRK,WERK7611,Freezer Jacket,Black,,True,True,False,other,werk7611_modl_black_studio-dark-bg-1_2025_cil.jpg,werk7611_form-side_black_2025_cil.jpg,,2,0ef65006-8e70-4892-a53f-e1edb8633723
ATC WeRK,WERK7611,Freezer Jacket,Dark Navy,,True,True,False,other,werk7611_form-angle_dark-navy_2025_cil.jpg,werk7611_form-side_dark-navy_2025_cil.jpg,,2,0ef65006-8e70-4892-a53f-e1edb8633723
ATC WeRK,WERK7611H,Hooded Freezer Jacket,Black,,True,True,False,other,werk7611h_modl_black_studio-dark-bg-1_2025_cil.jpg,werk7611h_form-side_black_2025_cil.jpg,,2,f8f43dec-81ab-470c-923d-e8c2bc3fea9e
ATC WeRK,WERK7611L,Womens Quilted Freezer Jacket,Black,,True,True,False,other,werk7611l_black___werk1333_grey_black_modl_studio-dark-bg-1_2025_cil.jpg,werk7611l_form-side_black_2025_cil.jpg,,2,7826acde-98ff-40f1-832f-736b9f0c48de
ATC WeRK,WERK7645,Yukon Hooded Bomber Jacket,Black,,True,True,False,other,werk7645_form-angle_black_2025_cil.jpg,werk7645_form-side_black_2025_cil.jpg,,2,217d1a00-601e-47c4-a246-89a196dfc9cc
ATC WeRK,WERK7645,Yukon Hooded Bomber Jacket,Caramel,,True,True,False,other,werk7645_modl_caramel_studio-dark-bg-1_2025_cil.jpg,werk7645_form-side_caramel_2025_cil.jpg,,2,217d1a00-601e-47c4-a246-89a196dfc9cc
ATC WeRK,WERK7645,Yukon Hooded Bomber Jacket,Grey,,True,True,False,other,werk7645_form-angle_grey_2025_cil.jpg,werk7645_form-side_grey_2025_cil.jpg,,2,217d1a00-601e-47c4-a246-89a196dfc9cc
ATC WeRK,WeRK250LS,Heavyweight Ring Spun LS Tee,Athletic Grey,,True,True,False,other,werk250ls_form-angle_athletic-grey_2025_cil.jpg,werk250ls_form-side_athletic-grey_2025_cil.jpg,,2,c84d325d-8870-4499-a2c0-b0b313c0e2ed
ATC WeRK,WeRK250LS,Heavyweight Ring Spun LS Tee,Black,,True,True,False,other,werk250ls_form-angle_black_2025_cil.jpg,werk250ls_form-side_black_2025_cil.jpg,,2,c84d325d-8870-4499-a2c0-b0b313c0e2ed
ATC WeRK,WeRK250LS,Heavyweight Ring Spun LS Tee,Caramel,,True,True,False,other,werk250ls_modl_caramel_studio-dark-bg-1_2025_cil.jpg,werk250ls_form-side_caramel_2025_cil.jpg,,2,c84d325d-8870-4499-a2c0-b0b313c0e2ed
ATC WeRK,WeRK250LS,Heavyweight Ring Spun LS Tee,Dark Navy,,True,True,False,other,werk250ls_form-angle_dark-navy_2025_cil.jpg,werk250ls_form-side_dark-navy_2025_cil.jpg,,2,c84d325d-8870-4499-a2c0-b0b313c0e2ed
ATC WeRK,WeRK250LS,Heavyweight Ring Spun LS Tee,Safety Orange,,True,True,False,other,werk250ls_form-angle_safety-orange_2025_cil.jpg,werk250ls_form-side_safety-orange_2025_cil.jpg,,2,c84d325d-8870-4499-a2c0-b0b313c0e2ed
ATC WeRK,WeRK250LS,Heavyweight Ring Spun LS Tee,Safety Yellow,,True,True,False,other,werk250ls_form-angle_safety-yellow_2025_cil.jpg,werk250ls_form-side_safety-yellow_2025_cil.jpg,,2,c84d325d-8870-4499-a2c0-b0b313c0e2ed
ATC WeRK,WeRK250LS,Heavyweight Ring Spun LS Tee,Sand,,True,True,False,other,werk250ls_form-angle_sand_2025_cil.jpg,werk250ls_form-side_sand_2025_cil.jpg,,2,c84d325d-8870-4499-a2c0-b0b313c0e2ed
ATC WeRK,WeRK250LS,Heavyweight Ring Spun LS Tee,White,,True,True,False,other,werk250ls_form-angle_white_2025_cil.jpg,werk250ls_form-side_white_2025_cil.jpg,,2,c84d325d-8870-4499-a2c0-b0b313c0e2ed
ATC WeRK,WeRK250P,Heavyweight Ring Spun Pocket T,Athletic Grey,,True,True,False,other,werk250p_form-angle_athletic-grey_2025_cil.jpg,werk250p_form-side_athletic-grey_2025_cil.jpg,,2,03a0bd62-f4b5-42b8-97cc-fd7b8baa6200
ATC WeRK,WeRK250P,Heavyweight Ring Spun Pocket T,Black,,True,True,False,other,werk250p_form-angle_black_2025_cil.jpg,werk250p_form-side_black_2025_cil.jpg,,2,03a0bd62-f4b5-42b8-97cc-fd7b8baa6200
ATC WeRK,WeRK250P,Heavyweight Ring Spun Pocket T,Caramel,,True,True,False,other,werk250p_form-angle_caramel_2025_cil.jpg,werk250p_form-side_caramel_2025_cil.jpg,,2,03a0bd62-f4b5-42b8-97cc-fd7b8baa6200
ATC WeRK,WeRK250P,Heavyweight Ring Spun Pocket T,Dark Navy,,True,True,False,other,werk250p_form-angle_dark-navy_2025_cil.jpg,werk250p_form-side_dark-navy_2025_cil.jpg,,2,03a0bd62-f4b5-42b8-97cc-fd7b8baa6200
ATC WeRK,WeRK250P,Heavyweight Ring Spun Pocket T,Safety Orange,,True,True,False,other,werk250p_form-angle_safety-orange_2025_cil.jpg,werk250p_form-side_safety-orange_2025_cil.jpg,,2,03a0bd62-f4b5-42b8-97cc-fd7b8baa6200
ATC WeRK,WeRK250P,Heavyweight Ring Spun Pocket T,Safety Yellow,,True,True,False,other,werk250p_modl_safety-yellow_studio-dark-bg-1_2025_cil.jpg,werk250p_form-side_safety-yellow_2025_cil.jpg,,2,03a0bd62-f4b5-42b8-97cc-fd7b8baa6200
ATC WeRK,WeRK250P,Heavyweight Ring Spun Pocket T,Sand,,True,True,False,other,werk250p_form-angle_sand_2025_cil.jpg,werk250p_form-side_sand_2025_cil.jpg,,2,03a0bd62-f4b5-42b8-97cc-fd7b8baa6200
ATC WeRK,WeRK250P,Heavyweight Ring Spun Pocket T,White,,True,True,False,other,werk250p_form-angle_white_2025_cil.jpg,werk250p_form-side_white_2025_cil.jpg,,2,03a0bd62-f4b5-42b8-97cc-fd7b8baa6200
ATC WeRK,WeRK420,Heavyweight Fleece Hood,Athletic Grey,,True,True,False,other,werk420_form-angle_athletic-grey_2025_cil.jpg,werk420_form-side_athletic-grey_2025_cil.jpg,,2,cd8e3d6b-b4c7-4fdc-939c-7229ab4c3aad
ATC WeRK,WeRK420,Heavyweight Fleece Hood,Black,,True,True,False,other,werk420_form-angle_black_2025_cil.jpg,werk420_form-side_black_2025_cil.jpg,,2,cd8e3d6b-b4c7-4fdc-939c-7229ab4c3aad
ATC WeRK,WeRK420,Heavyweight Fleece Hood,Caramel,,True,True,False,other,werk420_form-angle_caramel_2025_cil.jpg,werk420_form-side_caramel_2025_cil.jpg,,2,cd8e3d6b-b4c7-4fdc-939c-7229ab4c3aad
ATC WeRK,WeRK420,Heavyweight Fleece Hood,Dark Navy,,True,True,False,other,werk420_form-angle_dark-navy_2025_cil.jpg,werk420_form-side_dark-navy_2025_cil.jpg,,2,cd8e3d6b-b4c7-4fdc-939c-7229ab4c3aad
ATC WeRK,WeRK420,Heavyweight Fleece Hood,Safety Orange,,True,True,False,other,werk420_form-angle_safety-orange_2025_cil.jpg,werk420_form-side_safety-orange_2025_cil.jpg,,2,cd8e3d6b-b4c7-4fdc-939c-7229ab4c3aad
ATC WeRK,WeRK420,Heavyweight Fleece Hood,Safety Yellow,,True,True,False,other,werk420_form-angle_safety-yellow_2025_cil.jpg,werk420_form-side_safety-yellow_2025_cil.jpg,,2,cd8e3d6b-b4c7-4fdc-939c-7229ab4c3aad
ATC WeRK,WeRK420,Heavyweight Fleece Hood,Sand,,True,True,False,other,werk420_form-angle_sand_2025_cil.jpg,werk420_form-side_sand_2025_cil.jpg,,2,cd8e3d6b-b4c7-4fdc-939c-7229ab4c3aad
ATC WeRK,WeRK421,Heavyweight Fleece Crewneck,Athletic Grey,,True,True,False,other,werk421_form-angle_athletic-grey_2025_cil.jpg,werk421_form-side_athletic-grey_2025_cil.jpg,,2,2c8e0445-480f-47f2-8e7c-b6c16640ff03
ATC WeRK,WeRK421,Heavyweight Fleece Crewneck,Black,,True,True,False,other,werk421_form-angle_black_2025_cil.jpg,werk421_form-side_black_2025_cil.jpg,,2,2c8e0445-480f-47f2-8e7c-b6c16640ff03
ATC WeRK,WeRK421,Heavyweight Fleece Crewneck,Caramel,,True,True,False,other,werk421_form-angle_caramel_2025_cil.jpg,werk421_form-side_caramel_2025_cil.jpg,,2,2c8e0445-480f-47f2-8e7c-b6c16640ff03
ATC WeRK,WeRK421,Heavyweight Fleece Crewneck,Dark Navy,,True,True,False,other,werk421_form-angle_dark-navy_2025_cil.jpg,werk421_form-side_dark-navy_2025_cil.jpg,,2,2c8e0445-480f-47f2-8e7c-b6c16640ff03
ATC WeRK,WeRK421,Heavyweight Fleece Crewneck,Safety Orange,,True,True,False,other,werk421_form-angle_safety-orange_2025_cil.jpg,werk421_form-side_safety-orange_2025_cil.jpg,,2,2c8e0445-480f-47f2-8e7c-b6c16640ff03
ATC WeRK,WeRK421,Heavyweight Fleece Crewneck,Safety Yellow,,True,True,False,other,werk421_form-angle_safety-yellow_2025_cil.jpg,werk421_form-side_safety-yellow_2025_cil.jpg,,2,2c8e0445-480f-47f2-8e7c-b6c16640ff03
ATC WeRK,WeRK421,Heavyweight Fleece Crewneck,Sand,,True,True,False,other,werk421_form-angle_sand_2025_cil.jpg,werk421_form-side_sand_2025_cil.jpg,,2,2c8e0445-480f-47f2-8e7c-b6c16640ff03
ATC WeRK,WeRK422,Heavyweight Fleece FZ Hood,Athletic Grey,,True,True,False,other,werk422_form-angle_athletic-grey_2025_cil.jpg,werk422_form-side_athletic-grey_2025_cil.jpg,,2,4efe08b3-9cae-4960-9c6f-bc32154e2374
ATC WeRK,WeRK422,Heavyweight Fleece FZ Hood,Black,,True,True,False,other,werk422_form-angle_black_2025_cil.jpg,werk422_form-side_black_2025_cil.jpg,,2,4efe08b3-9cae-4960-9c6f-bc32154e2374
ATC WeRK,WeRK422,Heavyweight Fleece FZ Hood,Caramel,,True,True,False,other,werk422_form-angle_caramel_2025_cil.jpg,werk422_form-side_caramel_2025_cil.jpg,,2,4efe08b3-9cae-4960-9c6f-bc32154e2374
ATC WeRK,WeRK422,Heavyweight Fleece FZ Hood,Dark Navy,,True,True,False,other,werk422_form-angle_dark-navy_2025_cil.jpg,werk422_form-side_dark-navy_2025_cil.jpg,,2,4efe08b3-9cae-4960-9c6f-bc32154e2374
ATC WeRK,WeRK422,Heavyweight Fleece FZ Hood,Safety Orange,,True,True,False,other,werk422_form-angle_safety-orange_2025_cil.jpg,werk422_form-side_safety-orange_2025_cil.jpg,,2,4efe08b3-9cae-4960-9c6f-bc32154e2374
ATC WeRK,WeRK422,Heavyweight Fleece FZ Hood,Safety Yellow,,True,True,False,other,werk422_form-angle_safety-yellow_2025_cil.jpg,werk422_form-side_safety-yellow_2025_cil.jpg,,2,4efe08b3-9cae-4960-9c6f-bc32154e2374
ATC WeRK,WeRK422,Heavyweight Fleece FZ Hood,Sand,,True,True,False,other,werk422_form-angle_sand_2025_cil.jpg,werk422_form-side_sand_2025_cil.jpg,,2,4efe08b3-9cae-4960-9c6f-bc32154e2374
ATC WeRK Accsry,WERK1207,Fleece Lined Knit Cuff Beanie,Black,,True,False,False,other,werk1207_form-front_black_2025_cil.jpg,,,1,e106356e-cab2-4de0-a9c1-59350fa8cc75
ATC WeRK Accsry,WERK1207,Fleece Lined Knit Cuff Beanie,Black.Hthr,,False,False,False,,,,,0,e106356e-cab2-4de0-a9c1-59350fa8cc75
ATC WeRK Accsry,WERK1207,Fleece Lined Knit Cuff Beanie,Caramel,,True,False,False,other,werk1207_form-front_caramel_2025_cil.jpg,,,1,e106356e-cab2-4de0-a9c1-59350fa8cc75
ATC WeRK Accsry,WERK1207,Fleece Lined Knit Cuff Beanie,Dark Spruce,,True,False,False,other,werk1207_flat-front_dark-spruce_2026_cil.jpg,,,1,e106356e-cab2-4de0-a9c1-59350fa8cc75
ATC WeRK Accsry,WERK1207,Fleece Lined Knit Cuff Beanie,Granite Hthr,,False,False,False,,,,,0,e106356e-cab2-4de0-a9c1-59350fa8cc75
ATC WeRK Accsry,WERK1207,Fleece Lined Knit Cuff Beanie,Greystone,,True,False,False,other,werk1207_flat-front_greystone_2026_cil.jpg,,,1,e106356e-cab2-4de0-a9c1-59350fa8cc75
ATC WeRK Accsry,WERK1207,Fleece Lined Knit Cuff Beanie,Military Grn,,False,False,False,,,,,0,e106356e-cab2-4de0-a9c1-59350fa8cc75
ATC WeRK Accsry,WERK1207,Fleece Lined Knit Cuff Beanie,Navy,,True,False,False,other,werk1207_form-front_navy_2025_cil.jpg,,,1,e106356e-cab2-4de0-a9c1-59350fa8cc75
ATC WeRK Accsry,WERK1207,Fleece Lined Knit Cuff Beanie,Oatmeal Hthr,,False,False,False,,,,,0,e106356e-cab2-4de0-a9c1-59350fa8cc75
ATC WeRK Accsry,WERK1207,Fleece Lined Knit Cuff Beanie,Orange,,True,False,False,other,werk1207_form-front_orange_2025_cil.jpg,,,1,e106356e-cab2-4de0-a9c1-59350fa8cc75
ATC WeRK Accsry,WERK1207,Fleece Lined Knit Cuff Beanie,Red Cedar,,True,False,False,other,werk1207_flat-front_red-cedar_2026_cil.jpg,,,1,e106356e-cab2-4de0-a9c1-59350fa8cc75
ATC WeRK Accsry,WERK1207,Fleece Lined Knit Cuff Beanie,Safety Yellow,,True,False,False,other,werk1207_form-front_safety-yellow_2025_cil.jpg,,,1,e106356e-cab2-4de0-a9c1-59350fa8cc75
ATC WeRK Accsry,WERK1207,Fleece Lined Knit Cuff Beanie,Sand,,True,False,False,other,werk1207_modl_sand_studio-dark-bg-1_2025_cil.jpg,,,1,e106356e-cab2-4de0-a9c1-59350fa8cc75
ATC WeRK Accsry,WERK1331,Canvas Snapback Cap,Black,,True,True,False,other,werk1331_modl_black_studio-dark-bg-1_2025.jpg,werk1331_form-inside_black_2025_cil.jpg,,2,bdf887ea-2418-4bd0-8ad7-f69c42519248
ATC WeRK Accsry,WERK1331,Canvas Snapback Cap,Caramel,,True,True,False,other,werk1331_form-angle_caramel_2025_cil.jpg,werk1331_form-inside_caramel_2025_cil.jpg,,2,bdf887ea-2418-4bd0-8ad7-f69c42519248
ATC WeRK Accsry,WERK1331,Canvas Snapback Cap,Grey,,True,True,False,other,werk1331_form-angle_grey_2025_cil.jpg,werk1331_form-inside_grey_2025_cil.jpg,,2,bdf887ea-2418-4bd0-8ad7-f69c42519248
ATC WeRK Accsry,WERK1333,Canvas Snapback Trucker Cap,Black,,True,True,False,other,werk1333_modl_grey_black_studio-brand-bckgrnd_2025.jpg,werk1333_form-inside_black_black_2025_cil.jpg,,2,90e6cc7d-080b-4043-afcf-7b3cb8fd7289
ATC WeRK Accsry,WERK1333,Canvas Snapback Trucker Cap,Caramel,,True,True,False,other,werk1333_form-angle_caramel_chocolate_2025_cil.jpg,werk1333_form-inside_caramel_chocolate_2025_cil.jpg,,2,90e6cc7d-080b-4043-afcf-7b3cb8fd7289
ATC WeRK Accsry,WERK1333,Canvas Snapback Trucker Cap,Grey,,False,False,False,,,,,0,90e6cc7d-080b-4043-afcf-7b3cb8fd7289
Allmade,AL2004CA,Unisex Tri-Blend Tee,Aluminum Grey,,True,False,True,flat,al2004ca_flat_aluminum-grey_front_2025_cil.jpg,,al2004ca_flat_aluminum-grey_back_2025_cil.jpg,2,c8448ae1-c62a-46de-8b32-e507c798448a
Allmade,AL2004CA,Unisex Tri-Blend Tee,Azure Blue,,True,False,True,flat,al2004ca_flat_azure-blue_front_2025_cil.jpg,,al2004ca_flat_azure-blue_back_2025_cil.jpg,2,c8448ae1-c62a-46de-8b32-e507c798448a
Allmade,AL2004CA,Unisex Tri-Blend Tee,Bright White,,True,False,True,flat,al2004ca_flat_bright-white_front_2025_cil.jpg,,al2004ca_flat_bright-white_back_2025_cil.jpg,2,c8448ae1-c62a-46de-8b32-e507c798448a
Allmade,AL2004CA,Unisex Tri-Blend Tee,Deep Black,,True,False,True,flat,al2004ca_flat_deep-black_front_2025_cil.jpg,,al2004ca_flat_deep-black_back_2025_cil.jpg,2,c8448ae1-c62a-46de-8b32-e507c798448a
Allmade,AL2004CA,Unisex Tri-Blend Tee,DeepSeaGreen,,False,False,False,,,,,0,c8448ae1-c62a-46de-8b32-e507c798448a
Allmade,AL2004CA,Unisex Tri-Blend Tee,Huckleberry,,True,False,True,model,al2004ca_modl_huckleberry_studio-front_crop_2025_cil.jpg,,al2004ca_flat_huckleberry_back_2025_cil.jpg,2,c8448ae1-c62a-46de-8b32-e507c798448a
Allmade,AL2004CA,Unisex Tri-Blend Tee,NightSkyNavy,,False,False,False,,,,,0,c8448ae1-c62a-46de-8b32-e507c798448a
Allmade,AL2004CA,Unisex Tri-Blend Tee,OliveYouGreen,,False,False,False,,,,,0,c8448ae1-c62a-46de-8b32-e507c798448a
Allmade,AL2004CA,Unisex Tri-Blend Tee,Rise Up Red,,True,False,True,flat,al2004ca_flat_rise-up-red_front_2025_cil.jpg,,al2004ca_flat_rise-up-red_back_2025_cil.jpg,2,c8448ae1-c62a-46de-8b32-e507c798448a
Allmade,AL2004CA,Unisex Tri-Blend Tee,Space Black,,True,False,True,flat,al2004ca_flat_space-black_front_2025_cil.jpg,,al2004ca_flat_space-black_back_2025_cil.jpg,2,c8448ae1-c62a-46de-8b32-e507c798448a
Allmade,AL2015CA,Womens TriBlend Scoop Neck Tee,Aluminum Grey,,True,False,True,flat,al2015ca_flat_aluminum-grey_front_2025_cil.jpg,,al2015ca_flat_aluminum-grey_back_2025_cil.jpg,2,f956fd34-30ac-40ac-bdb7-f905be2a2b03
Allmade,AL2015CA,Womens TriBlend Scoop Neck Tee,Azure Blue,,True,False,True,model,al2015ca_modl_azure-blue_studio-front_crop_2025_cil.jpg,,al2015ca_flat_azure-blue_back_2025_cil.jpg,2,f956fd34-30ac-40ac-bdb7-f905be2a2b03
Allmade,AL2015CA,Womens TriBlend Scoop Neck Tee,Bright White,,True,False,True,flat,al2015ca_flat_bright-white_front_2025_cil.jpg,,al2015ca_flat_bright-white_back_2025_cil.jpg,2,f956fd34-30ac-40ac-bdb7-f905be2a2b03
Allmade,AL2015CA,Womens TriBlend Scoop Neck Tee,Deep Black,,True,False,True,flat,al2015ca_flat_deep-black_front_2025_cil.jpg,,al2015ca_flat_deep-black_back_2025_cil.jpg,2,f956fd34-30ac-40ac-bdb7-f905be2a2b03
Allmade,AL2015CA,Womens TriBlend Scoop Neck Tee,DeepSeaGreen,,False,False,False,,,,,0,f956fd34-30ac-40ac-bdb7-f905be2a2b03
Allmade,AL2015CA,Womens TriBlend Scoop Neck Tee,Huckleberry,,True,False,True,flat,al2015ca_flat_huckleberry_front_2025_cil.jpg,,al2015ca_flat_huckleberry_back_2025_cil.jpg,2,f956fd34-30ac-40ac-bdb7-f905be2a2b03
Allmade,AL2015CA,Womens TriBlend Scoop Neck Tee,NightSkyNavy,,False,False,False,,,,,0,f956fd34-30ac-40ac-bdb7-f905be2a2b03
Allmade,AL2015CA,Womens TriBlend Scoop Neck Tee,OliveYouGreen,,False,False,False,,,,,0,f956fd34-30ac-40ac-bdb7-f905be2a2b03
Allmade,AL2015CA,Womens TriBlend Scoop Neck Tee,Rise Up Red,,True,False,True,flat,al2015ca_flat_rise-up-red_front_2025_cil.jpg,,al2015ca_flat_rise-up-red_back_2025_cil.jpg,2,f956fd34-30ac-40ac-bdb7-f905be2a2b03
Allmade,AL2015CA,Womens TriBlend Scoop Neck Tee,Space Black,,True,False,True,flat,al2015ca_flat_space-black_front_2025_cil.jpg,,al2015ca_flat_space-black_back_2025_cil.jpg,2,f956fd34-30ac-40ac-bdb7-f905be2a2b03
Allmade,AL207CA,Youth Tri-Blend Tee,Aluminum Grey,,True,False,True,flat,al207ca_flat_aluminum-grey_front_2025_cil.jpg,,al207ca_flat_aluminum-grey_back_2025_cil.jpg,2,9309701c-65fc-4e09-bed7-74453839ad85
Allmade,AL207CA,Youth Tri-Blend Tee,Azure Blue,,True,False,True,flat,al207ca_flat_azure-blue_front_2025_cil.jpg,,al207ca_flat_azure-blue_back_2025_cil.jpg,2,9309701c-65fc-4e09-bed7-74453839ad85
Allmade,AL207CA,Youth Tri-Blend Tee,Bright White,,True,False,True,flat,al207ca_flat_bright-white_front_2025_cil.jpg,,al207ca_flat_bright-white_back_2025_cil.jpg,2,9309701c-65fc-4e09-bed7-74453839ad85
Allmade,AL207CA,Youth Tri-Blend Tee,Deep Black,,True,False,True,flat,al207ca_flat_deep-black_front_2025_cil.jpg,,al207ca_flat_deep-black_back_2025_cil.jpg,2,9309701c-65fc-4e09-bed7-74453839ad85
Allmade,AL207CA,Youth Tri-Blend Tee,DeepSeaGreen,,False,False,False,,,,,0,9309701c-65fc-4e09-bed7-74453839ad85
Allmade,AL207CA,Youth Tri-Blend Tee,Huckleberry,,True,False,True,flat,al207ca_flat_huckleberry_front_2025_cil.jpg,,al207ca_flat_huckleberry_back_2025_cil.jpg,2,9309701c-65fc-4e09-bed7-74453839ad85
Allmade,AL207CA,Youth Tri-Blend Tee,NightSkyNavy,,False,False,False,,,,,0,9309701c-65fc-4e09-bed7-74453839ad85
Allmade,AL207CA,Youth Tri-Blend Tee,OliveYouGreen,,False,False,False,,,,,0,9309701c-65fc-4e09-bed7-74453839ad85
Allmade,AL207CA,Youth Tri-Blend Tee,Rise Up Red,,True,False,True,flat,al207ca_flat_rise-up-red_front_2025_cil.jpg,,al207ca_flat_rise-up-red_back_2025_cil.jpg,2,9309701c-65fc-4e09-bed7-74453839ad85
Allmade,AL207CA,Youth Tri-Blend Tee,Space Black,,True,False,True,flat,al207ca_flat_space-black_front_2025_cil.jpg,,al207ca_flat_space-black_back_2025_cil.jpg,2,9309701c-65fc-4e09-bed7-74453839ad85
Allmade,AL2100CA,Unisex Organic Cotton Tee,Arctic Blue,,True,False,True,flat,al2100ca_flat_arctic-blue_front_2025_cil.jpg,,al2100ca_flat_arctic-blue_back_2025_cil.jpg,2,01de1691-d913-4a1e-825d-f33471a0a0f6
Allmade,AL2100CA,Unisex Organic Cotton Tee,Beacon Blue,,True,False,True,flat,al2100ca_flat_beacon-blue_front_2025_cil.jpg,,al2100ca_flat_beacon-blue_back_2025_cil.jpg,2,01de1691-d913-4a1e-825d-f33471a0a0f6
Allmade,AL2100CA,Unisex Organic Cotton Tee,Bright White,,True,False,True,flat,al2100ca_flat_bright-white_front_2025_cil.jpg,,al2100ca_flat_bright-white_back_2025_cil.jpg,2,01de1691-d913-4a1e-825d-f33471a0a0f6
Allmade,AL2100CA,Unisex Organic Cotton Tee,Canyon Drift,,True,False,True,flat,al2100ca_flat_canyon-drift_front_2025_cil.jpg,,al2100ca_flat_canyon-drift_back_2025_cil.jpg,2,01de1691-d913-4a1e-825d-f33471a0a0f6
Allmade,AL2100CA,Unisex Organic Cotton Tee,Deep Black,,True,False,True,model,al2100ca_modl_deep-black_studio-front_crop_2025_cil.jpg,,al2100ca_flat_deep-black_back_2025_cil.jpg,2,01de1691-d913-4a1e-825d-f33471a0a0f6
Allmade,AL2100CA,Unisex Organic Cotton Tee,Matcha Green,,True,False,True,flat,al2100ca_flat_matcha_green_front_2025_cil.jpg,,al2100ca_flat_matcha-green_back_2025_cil.jpg,2,01de1691-d913-4a1e-825d-f33471a0a0f6
Allmade,AL2100CA,Unisex Organic Cotton Tee,NightSkyNavy,,False,False,False,,,,,0,01de1691-d913-4a1e-825d-f33471a0a0f6
Allmade,AL2100CA,Unisex Organic Cotton Tee,RevolutionRed,,False,False,False,,,,,0,01de1691-d913-4a1e-825d-f33471a0a0f6
Allmade,AL2100CA,Unisex Organic Cotton Tee,Terrain Grey,,True,False,True,flat,al2100ca_flat_terrain-grey_front_2025_cil.jpg,,al2100ca_flat_terrain-grey_back_2025_cil.jpg,2,01de1691-d913-4a1e-825d-f33471a0a0f6
Allmade,AL2100CA,Unisex Organic Cotton Tee,White Sand,,True,False,True,flat,al2100ca_flat_white-sand_front_2025_cil.jpg,,al2100ca_flat_white-sand_back_2025_cil.jpg,2,01de1691-d913-4a1e-825d-f33471a0a0f6
Allmade,AL2108CA,Women Organic Cotton Scoop Tee,Arctic Blue,,True,False,True,flat,al2108ca_flat_arctic-blue_front_2025_cil.jpg,,al2108ca_flat_arctic-blue_back_2025_cil.jpg,2,f8fdef55-4a1f-42f0-b273-12d77c4f79eb
Allmade,AL2108CA,Women Organic Cotton Scoop Tee,Beacon Blue,,True,False,True,flat,al2108ca_flat_beacon-blue_front_2025_cil.jpg,,al2108ca_flat_beacon-blue_back_2025_cil.jpg,2,f8fdef55-4a1f-42f0-b273-12d77c4f79eb
Allmade,AL2108CA,Women Organic Cotton Scoop Tee,Bright White,,True,False,True,flat,al2108ca_flat_bright-white_front_2025_cil.jpg,,al2108ca_flat_bright-white_back_2025_cil.jpg,2,f8fdef55-4a1f-42f0-b273-12d77c4f79eb
Allmade,AL2108CA,Women Organic Cotton Scoop Tee,Canyon Drift,,True,False,True,flat,al2108ca_flat_canyon-drift_front_2025_cil.jpg,,al2108ca_flat_canyon-drift_back_2025_cil.jpg,2,f8fdef55-4a1f-42f0-b273-12d77c4f79eb
Allmade,AL2108CA,Women Organic Cotton Scoop Tee,Deep Black,,True,False,True,flat,al2108ca_flat_deep-black_front_2025_cil.jpg,,al2108ca_flat_deep-black_back_2025_cil.jpg,2,f8fdef55-4a1f-42f0-b273-12d77c4f79eb
Allmade,AL2108CA,Women Organic Cotton Scoop Tee,Matcha Green,,True,False,True,flat,al2108ca_flat_matcha-green_front_2025_cil.jpg,,al2108ca_flat_matcha-green_back_2025_cil.jpg,2,f8fdef55-4a1f-42f0-b273-12d77c4f79eb
Allmade,AL2108CA,Women Organic Cotton Scoop Tee,NightSkyNavy,,False,False,False,,,,,0,f8fdef55-4a1f-42f0-b273-12d77c4f79eb
Allmade,AL2108CA,Women Organic Cotton Scoop Tee,RevolutionRed,,False,False,False,,,,,0,f8fdef55-4a1f-42f0-b273-12d77c4f79eb
Allmade,AL2108CA,Women Organic Cotton Scoop Tee,Terrain Grey,,True,False,True,flat,al2108ca_flat_terrain-grey_front_2025_cil.jpg,,al2108ca_flat_terrain-grey_back_2025_cil.jpg,2,f8fdef55-4a1f-42f0-b273-12d77c4f79eb
Allmade,AL2108CA,Women Organic Cotton Scoop Tee,White Sand,,True,False,True,flat,al2108ca_flat_white-sand_front_2025_cil.jpg,,al2108ca_flat_white-sand_back_2025_cil.jpg,2,f8fdef55-4a1f-42f0-b273-12d77c4f79eb
Allmade,AL210CA,Youth Organic Cotton Tee,Arctic Blue,,True,False,True,flat,al210ca_flat_arctic-blue_front_2025_cil.jpg,,al210ca_flat_arctic-blue_back_2025_cil.jpg,2,66d0542a-43a1-4994-83ff-2d88ecb47b20
Allmade,AL210CA,Youth Organic Cotton Tee,Beacon Blue,,True,False,True,flat,al210ca_flat_beacon-blue_front_2025_cil.jpg,,al210ca_flat_beacon-blue_back_2025_cil.jpg,2,66d0542a-43a1-4994-83ff-2d88ecb47b20
Allmade,AL210CA,Youth Organic Cotton Tee,Bright White,,True,False,True,flat,al210ca_flat_bright-white_front_2025_cil.jpg,,al210ca_flat_bright-white_back_2025_cil.jpg,2,66d0542a-43a1-4994-83ff-2d88ecb47b20
Allmade,AL210CA,Youth Organic Cotton Tee,Canyon Drift,,True,False,True,model,al210ca_modl_canyon-drift_studio-front_crop_2025_cil.jpg,,al210ca_flat_canyon-drift_back_2025_cil.jpg,2,66d0542a-43a1-4994-83ff-2d88ecb47b20
Allmade,AL210CA,Youth Organic Cotton Tee,Deep Black,,True,False,True,flat,al210ca_flat_deep-black_front_2025_cil.jpg,,al210ca_flat_deep-black_back_2025_cil.jpg,2,66d0542a-43a1-4994-83ff-2d88ecb47b20
Allmade,AL210CA,Youth Organic Cotton Tee,Matcha Green,,True,False,True,flat,al210ca_flat_matcha-green_front_2025_cil.jpg,,al210ca_flat_matcha-green_back_2025_cil.jpg,2,66d0542a-43a1-4994-83ff-2d88ecb47b20
Allmade,AL210CA,Youth Organic Cotton Tee,NightSkyNavy,,False,False,False,,,,,0,66d0542a-43a1-4994-83ff-2d88ecb47b20
Allmade,AL210CA,Youth Organic Cotton Tee,RevolutionRed,,False,False,False,,,,,0,66d0542a-43a1-4994-83ff-2d88ecb47b20
Allmade,AL210CA,Youth Organic Cotton Tee,Terrain Grey,,True,False,True,flat,al210ca_flat_terrain-grey_front_2025_cil.jpg,,al210ca_flat_terrain-grey_back_2025_cil.jpg,2,66d0542a-43a1-4994-83ff-2d88ecb47b20
Allmade,AL210CA,Youth Organic Cotton Tee,White Sand,,True,False,True,flat,al210ca_flat_white-sand_front_2025_cil.jpg,,al210ca_flat_white-sand_back_2025_cil.jpg,2,66d0542a-43a1-4994-83ff-2d88ecb47b20
Allmade,AL6004CA,Unisex Tri-Blend Long Sleeve T,Azure Blue,,True,False,True,flat,al6004ca_flat_azure-blue_front_2025_cil.jpg,,al6004ca_flat_azure-blue_back_2025_cil.jpg,2,2f818b39-3163-4ae9-9d18-f0bc7f09293e
Allmade,AL6004CA,Unisex Tri-Blend Long Sleeve T,Bright White,,True,False,True,flat,al6004ca_flat_bright-white_front_2025_cil.jpg,,al6004ca_flat_bright-white_back_2025_cil.jpg,2,2f818b39-3163-4ae9-9d18-f0bc7f09293e
Allmade,AL6004CA,Unisex Tri-Blend Long Sleeve T,Deep Black,,True,False,True,flat,al6004ca_flat_deep-black_front_2025_cil.jpg,,al6004ca_flat_deep-black_back_2025_cil.jpg,2,2f818b39-3163-4ae9-9d18-f0bc7f09293e
Allmade,AL6004CA,Unisex Tri-Blend Long Sleeve T,NightSkyNavy,,False,False,False,,,,,0,2f818b39-3163-4ae9-9d18-f0bc7f09293e
Allmade,AL6004CA,Unisex Tri-Blend Long Sleeve T,OliveYouGreen,,False,False,False,,,,,0,2f818b39-3163-4ae9-9d18-f0bc7f09293e
Allmade,AL6004CA,Unisex Tri-Blend Long Sleeve T,Rise Up Red,,True,False,True,flat,al6004ca_flat_rise-up-red_front_2025_cil.jpg,,al6004ca_flat_rise-up-red_back_2025_cil.jpg,2,2f818b39-3163-4ae9-9d18-f0bc7f09293e
Allmade,AL6004CA,Unisex Tri-Blend Long Sleeve T,Space Black,,True,False,True,flat,al6004ca_flat_space-black_front_2025_cil.jpg,,al6004ca_flat_space-black_back_2025_cil.jpg,2,2f818b39-3163-4ae9-9d18-f0bc7f09293e
AuthenticColour,ATC1700,Authentic Colours HVYWGHT TEE,Bay,,True,True,False,other,atc1700_form-angle_bay_2026_cil.jpg,atc1700_form-side_bay_2026_cil.jpg,,2,62ad0213-706c-456c-884a-4164ac976291
AuthenticColour,ATC1700,Authentic Colours HVYWGHT TEE,Berry,,True,True,False,other,atc1700_form-angle_berry_2026_cil.jpg,atc1700_form-side_berry_2026_cil.jpg,,2,62ad0213-706c-456c-884a-4164ac976291
AuthenticColour,ATC1700,Authentic Colours HVYWGHT TEE,Black,,True,True,False,other,atc1700_form-angle_black_2026_cil.jpg,atc1700_form-side_black_2026_cil.jpg,,2,62ad0213-706c-456c-884a-4164ac976291
AuthenticColour,ATC1700,Authentic Colours HVYWGHT TEE,Blossom,,True,True,False,other,atc1700_form-angle_blossom_2026_cil.jpg,atc1700_form-side_blossom_2026_cil.jpg,,2,62ad0213-706c-456c-884a-4164ac976291
AuthenticColour,ATC1700,Authentic Colours HVYWGHT TEE,Blue Jean,,True,True,False,other,atc1700_form-angle_blue-jean_2026_cil.jpg,atc1700_form-side_blue-jean_2026_cil.jpg,,2,62ad0213-706c-456c-884a-4164ac976291
AuthenticColour,ATC1700,Authentic Colours HVYWGHT TEE,Blue Spruce,,True,True,False,other,atc1700_form-angle_blue-spruce_2026_cil.jpg,atc1700_form-side_blue-spruce_2026_cil.jpg,,2,62ad0213-706c-456c-884a-4164ac976291
AuthenticColour,ATC1700,Authentic Colours HVYWGHT TEE,Butter,,True,True,False,other,atc1700_form-angle_butter_2026_cil.jpg,atc1700_form-side_butter_2026_cil.jpg,,2,62ad0213-706c-456c-884a-4164ac976291
AuthenticColour,ATC1700,Authentic Colours HVYWGHT TEE,Chambray,,True,True,False,other,atc1700_form-angle_chambray_2026_cil.jpg,atc1700_form-side_chambray_2026_cil.jpg,,2,62ad0213-706c-456c-884a-4164ac976291
AuthenticColour,ATC1700,Authentic Colours HVYWGHT TEE,Flo Blue,,True,True,False,other,atc1700_form-angle_flo-blue_2026_cil.jpg,atc1700_form-side_flo-blue_2026_cil.jpg,,2,62ad0213-706c-456c-884a-4164ac976291
AuthenticColour,ATC1700,Authentic Colours HVYWGHT TEE,Graphite,,True,True,False,other,atc1700_form-angle_graphite_2026_cil.jpg,atc1700_form-side_graphite_2026_cil.jpg,,2,62ad0213-706c-456c-884a-4164ac976291
AuthenticColour,ATC1700,Authentic Colours HVYWGHT TEE,Ivory,,True,True,False,other,atc1700_form-angle_ivory_2026_cil.jpg,atc1700_form-side_ivory_2026_cil.jpg,,2,62ad0213-706c-456c-884a-4164ac976291
AuthenticColour,ATC1700,Authentic Colours HVYWGHT TEE,Light Green,,True,True,False,other,atc1700_form-angle_light-green_2026_cil.jpg,atc1700_form-side_light-green_2026_cil.jpg,,2,62ad0213-706c-456c-884a-4164ac976291
AuthenticColour,ATC1700,Authentic Colours HVYWGHT TEE,Moss,,True,True,False,other,atc1700_form-angle_moss_2026_cil.jpg,atc1700_form-side_moss_2026_cil.jpg,,2,62ad0213-706c-456c-884a-4164ac976291
AuthenticColour,ATC1700,Authentic Colours HVYWGHT TEE,Mustard,,True,True,False,other,atc1700_form-angle_mustard_2026_cil.jpg,atc1700_form-side_mustard_2026_cil.jpg,,2,62ad0213-706c-456c-884a-4164ac976291
AuthenticColour,ATC1700,Authentic Colours HVYWGHT TEE,Orchid,,True,True,False,other,atc1700_form-angle_orchid_2026_cil.jpg,atc1700_form-side_orchid_2026_cil.jpg,,2,62ad0213-706c-456c-884a-4164ac976291
AuthenticColour,ATC1700,Authentic Colours HVYWGHT TEE,Pepper,,True,True,False,other,atc1700_form-angle_pepper_2026_cil.jpg,atc1700_form-side_pepper_2026_cil.jpg,,2,62ad0213-706c-456c-884a-4164ac976291
AuthenticColour,ATC1700,Authentic Colours HVYWGHT TEE,Sandstone,,True,True,False,other,atc1700_form-angle_sandstone_2026_cil.jpg,atc1700_form-side_sandstone_2026_cil.jpg,,2,62ad0213-706c-456c-884a-4164ac976291
AuthenticColour,ATC1700,Authentic Colours HVYWGHT TEE,True Navy,,True,True,False,other,atc1700_form-angle_true-navy_2026_cil.jpg,atc1700_form-side_true-navy_2026_cil.jpg,,2,62ad0213-706c-456c-884a-4164ac976291
AuthenticColour,ATC1700,Authentic Colours HVYWGHT TEE,White,,True,True,False,other,atc1700_form-angle_white_2026_cil.jpg,atc1700_form-side_white_2026_cil.jpg,,2,62ad0213-706c-456c-884a-4164ac976291
AuthenticColour,ATC1700,Authentic Colours HVYWGHT TEE,Yam,,True,True,False,other,atc1700_modl_yam_crop_2026_cil.jpg,atc1700_form-side_yam_2026_cil.jpg,,2,62ad0213-706c-456c-884a-4164ac976291
AuthenticColour,ATC1700L,Authentic Colours hvwt wms tee,Berry,,True,True,False,other,atc1700l_form-angle_berry_2026_cil.jpg,atc1700l_form-side_berry_2026_cil.jpg,,2,0495d652-d549-4dca-b082-af9a8cd3f411
AuthenticColour,ATC1700L,Authentic Colours hvwt wms tee,Black,,True,True,False,other,atc1700l_form-angle_black_2026_cil.jpg,atc1700l_form-side_black_2026_cil.jpg,,2,0495d652-d549-4dca-b082-af9a8cd3f411
AuthenticColour,ATC1700L,Authentic Colours hvwt wms tee,Blossom,,True,True,False,other,atc1700l_form-angle_blossom_2026_cil.jpg,atc1700l_form-side_blossom_2026_cil.jpg,,2,0495d652-d549-4dca-b082-af9a8cd3f411
AuthenticColour,ATC1700L,Authentic Colours hvwt wms tee,Blue Jean,,True,True,False,other,atc1700l_form-angle_blue-jean_2026_cil.jpg,atc1700l_form-side_blue-jean_2026_cil.jpg,,2,0495d652-d549-4dca-b082-af9a8cd3f411
AuthenticColour,ATC1700L,Authentic Colours hvwt wms tee,Chambray,,True,True,False,other,atc1700l_form-angle_chambray_2026_cil.jpg,atc1700l_form-side_chambray_2026_cil.jpg,,2,0495d652-d549-4dca-b082-af9a8cd3f411
AuthenticColour,ATC1700L,Authentic Colours hvwt wms tee,Ivory,,True,True,False,other,atc1700l_form-angle_ivory_2026_cil.jpg,atc1700l_form-side_ivory_2026_cil.jpg,,2,0495d652-d549-4dca-b082-af9a8cd3f411
AuthenticColour,ATC1700L,Authentic Colours hvwt wms tee,Orchid,,True,True,False,other,atc1700l_modl_orchid_studio_pdp_2026_cil.jpg,atc1700l_form-side_orchid_2026_cil.jpg,,2,0495d652-d549-4dca-b082-af9a8cd3f411
AuthenticColour,ATC1700L,Authentic Colours hvwt wms tee,Pepper,,True,True,False,other,atc1700l_form-angle_pepper_2026_cil.jpg,atc1700l_form-side_pepper_2026_cil.jpg,,2,0495d652-d549-4dca-b082-af9a8cd3f411
AuthenticColour,ATC1700L,Authentic Colours hvwt wms tee,True Navy,,True,True,False,other,atc1700l_form-angle_true-navy_2026_cil.jpg,atc1700l_form-side_true-navy_2026_cil.jpg,,2,0495d652-d549-4dca-b082-af9a8cd3f411
AuthenticColour,ATC1700L,Authentic Colours hvwt wms tee,White,,True,True,False,other,atc1700l_form-angle_white_2026_cil.jpg,atc1700l_form-side_white_2026_cil.jpg,,2,0495d652-d549-4dca-b082-af9a8cd3f411
AuthenticColour,ATC1700Y,Authentic Colours YTH HVYW TEE,Berry,,True,True,False,other,atc1700y_form-angle_berry_2026_cil.jpg,atc1700y_form-side_berry_2026_cil.jpg,,2,07c97fab-03f3-495b-b6f3-756f8e1a7856
AuthenticColour,ATC1700Y,Authentic Colours YTH HVYW TEE,Black,,True,True,False,other,atc1700y_form-angle_black_2026_cil.jpg,atc1700y_form-side_black_2026_cil.jpg,,2,07c97fab-03f3-495b-b6f3-756f8e1a7856
AuthenticColour,ATC1700Y,Authentic Colours YTH HVYW TEE,Blossom,,True,True,False,other,atc1700y_modl_blossom_crop_2026_cil.jpg,atc1700y_form-side_blossom_2026_cil.jpg,,2,07c97fab-03f3-495b-b6f3-756f8e1a7856
AuthenticColour,ATC1700Y,Authentic Colours YTH HVYW TEE,Blue Jean,,True,True,False,other,atc1700y_form-angle_blue-jean_2026_cil.jpg,atc1700y_form-side_blue-jean_2026_cil.jpg,,2,07c97fab-03f3-495b-b6f3-756f8e1a7856
AuthenticColour,ATC1700Y,Authentic Colours YTH HVYW TEE,Chambray,,True,True,False,other,atc1700y_form-angle_chambray_2026_cil.jpg,atc1700y_form-side_chambray_2026_cil.jpg,,2,07c97fab-03f3-495b-b6f3-756f8e1a7856
AuthenticColour,ATC1700Y,Authentic Colours YTH HVYW TEE,Ivory,,True,True,False,other,atc1700y_form-angle_ivory_2026_cil.jpg,atc1700y_form-side_ivory_2026_cil.jpg,,2,07c97fab-03f3-495b-b6f3-756f8e1a7856
AuthenticColour,ATC1700Y,Authentic Colours YTH HVYW TEE,Orchid,,True,True,False,other,atc1700y_form-angle_orchid_2026_cil.jpg,atc1700y_form-side_orchid_2026_cil.jpg,,2,07c97fab-03f3-495b-b6f3-756f8e1a7856
AuthenticColour,ATC1700Y,Authentic Colours YTH HVYW TEE,Pepper,,True,True,False,other,atc1700y_form-angle_pepper_2026_cil.jpg,atc1700y_form-side_pepper_2026_cil.jpg,,2,07c97fab-03f3-495b-b6f3-756f8e1a7856
AuthenticColour,ATC1700Y,Authentic Colours YTH HVYW TEE,True Navy,,True,True,False,other,atc1700y_form-angle_true-navy_2026_cil.jpg,atc1700y_form-side_true-navy_2026_cil.jpg,,2,07c97fab-03f3-495b-b6f3-756f8e1a7856
AuthenticColour,ATC1700Y,Authentic Colours YTH HVYW TEE,White,,True,True,False,other,atc1700y_form-angle_white_2026_cil.jpg,atc1700y_form-side_white_2026_cil.jpg,,2,07c97fab-03f3-495b-b6f3-756f8e1a7856
AuthenticColour,ATC1715,Authentic Colours L/S HVYW TEE,Berry,,True,True,False,other,atc1715_form-angle_berry_2026_cil.jpg,atc1715_form-side_berry_2026_cil.jpg,,2,1a865f56-0f63-4ab7-9b90-d3a3738053fc
AuthenticColour,ATC1715,Authentic Colours L/S HVYW TEE,Black,,True,True,False,other,atc1715_form-angle_black_2026_cil.jpg,atc1715_form-side_black_2026_cil.jpg,,2,1a865f56-0f63-4ab7-9b90-d3a3738053fc
AuthenticColour,ATC1715,Authentic Colours L/S HVYW TEE,Blossom,,True,True,False,other,atc1715_form-angle_blossom_2026_cil.jpg,atc1715_form-side_blossom_2026_cil.jpg,,2,1a865f56-0f63-4ab7-9b90-d3a3738053fc
AuthenticColour,ATC1715,Authentic Colours L/S HVYW TEE,Blue Jean,,True,True,False,other,atc1715_form-angle_blue-jean_2026_cil.jpg,atc1715_form-side_blue-jean_2026_cil.jpg,,2,1a865f56-0f63-4ab7-9b90-d3a3738053fc
AuthenticColour,ATC1715,Authentic Colours L/S HVYW TEE,Blue Spruce,,True,True,False,other,atc1715_form-angle_blue-spruce_2026_cil.jpg,atc1715_form-side_blue-spruce_2026_cil.jpg,,2,1a865f56-0f63-4ab7-9b90-d3a3738053fc
AuthenticColour,ATC1715,Authentic Colours L/S HVYW TEE,Ivory,,True,True,False,other,atc1715_form-angle_ivory_2026_cil.jpg,atc1715_form-side_ivory_2026_cil.jpg,,2,1a865f56-0f63-4ab7-9b90-d3a3738053fc
AuthenticColour,ATC1715,Authentic Colours L/S HVYW TEE,Mustard,,True,True,False,other,atc1715_modl_mustard_crop_2026_cil.jpg,atc1715_form-side_mustard_2026_cil.jpg,,2,1a865f56-0f63-4ab7-9b90-d3a3738053fc
AuthenticColour,ATC1715,Authentic Colours L/S HVYW TEE,Pepper,,True,True,False,other,atc1715_form-angle_pepper_2026_cil.jpg,atc1715_form-side_pepper_2026_cil.jpg,,2,1a865f56-0f63-4ab7-9b90-d3a3738053fc
AuthenticColour,ATC1715,Authentic Colours L/S HVYW TEE,True Navy,,True,True,False,other,atc1715_form-angle_true-navy_2026_cil.jpg,atc1715_form-side_true-navy_2026_cil.jpg,,2,1a865f56-0f63-4ab7-9b90-d3a3738053fc
AuthenticColour,ATC1715,Authentic Colours L/S HVYW TEE,White,,True,True,False,other,atc1715_form-angle_white_2026_cil.jpg,atc1715_form-side_white_2026_cil.jpg,,2,1a865f56-0f63-4ab7-9b90-d3a3738053fc
AuthenticColour,ATC1766,Authentic Colours LTWGHT Crew,Ant. Chambray,,False,False,False,,,,,0,f93cde57-3fe6-4cd6-b747-f2f4ead0d872
AuthenticColour,ATC1766,Authentic Colours LTWGHT Crew,Berry,,False,False,False,,,,,0,f93cde57-3fe6-4cd6-b747-f2f4ead0d872
AuthenticColour,ATC1766,Authentic Colours LTWGHT Crew,Black,,False,False,False,,,,,0,f93cde57-3fe6-4cd6-b747-f2f4ead0d872
AuthenticColour,ATC1766,Authentic Colours LTWGHT Crew,Blossom,,False,False,False,,,,,0,f93cde57-3fe6-4cd6-b747-f2f4ead0d872
AuthenticColour,ATC1766,Authentic Colours LTWGHT Crew,Blue Jean,,False,False,False,,,,,0,f93cde57-3fe6-4cd6-b747-f2f4ead0d872
AuthenticColour,ATC1766,Authentic Colours LTWGHT Crew,Butter,,False,False,False,,,,,0,f93cde57-3fe6-4cd6-b747-f2f4ead0d872
AuthenticColour,ATC1766,Authentic Colours LTWGHT Crew,Graphite,,False,False,False,,,,,0,f93cde57-3fe6-4cd6-b747-f2f4ead0d872
AuthenticColour,ATC1766,Authentic Colours LTWGHT Crew,Ivory,,False,False,False,,,,,0,f93cde57-3fe6-4cd6-b747-f2f4ead0d872
AuthenticColour,ATC1766,Authentic Colours LTWGHT Crew,Light Green,,False,False,False,,,,,0,f93cde57-3fe6-4cd6-b747-f2f4ead0d872
AuthenticColour,ATC1766,Authentic Colours LTWGHT Crew,Moss,,False,False,False,,,,,0,f93cde57-3fe6-4cd6-b747-f2f4ead0d872
AuthenticColour,ATC1766,Authentic Colours LTWGHT Crew,Orchid,,False,False,False,,,,,0,f93cde57-3fe6-4cd6-b747-f2f4ead0d872
AuthenticColour,ATC1766,Authentic Colours LTWGHT Crew,Pepper,,False,False,False,,,,,0,f93cde57-3fe6-4cd6-b747-f2f4ead0d872
AuthenticColour,ATC1766,Authentic Colours LTWGHT Crew,Sandstone,,False,False,False,,,,,0,f93cde57-3fe6-4cd6-b747-f2f4ead0d872
AuthenticColour,ATC1766,Authentic Colours LTWGHT Crew,True Navy,,False,False,False,,,,,0,f93cde57-3fe6-4cd6-b747-f2f4ead0d872
AuthenticColour,ATC1766,Authentic Colours LTWGHT Crew,White,,False,False,False,,,,,0,f93cde57-3fe6-4cd6-b747-f2f4ead0d872
AuthenticColour,ATC1766L,Authentic Colours LTWT WMS CRW,Ant. Chambray,,False,False,False,,,,,0,1b3ba265-32b1-47dc-9b43-567321ea4325
AuthenticColour,ATC1766L,Authentic Colours LTWT WMS CRW,Berry,,False,False,False,,,,,0,1b3ba265-32b1-47dc-9b43-567321ea4325
AuthenticColour,ATC1766L,Authentic Colours LTWT WMS CRW,Black,,False,False,False,,,,,0,1b3ba265-32b1-47dc-9b43-567321ea4325
AuthenticColour,ATC1766L,Authentic Colours LTWT WMS CRW,Blossom,,False,False,False,,,,,0,1b3ba265-32b1-47dc-9b43-567321ea4325
AuthenticColour,ATC1766L,Authentic Colours LTWT WMS CRW,Blue Jean,,False,False,False,,,,,0,1b3ba265-32b1-47dc-9b43-567321ea4325
AuthenticColour,ATC1766L,Authentic Colours LTWT WMS CRW,Butter,,False,False,False,,,,,0,1b3ba265-32b1-47dc-9b43-567321ea4325
AuthenticColour,ATC1766L,Authentic Colours LTWT WMS CRW,Graphite,,False,False,False,,,,,0,1b3ba265-32b1-47dc-9b43-567321ea4325
AuthenticColour,ATC1766L,Authentic Colours LTWT WMS CRW,Ivory,,False,False,False,,,,,0,1b3ba265-32b1-47dc-9b43-567321ea4325
AuthenticColour,ATC1766L,Authentic Colours LTWT WMS CRW,Light Green,,False,False,False,,,,,0,1b3ba265-32b1-47dc-9b43-567321ea4325
AuthenticColour,ATC1766L,Authentic Colours LTWT WMS CRW,Moss,,False,False,False,,,,,0,1b3ba265-32b1-47dc-9b43-567321ea4325
AuthenticColour,ATC1766L,Authentic Colours LTWT WMS CRW,Orchid,,False,False,False,,,,,0,1b3ba265-32b1-47dc-9b43-567321ea4325
AuthenticColour,ATC1766L,Authentic Colours LTWT WMS CRW,Pepper,,False,False,False,,,,,0,1b3ba265-32b1-47dc-9b43-567321ea4325
AuthenticColour,ATC1766L,Authentic Colours LTWT WMS CRW,Sandstone,,False,False,False,,,,,0,1b3ba265-32b1-47dc-9b43-567321ea4325
AuthenticColour,ATC1766L,Authentic Colours LTWT WMS CRW,True Navy,,False,False,False,,,,,0,1b3ba265-32b1-47dc-9b43-567321ea4325
AuthenticColour,ATC1766L,Authentic Colours LTWT WMS CRW,White,,False,False,False,,,,,0,1b3ba265-32b1-47dc-9b43-567321ea4325
AuthenticColour,ATC1767,Authentic Colours LGTWT Hoodie,Ant. Chambray,,False,False,False,,,,,0,4e169b3a-d59f-4b6f-9f6e-be784adb2a91
AuthenticColour,ATC1767,Authentic Colours LGTWT Hoodie,Berry,,False,False,False,,,,,0,4e169b3a-d59f-4b6f-9f6e-be784adb2a91
AuthenticColour,ATC1767,Authentic Colours LGTWT Hoodie,Black,,False,False,False,,,,,0,4e169b3a-d59f-4b6f-9f6e-be784adb2a91
AuthenticColour,ATC1767,Authentic Colours LGTWT Hoodie,Blossom,,False,False,False,,,,,0,4e169b3a-d59f-4b6f-9f6e-be784adb2a91
AuthenticColour,ATC1767,Authentic Colours LGTWT Hoodie,Blue Jean,,False,False,False,,,,,0,4e169b3a-d59f-4b6f-9f6e-be784adb2a91
AuthenticColour,ATC1767,Authentic Colours LGTWT Hoodie,Butter,,False,False,False,,,,,0,4e169b3a-d59f-4b6f-9f6e-be784adb2a91
AuthenticColour,ATC1767,Authentic Colours LGTWT Hoodie,Graphite,,False,False,False,,,,,0,4e169b3a-d59f-4b6f-9f6e-be784adb2a91
AuthenticColour,ATC1767,Authentic Colours LGTWT Hoodie,Ivory,,False,False,False,,,,,0,4e169b3a-d59f-4b6f-9f6e-be784adb2a91
AuthenticColour,ATC1767,Authentic Colours LGTWT Hoodie,Light Green,,False,False,False,,,,,0,4e169b3a-d59f-4b6f-9f6e-be784adb2a91
AuthenticColour,ATC1767,Authentic Colours LGTWT Hoodie,Moss,,False,False,False,,,,,0,4e169b3a-d59f-4b6f-9f6e-be784adb2a91
AuthenticColour,ATC1767,Authentic Colours LGTWT Hoodie,Orchid,,False,False,False,,,,,0,4e169b3a-d59f-4b6f-9f6e-be784adb2a91
AuthenticColour,ATC1767,Authentic Colours LGTWT Hoodie,Pepper,,False,False,False,,,,,0,4e169b3a-d59f-4b6f-9f6e-be784adb2a91
AuthenticColour,ATC1767,Authentic Colours LGTWT Hoodie,Sandstone,,False,False,False,,,,,0,4e169b3a-d59f-4b6f-9f6e-be784adb2a91
AuthenticColour,ATC1767,Authentic Colours LGTWT Hoodie,True Navy,,False,False,False,,,,,0,4e169b3a-d59f-4b6f-9f6e-be784adb2a91
AuthenticColour,ATC1767,Authentic Colours LGTWT Hoodie,White,,False,False,False,,,,,0,4e169b3a-d59f-4b6f-9f6e-be784adb2a91
AuthenticColour,ATC1768,Authentic Colours LTWT 1/4 Zip,Berry,,False,False,False,,,,,0,f806d861-abee-4b5f-8653-ba9586c4156b
AuthenticColour,ATC1768,Authentic Colours LTWT 1/4 Zip,Black,,False,False,False,,,,,0,f806d861-abee-4b5f-8653-ba9586c4156b
AuthenticColour,ATC1768,Authentic Colours LTWT 1/4 Zip,Blue Jean,,False,False,False,,,,,0,f806d861-abee-4b5f-8653-ba9586c4156b
AuthenticColour,ATC1768,Authentic Colours LTWT 1/4 Zip,Ivory,,False,False,False,,,,,0,f806d861-abee-4b5f-8653-ba9586c4156b
AuthenticColour,ATC1768,Authentic Colours LTWT 1/4 Zip,Moss,,False,False,False,,,,,0,f806d861-abee-4b5f-8653-ba9586c4156b
AuthenticColour,ATC1768,Authentic Colours LTWT 1/4 Zip,Orchid,,False,False,False,,,,,0,f806d861-abee-4b5f-8653-ba9586c4156b
AuthenticColour,ATC1768,Authentic Colours LTWT 1/4 Zip,Pepper,,False,False,False,,,,,0,f806d861-abee-4b5f-8653-ba9586c4156b
AuthenticColour,ATC1768,Authentic Colours LTWT 1/4 Zip,Sandstone,,False,False,False,,,,,0,f806d861-abee-4b5f-8653-ba9586c4156b
AuthenticColour,ATC1768,Authentic Colours LTWT 1/4 Zip,True Navy,,False,False,False,,,,,0,f806d861-abee-4b5f-8653-ba9586c4156b
AuthenticColour,ATC1768,Authentic Colours LTWT 1/4 Zip,White,,False,False,False,,,,,0,f806d861-abee-4b5f-8653-ba9586c4156b
Bella,3000,BASEBALLE LONGSLEEVE,Tan/Army,,False,False,False,,,,,0,b47e654e-6e1c-479c-8075-6508333f5a27
CH Accessories,CHBC1105,"Boardroom 16"" Laptop Sleeve",Black,,False,False,False,,,,,0,af0b731b-fd52-463c-b6d2-bfb5a7b848ee
CH Accessories,CHBC1106,Boardroom Insulated Lunch Bag,Black,,False,False,False,,,,,0,ec3d4722-54d9-4b36-a753-f803510e7b99
CH Accessories,CHBC1106,Boardroom Insulated Lunch Bag,Iron Grey,,False,False,False,,,,,0,ec3d4722-54d9-4b36-a753-f803510e7b99
CH Accessories,CHBC1106,Boardroom Insulated Lunch Bag,Midnight Navy,,False,False,False,,,,,0,ec3d4722-54d9-4b36-a753-f803510e7b99
CH Accessories,CHBC1106,Boardroom Insulated Lunch Bag,Olive Green,,False,False,False,,,,,0,ec3d4722-54d9-4b36-a753-f803510e7b99
CH Accessories,CHBC1107,Boardroom Split Toiletry Bag,Black,,False,False,False,,,,,0,f55e665f-2a61-4931-bb48-d2fd9aa18402
CH Accessories,CHBC1108,Boardroom Garment Bag,Black,,False,False,False,,,,,0,e4633e5a-2743-48bc-b6a9-36b2da9b94d3
CH Accessories,CHBC1109,Boardroom 3-pc Packing CubeSet,Black,,False,False,False,,,,,0,7199698d-ce86-4f7c-bd67-71e94c1b3fb0
CH Accessories,CHBC1110,Boardroom Tech Organizer Bag,Black,,False,False,False,,,,,0,b5d0c64f-f25f-4efd-b1d1-a351e5c58198
CH Everyday,L365,Everyday Snag Resist Lds Polo,Black,,True,True,False,other,l365_form-angle_black_2025_cil.jpg,l365_form-side_black_2025_cil.jpg,,2,9e2d25ba-c295-47b4-bc11-6798eb82fc3a
CH Everyday,L365,Everyday Snag Resist Lds Polo,Bright Blue,,True,True,False,other,l365_form-angle_bright-blue_2025_cil.jpg,l365_form-side_bright-blue_2025_cil.jpg,,2,9e2d25ba-c295-47b4-bc11-6798eb82fc3a
CH Everyday,L365,Everyday Snag Resist Lds Polo,Duck Brown,,True,True,False,other,l365_modl_duck-brown_crop_2025_cil.jpg,l365_form-side_duck-brown_2025_cil.jpg,,2,9e2d25ba-c295-47b4-bc11-6798eb82fc3a
CH Everyday,L365,Everyday Snag Resist Lds Polo,Forest Green,,True,True,False,other,l365_form-angle_forest-green_2025_cil.jpg,l365_form-side_forest-green_2025_cil.jpg,,2,9e2d25ba-c295-47b4-bc11-6798eb82fc3a
CH Everyday,L365,Everyday Snag Resist Lds Polo,Gold,,True,True,False,other,l365_form-angle_gold_2025_cil.jpg,l365_form-side_gold_2025_cil.jpg,,2,9e2d25ba-c295-47b4-bc11-6798eb82fc3a
CH Everyday,L365,Everyday Snag Resist Lds Polo,Iron Grey,,True,True,False,other,l365_form-angle_iron-grey_2025_cil.jpg,l365_form-side_iron-grey_2025_cil.jpg,,2,9e2d25ba-c295-47b4-bc11-6798eb82fc3a
CH Everyday,L365,Everyday Snag Resist Lds Polo,Maroon,,True,True,False,other,l365_form-angle_maroon_2025_cil.jpg,l365_form-side_maroon_2025_cil.jpg,,2,9e2d25ba-c295-47b4-bc11-6798eb82fc3a
CH Everyday,L365,Everyday Snag Resist Lds Polo,Orange,,True,True,False,other,l365_form-angle_orange_2025_cil.jpg,l365_form-side_orange_2025_cil.jpg,,2,9e2d25ba-c295-47b4-bc11-6798eb82fc3a
CH Everyday,L365,Everyday Snag Resist Lds Polo,Purple,,True,True,False,other,l365_form-angle_purple_2025_cil.jpg,l365_form-side_purple_2025_cil.jpg,,2,9e2d25ba-c295-47b4-bc11-6798eb82fc3a
CH Everyday,L365,Everyday Snag Resist Lds Polo,Red,,True,True,False,other,l365_form-angle_red_2025_cil.jpg,l365_form-side_red_2025_cil.jpg,,2,9e2d25ba-c295-47b4-bc11-6798eb82fc3a
CH Everyday,L365,Everyday Snag Resist Lds Polo,Safety Orange,,True,True,False,other,l365_form-angle_safety-orange_2025_cil.jpg,l365_form-side_safety-orange_2025_cil.jpg,,2,9e2d25ba-c295-47b4-bc11-6798eb82fc3a
CH Everyday,L365,Everyday Snag Resist Lds Polo,Safety Yellow,,True,True,False,other,l365_form-angle_safety-yellow_2025_cil.jpg,l365_form-side_safety-yellow_2025_cil.jpg,,2,9e2d25ba-c295-47b4-bc11-6798eb82fc3a
CH Everyday,L365,Everyday Snag Resist Lds Polo,Silver,,True,True,False,other,l365_form-angle_silver_2025_cil.jpg,l365_form-side_silver_2025_cil.jpg,,2,9e2d25ba-c295-47b4-bc11-6798eb82fc3a
CH Everyday,L365,Everyday Snag Resist Lds Polo,True Navy,,True,True,False,other,l365_form-angle_true-navy_2025_cil.jpg,l365_form-side_true-navy_2025_cil.jpg,,2,9e2d25ba-c295-47b4-bc11-6798eb82fc3a
CH Everyday,L365,Everyday Snag Resist Lds Polo,True Royal,,True,True,False,other,l365_form-angle_true-royal_2025_cil.jpg,l365_form-side_true-royal_2025_cil.jpg,,2,9e2d25ba-c295-47b4-bc11-6798eb82fc3a
CH Everyday,L365,Everyday Snag Resist Lds Polo,White,,True,True,False,other,l365_form-angle_white_2025_cil.jpg,l365_form-side_white_2025_cil.jpg,,2,9e2d25ba-c295-47b4-bc11-6798eb82fc3a
CH Everyday,L4007,Everyday Lds' Polo,Black,,True,False,True,other,l4007_form_angle_black_032014.jpg,,l4007_form_back_black_032014.jpg,2,9d8e9d9f-0fe0-44c6-9a29-8a9a50e35d6d
CH Everyday,L4007,Everyday Lds' Polo,BrilliantBlue,,True,False,True,other,l4007_form_angle_brilliantblue_032014.jpg,,l4007_form_back_brilliantblue_032014.jpg,2,9d8e9d9f-0fe0-44c6-9a29-8a9a50e35d6d
CH Everyday,L4007,Everyday Lds' Polo,Deep Purple,,True,False,True,other,l4007_form_angle_deeppurple_032014.jpg,,l4007_form_back_deeppurple_032014.jpg,2,9d8e9d9f-0fe0-44c6-9a29-8a9a50e35d6d
CH Everyday,L4007,Everyday Lds' Polo,Navy,,True,False,True,other,l4007_form_angle_navy_032014.jpg,,l4007_form_back_navy_032014.jpg,2,9d8e9d9f-0fe0-44c6-9a29-8a9a50e35d6d
CH Everyday,L4007,Everyday Lds' Polo,Pink Raspberr,,False,False,False,,,,,0,9d8e9d9f-0fe0-44c6-9a29-8a9a50e35d6d
CH Everyday,L4007,Everyday Lds' Polo,Red,,True,False,True,other,l4007_form_angle_red_032014.jpg,,l4007_form_back_red_032014.jpg,2,9d8e9d9f-0fe0-44c6-9a29-8a9a50e35d6d
CH Everyday,L4007,Everyday Lds' Polo,Royal,,True,False,True,other,l4007_form_angle_royal_032014.jpg,,l4007_form_back_royal_032014.jpg,2,9d8e9d9f-0fe0-44c6-9a29-8a9a50e35d6d
CH Everyday,L4007,Everyday Lds' Polo,Steel Grey,,False,False,False,,,,,0,9d8e9d9f-0fe0-44c6-9a29-8a9a50e35d6d
CH Everyday,L4007,Everyday Lds' Polo,White,,True,False,True,other,l4007_form_angle_white_032014.jpg,,l4007_form_back_white_032014.jpg,2,9d8e9d9f-0fe0-44c6-9a29-8a9a50e35d6d
CH Everyday,L4045,Essential Snag Resist Lds Polo,Black,,False,False,False,,,,,0,2b0d4a77-99f2-4eec-82fb-fc7e4329b6a8
CH Everyday,L4045,Essential Snag Resist Lds Polo,Iron Grey,,False,False,False,,,,,0,2b0d4a77-99f2-4eec-82fb-fc7e4329b6a8
CH Everyday,L4045,Essential Snag Resist Lds Polo,True Navy,,False,False,False,,,,,0,2b0d4a77-99f2-4eec-82fb-fc7e4329b6a8
CH Everyday,L4045,Essential Snag Resist Lds Polo,True Red,,False,False,False,,,,,0,2b0d4a77-99f2-4eec-82fb-fc7e4329b6a8
CH Everyday,L4045,Essential Snag Resist Lds Polo,True Royal,,False,False,False,,,,,0,2b0d4a77-99f2-4eec-82fb-fc7e4329b6a8
CH Everyday,L4045,Essential Snag Resist Lds Polo,White,,False,False,False,,,,,0,2b0d4a77-99f2-4eec-82fb-fc7e4329b6a8
CH Everyday,L4046,Everyday Blend Ladies Polo,Athletic Grey,,True,True,False,other,l4046_form-angle_athletic-grey_2025_cil.jpg,l4046_form-side_athletic-grey_2025_cil.jpg,,2,4c438a65-d521-4758-b5f3-0d986768aa07
CH Everyday,L4046,Everyday Blend Ladies Polo,Black,,True,True,False,other,l4046_form-angle_black_2025_cil.jpg,l4046_form-side_black_2025_cil.jpg,,2,4c438a65-d521-4758-b5f3-0d986768aa07
CH Everyday,L4046,Everyday Blend Ladies Polo,Red,,True,True,False,other,l4046_modl_red_crop-1_2025_cil.jpg,l4046_form-side_red_2025_cil.jpg,,2,4c438a65-d521-4758-b5f3-0d986768aa07
CH Everyday,L4046,Everyday Blend Ladies Polo,True Navy,,True,True,False,other,l4046_form-angle_true-navy_2025_cil.jpg,l4046_form-side_true-navy_2025_cil.jpg,,2,4c438a65-d521-4758-b5f3-0d986768aa07
CH Everyday,L4046,Everyday Blend Ladies Polo,True Royal,,True,True,False,other,l4046_form-angle_true-royal_2025_cil.jpg,l4046_form-side_true-royal_2025_cil.jpg,,2,4c438a65-d521-4758-b5f3-0d986768aa07
CH Everyday,L4046,Everyday Blend Ladies Polo,White,,True,True,False,other,l4046_form-angle_white_2025_cil.jpg,l4046_form-side_white_2025_cil.jpg,,2,4c438a65-d521-4758-b5f3-0d986768aa07
CH Everyday,L4047,Everyday CVC Ladies Polo,Black,,True,True,False,other,l4047_form-angle_black_2025_cil.jpg,l4047_form-side_black_2025_cil.jpg,,2,45197977-c028-4c6d-8b35-c24b6121e545
CH Everyday,L4047,Everyday CVC Ladies Polo,Dk Hthr Grey,,False,False,False,,,,,0,45197977-c028-4c6d-8b35-c24b6121e545
CH Everyday,L4047,Everyday CVC Ladies Polo,Dk Sand,,False,False,False,,,,,0,45197977-c028-4c6d-8b35-c24b6121e545
CH Everyday,L4047,Everyday CVC Ladies Polo,Duck Brown,,True,True,False,other,l4047_modl_duck-brown_crop-2_2025_cil.jpg,l4047_form-side_duck-brown_2025_cil.jpg,,2,45197977-c028-4c6d-8b35-c24b6121e545
CH Everyday,L4047,Everyday CVC Ladies Polo,MilitaryGreen,,False,False,False,,,,,0,45197977-c028-4c6d-8b35-c24b6121e545
CH Everyday,L4047,Everyday CVC Ladies Polo,True Navy,,True,True,False,other,l4047_form-angle_true-navy_2025_cil.jpg,l4047_form-side_true-navy_2025_cil.jpg,,2,45197977-c028-4c6d-8b35-c24b6121e545
CH Everyday,L4047,Everyday CVC Ladies Polo,White,,True,True,False,other,l4047_form-angle_white_2025_cil.jpg,l4047_form-side_white_2025_cil.jpg,,2,45197977-c028-4c6d-8b35-c24b6121e545
CH Everyday,S365,Everyday Snag Resistant Polo,Black,,True,True,False,other,s365_form-angle_black_2025_cil.jpg,s365_form-side_black_2025_cil.jpg,,2,e5993cb9-7c63-4145-9d45-1de9bfd27eda
CH Everyday,S365,Everyday Snag Resistant Polo,Bright Blue,,True,True,False,other,s365_form-angle_bright-blue_2025_cil_1.jpg,s365_form-side_bright-blue_2025_cil_1.jpg,,2,e5993cb9-7c63-4145-9d45-1de9bfd27eda
CH Everyday,S365,Everyday Snag Resistant Polo,Duck Brown,,True,True,False,other,s365_form-angle_duck-brown_2025_cil.jpg,s365_form-side_duck-brown_2025_cil.jpg,,2,e5993cb9-7c63-4145-9d45-1de9bfd27eda
CH Everyday,S365,Everyday Snag Resistant Polo,Forest Green,,True,True,False,other,s365_form-angle_forest-green_2025_cil.jpg,s365_form-side_forest-green_2025_cil.jpg,,2,e5993cb9-7c63-4145-9d45-1de9bfd27eda
CH Everyday,S365,Everyday Snag Resistant Polo,Gold,,True,True,False,other,s365_form-angle_gold_2025_cil.jpg,s365_form-side_gold_2025_cil.jpg,,2,e5993cb9-7c63-4145-9d45-1de9bfd27eda
CH Everyday,S365,Everyday Snag Resistant Polo,Iron Grey,,True,True,False,other,s365_form-angle_iron-grey_2025_cil.jpg,s365_form-side_iron-grey_2025_cil.jpg,,2,e5993cb9-7c63-4145-9d45-1de9bfd27eda
CH Everyday,S365,Everyday Snag Resistant Polo,Maroon,,True,True,False,other,s365_form-angle_maroon_2025_cil.jpg,s365_form-side_maroon_2025_cil.jpg,,2,e5993cb9-7c63-4145-9d45-1de9bfd27eda
CH Everyday,S365,Everyday Snag Resistant Polo,Orange,,True,True,False,other,s365_form-angle_orange_2025_cil.jpg,s365_form-side_orange_2025_cil.jpg,,2,e5993cb9-7c63-4145-9d45-1de9bfd27eda
CH Everyday,S365,Everyday Snag Resistant Polo,Purple,,True,True,False,other,s365_form-angle_purple_2025_cil.jpg,s365_form-side_purple_2025_cil.jpg,,2,e5993cb9-7c63-4145-9d45-1de9bfd27eda
CH Everyday,S365,Everyday Snag Resistant Polo,Red,,True,True,False,other,s365_form-angle_red_2025_cil.jpg,s365_form-side_red_2025_cil.jpg,,2,e5993cb9-7c63-4145-9d45-1de9bfd27eda
CH Everyday,S365,Everyday Snag Resistant Polo,Safety Orange,,True,True,False,other,s365_form-angle_safety-orange_2025_cil.jpg,s365_form-side_safety-orange_2025_cil.jpg,,2,e5993cb9-7c63-4145-9d45-1de9bfd27eda
CH Everyday,S365,Everyday Snag Resistant Polo,Safety Yellow,,True,True,False,other,s365_form-angle_safety-yellow_2025_cil.jpg,s365_form-side_safety-yellow_2025_cil.jpg,,2,e5993cb9-7c63-4145-9d45-1de9bfd27eda
CH Everyday,S365,Everyday Snag Resistant Polo,Silver,,True,True,False,other,s365_modl_silver_studio_crop_2025_cil.jpg,s365_form-side_silver_2025_cil.jpg,,2,e5993cb9-7c63-4145-9d45-1de9bfd27eda
CH Everyday,S365,Everyday Snag Resistant Polo,True Navy,,True,True,False,other,s365_form-angle_true-navy_2025_cil.jpg,s365_form-side_true-navy_2025_cil.jpg,,2,e5993cb9-7c63-4145-9d45-1de9bfd27eda
CH Everyday,S365,Everyday Snag Resistant Polo,True Royal,,True,True,False,other,s365_form-angle_true-royal_2025_cil.jpg,s365_form-side_true-royal_2025_cil.jpg,,2,e5993cb9-7c63-4145-9d45-1de9bfd27eda
CH Everyday,S365,Everyday Snag Resistant Polo,White,,True,True,False,other,s365_form-angle_white_2025_cil.jpg,s365_form-side_white_2025_cil.jpg,,2,e5993cb9-7c63-4145-9d45-1de9bfd27eda
CH Everyday,S365LS,Everyday Snag Resist LS Polo,Black,,True,True,False,other,s365ls_modl_black_studio_crop_2025_cil.jpg,s365ls_form-side_black_2025_cil.jpg,,2,d35ae209-cf6f-4142-8aeb-63990c42eb45
CH Everyday,S365LS,Everyday Snag Resist LS Polo,Duck Brown,,True,True,False,other,s365ls_form-angle_duck-brown_2025_cil.jpg,s365ls_form-side_duck-brown_2025_cil.jpg,,2,d35ae209-cf6f-4142-8aeb-63990c42eb45
CH Everyday,S365LS,Everyday Snag Resist LS Polo,Iron Grey,,True,True,False,other,s365ls_form-angle_iron-grey_2025_cil.jpg,s365ls_form-side_iron-grey_2025_cil.jpg,,2,d35ae209-cf6f-4142-8aeb-63990c42eb45
CH Everyday,S365LS,Everyday Snag Resist LS Polo,Red,,True,True,False,other,s365ls_form-angle_red_2025_cil.jpg,s365ls_form-side_red_2025_cil.jpg,,2,d35ae209-cf6f-4142-8aeb-63990c42eb45
CH Everyday,S365LS,Everyday Snag Resist LS Polo,Safety Orange,,True,True,False,other,s365ls_form-angle_safety-orange_2025_cil.jpg,s365ls_form-side_safety-orange_2025_cil.jpg,,2,d35ae209-cf6f-4142-8aeb-63990c42eb45
CH Everyday,S365LS,Everyday Snag Resist LS Polo,Safety Yellow,,True,True,False,other,s365ls_form-angle_safety-yellow_2025_cil.jpg,s365ls_form-side_safety-yellow_2025_cil.jpg,,2,d35ae209-cf6f-4142-8aeb-63990c42eb45
CH Everyday,S365LS,Everyday Snag Resist LS Polo,True Navy,,True,True,False,other,s365ls_form-angle_true-navy_2025_cil.jpg,s365ls_form-side_true-navy_2025_cil.jpg,,2,d35ae209-cf6f-4142-8aeb-63990c42eb45
CH Everyday,S365LS,Everyday Snag Resist LS Polo,True Royal,,True,True,False,other,s365ls_form-angle_true-royal_2025_cil.jpg,s365ls_form-side_true-royal_2025_cil.jpg,,2,d35ae209-cf6f-4142-8aeb-63990c42eb45
CH Everyday,S365LS,Everyday Snag Resist LS Polo,White,,True,True,False,other,s365ls_form-angle_white_2025_cil.jpg,s365ls_form-side_white_2025_cil.jpg,,2,d35ae209-cf6f-4142-8aeb-63990c42eb45
CH Everyday,S365P,Everyday Snag Resist Pckt Polo,Black,,True,True,False,other,s365p_form-angle_black_2025_cil.jpg,s365p_form-side_black_2025_cil.jpg,,2,bfc1bd85-5648-41ab-b72d-9c2f306de10f
CH Everyday,S365P,Everyday Snag Resist Pckt Polo,Duck Brown,,True,True,False,other,s365p_form-angle_duck-brown_2025_cil.jpg,s365p_form-side_duck-brown_2025_cil.jpg,,2,bfc1bd85-5648-41ab-b72d-9c2f306de10f
CH Everyday,S365P,Everyday Snag Resist Pckt Polo,Iron Grey,,True,True,False,other,s365p_form-angle_iron-grey_2025_cil.jpg,s365p_form-side_iron-grey_2025_cil.jpg,,2,bfc1bd85-5648-41ab-b72d-9c2f306de10f
CH Everyday,S365P,Everyday Snag Resist Pckt Polo,Red,,True,True,False,other,s365p_form-angle_red_2025_cil.jpg,s365p_form-side_red_2025_cil.jpg,,2,bfc1bd85-5648-41ab-b72d-9c2f306de10f
CH Everyday,S365P,Everyday Snag Resist Pckt Polo,Safety Orange,,True,True,False,other,s365p_modl_safety-orange_studio_crop_2025_cil.jpg,s365p_form-side_safety-orange_2025_cil.jpg,,2,bfc1bd85-5648-41ab-b72d-9c2f306de10f
CH Everyday,S365P,Everyday Snag Resist Pckt Polo,Safety Yellow,,True,True,False,other,s365p_form-angle_safety-yellow_2025_cil.jpg,s365p_form-side_safety-yellow_2025_cil.jpg,,2,bfc1bd85-5648-41ab-b72d-9c2f306de10f
CH Everyday,S365P,Everyday Snag Resist Pckt Polo,True Navy,,True,False,False,other,s365p_form-angle_true-navy_2025_cil.jpg,,,1,bfc1bd85-5648-41ab-b72d-9c2f306de10f
CH Everyday,S365P,Everyday Snag Resist Pckt Polo,True Royal,,True,True,False,other,s365p_form-angle_true-royal_2025_cil.jpg,s365p_form-side_true-royal_2025_-_copy_cil.jpg,,2,bfc1bd85-5648-41ab-b72d-9c2f306de10f
CH Everyday,S365P,Everyday Snag Resist Pckt Polo,White,,True,True,False,other,s365p_form-angle_white_2025_cil.jpg,s365p_form-side_white_2025_cil.jpg,,2,bfc1bd85-5648-41ab-b72d-9c2f306de10f
CH Everyday,S4007,Everyday Polo,Black,,True,False,True,other,s4007_form_angle_black_032014.jpg,,s4007_form_back_black_032014.jpg,2,f3315ffa-bb21-4cc9-9a96-d620b53a1e42
CH Everyday,S4007,Everyday Polo,BrilliantBlue,,True,False,True,other,s4007_form_angle_brilliantblue_032014.jpg,,s4007_form_back_brilliantblue_032014.jpg,2,f3315ffa-bb21-4cc9-9a96-d620b53a1e42
CH Everyday,S4007,Everyday Polo,Deep Purple,,True,False,True,other,s4007_form_angle_deeppurple_032014.jpg,,s4007_form_back_deeppurple_032014.jpg,2,f3315ffa-bb21-4cc9-9a96-d620b53a1e42
CH Everyday,S4007,Everyday Polo,Navy,,True,False,True,other,s4007_form_angle_navy_032014.jpg,,s4007_form_back_navy_032014.jpg,2,f3315ffa-bb21-4cc9-9a96-d620b53a1e42
CH Everyday,S4007,Everyday Polo,Red,,True,False,True,other,s4007_form_angle_red_032014.jpg,,s4007_form_back_red_032014.jpg,2,f3315ffa-bb21-4cc9-9a96-d620b53a1e42
CH Everyday,S4007,Everyday Polo,Royal,,True,False,True,other,s4007_form_angle_royal_032014.jpg,,s4007_form_back_royal_032014.jpg,2,f3315ffa-bb21-4cc9-9a96-d620b53a1e42
CH Everyday,S4007,Everyday Polo,Steel Grey,,True,False,False,other,s4007_steelgrey_modl_studio2.jpg,,,1,f3315ffa-bb21-4cc9-9a96-d620b53a1e42
CH Everyday,S4007,Everyday Polo,White,,True,False,True,other,s4007_form_angle_white_032014.jpg,,s4007_form_back_white_032014.jpg,2,f3315ffa-bb21-4cc9-9a96-d620b53a1e42
CH Everyday,S4045,Essential Snag Resist Polo,Black,,False,False,False,,,,,0,df2bcf74-60fd-4ce1-a4bb-57b3dd6bc3fe
CH Everyday,S4045,Essential Snag Resist Polo,Carolina Blue,,False,False,False,,,,,0,df2bcf74-60fd-4ce1-a4bb-57b3dd6bc3fe
CH Everyday,S4045,Essential Snag Resist Polo,Forest Green,,False,False,False,,,,,0,df2bcf74-60fd-4ce1-a4bb-57b3dd6bc3fe
CH Everyday,S4045,Essential Snag Resist Polo,Iron Grey,,False,False,False,,,,,0,df2bcf74-60fd-4ce1-a4bb-57b3dd6bc3fe
CH Everyday,S4045,Essential Snag Resist Polo,Purple,,False,False,False,,,,,0,df2bcf74-60fd-4ce1-a4bb-57b3dd6bc3fe
CH Everyday,S4045,Essential Snag Resist Polo,Silver,,False,False,False,,,,,0,df2bcf74-60fd-4ce1-a4bb-57b3dd6bc3fe
CH Everyday,S4045,Essential Snag Resist Polo,True Navy,,False,False,False,,,,,0,df2bcf74-60fd-4ce1-a4bb-57b3dd6bc3fe
CH Everyday,S4045,Essential Snag Resist Polo,True Red,,False,False,False,,,,,0,df2bcf74-60fd-4ce1-a4bb-57b3dd6bc3fe
CH Everyday,S4045,Essential Snag Resist Polo,True Royal,,False,False,False,,,,,0,df2bcf74-60fd-4ce1-a4bb-57b3dd6bc3fe
CH Everyday,S4045,Essential Snag Resist Polo,White,,False,False,False,,,,,0,df2bcf74-60fd-4ce1-a4bb-57b3dd6bc3fe
CH Everyday,S4045LS,Essential Snag Resist L/S Polo,Black,,False,False,False,,,,,0,c03dbcfa-7bba-4937-817c-42edce20e03f
CH Everyday,S4045LS,Essential Snag Resist L/S Polo,Iron Grey,,False,False,False,,,,,0,c03dbcfa-7bba-4937-817c-42edce20e03f
CH Everyday,S4045LS,Essential Snag Resist L/S Polo,True Navy,,False,False,False,,,,,0,c03dbcfa-7bba-4937-817c-42edce20e03f
CH Everyday,S4045LS,Essential Snag Resist L/S Polo,True Red,,False,False,False,,,,,0,c03dbcfa-7bba-4937-817c-42edce20e03f
CH Everyday,S4045LS,Essential Snag Resist L/S Polo,True Royal,,False,False,False,,,,,0,c03dbcfa-7bba-4937-817c-42edce20e03f
CH Everyday,S4045LS,Essential Snag Resist L/S Polo,White,,False,False,False,,,,,0,c03dbcfa-7bba-4937-817c-42edce20e03f
CH Everyday,S4046,Everyday Blend Polo,Athletic Grey,,True,True,False,other,s4046_form-angle_athletic-grey_2025_cil.jpg,s4046_form-side_athletic-grey_2025_cil.jpg,,2,c8185fbe-12bc-4e67-a817-583d6f4b21a7
CH Everyday,S4046,Everyday Blend Polo,Black,,True,True,False,other,s4046_form-angle_black_2025_cil.jpg,s4046_form-side_black_2025_cil.jpg,,2,c8185fbe-12bc-4e67-a817-583d6f4b21a7
CH Everyday,S4046,Everyday Blend Polo,Red,,True,True,False,other,s4046_modl_red_studio_crop_2025_cil.jpg,s4046_form-side_red_2025_cil.jpg,,2,c8185fbe-12bc-4e67-a817-583d6f4b21a7
CH Everyday,S4046,Everyday Blend Polo,True Navy,,True,True,False,other,s4046_form-angle_true-navy_2025_cil.jpg,s4046_form-side_true-navy_2025_cil.jpg,,2,c8185fbe-12bc-4e67-a817-583d6f4b21a7
CH Everyday,S4046,Everyday Blend Polo,True Royal,,True,True,False,other,s4046_form-angle_true-royal_2025_cil.jpg,s4046_form-side_true-royal_2025.jpg,,2,c8185fbe-12bc-4e67-a817-583d6f4b21a7
CH Everyday,S4046,Everyday Blend Polo,White,,True,True,False,other,s4046_form-angle_white_2025_cil.jpg,s4046_form-side_white_2025_cil.jpg,,2,c8185fbe-12bc-4e67-a817-583d6f4b21a7
CH Everyday,S4047,Everyday CVC Polo,Black,,True,True,False,other,s4047_form-angle_black_2025_cil.jpg,s4047_form-side_black_2025_cil.jpg,,2,829e14e9-9fde-4b0c-bce0-f310a9a23215
CH Everyday,S4047,Everyday CVC Polo,Dk Hthr Grey,,False,False,False,,,,,0,829e14e9-9fde-4b0c-bce0-f310a9a23215
CH Everyday,S4047,Everyday CVC Polo,Dk Sand,,False,False,False,,,,,0,829e14e9-9fde-4b0c-bce0-f310a9a23215
CH Everyday,S4047,Everyday CVC Polo,Duck Brown,,True,True,False,other,s4047_form-angle_duck-brown_2025_cil.jpg,s4047_form-side_duck-brown_2025_cil.jpg,,2,829e14e9-9fde-4b0c-bce0-f310a9a23215
CH Everyday,S4047,Everyday CVC Polo,MilitaryGreen,,False,False,False,,,,,0,829e14e9-9fde-4b0c-bce0-f310a9a23215
CH Everyday,S4047,Everyday CVC Polo,Navy,,True,True,False,other,s4047_form-angle_true-navy_2025_cil.jpg,s4047_form-side_true-navy_2025_cil.jpg,,2,829e14e9-9fde-4b0c-bce0-f310a9a23215
CH Everyday,S4047,Everyday CVC Polo,White,,True,True,False,other,s4047_form-angle_white_2025_cil.jpg,s4047_form-side_white_2025_cil.jpg,,2,829e14e9-9fde-4b0c-bce0-f310a9a23215
CH Everyday,TS365,Everyday Snag Resist Tall Polo,Black,,True,True,False,other,ts365_form-angle_black_2025_cil.jpg,ts365_form-side_black_2025_cil.jpg,,2,b22d4fa5-c9e0-4d5b-b936-1627ac14f524
CH Everyday,TS365,Everyday Snag Resist Tall Polo,Duck Brown,,True,True,False,other,ts365_form-angle_duck-brown_2025_cil.jpg,ts365_form-side_duck-brown_2025_cil.jpg,,2,b22d4fa5-c9e0-4d5b-b936-1627ac14f524
CH Everyday,TS365,Everyday Snag Resist Tall Polo,Iron Grey,,True,True,False,other,ts365_modl_iron-grey_studio_crop_2025_cil.jpg,ts365_form-side_iron-grey_2025_cil.jpg,,2,b22d4fa5-c9e0-4d5b-b936-1627ac14f524
CH Everyday,TS365,Everyday Snag Resist Tall Polo,Red,,True,True,False,other,ts365_form-angle_red_2025_cil.jpg,ts365_form-side_red_2025_cil.jpg,,2,b22d4fa5-c9e0-4d5b-b936-1627ac14f524
CH Everyday,TS365,Everyday Snag Resist Tall Polo,Safety Orange,,True,True,False,other,ts365_form-angle_safety-orange_2025_cil.jpg,ts365_form-side_safety-orange_2025_cil.jpg,,2,b22d4fa5-c9e0-4d5b-b936-1627ac14f524
CH Everyday,TS365,Everyday Snag Resist Tall Polo,Safety Yellow,,True,True,False,other,ts365_form-angle_safety-yellow_2025_cil.jpg,ts365_form-side_safety-yellow_2025_cil.jpg,,2,b22d4fa5-c9e0-4d5b-b936-1627ac14f524
CH Everyday,TS365,Everyday Snag Resist Tall Polo,True Navy,,True,True,False,other,ts365_form-angle_true-navy_2025_cil.jpg,ts365_form-side_true-navy_2025_cil.jpg,,2,b22d4fa5-c9e0-4d5b-b936-1627ac14f524
CH Everyday,TS365,Everyday Snag Resist Tall Polo,True Royal,,True,True,False,other,ts365_form-angle_true-royal_2025_cil.jpg,ts365_form-side_true-royal_2025_cil.jpg,,2,b22d4fa5-c9e0-4d5b-b936-1627ac14f524
CH Everyday,TS365,Everyday Snag Resist Tall Polo,White,,True,True,False,other,ts365_form-angle_white_2025_cil.jpg,ts365_form-side_white_2025_cil.jpg,,2,b22d4fa5-c9e0-4d5b-b936-1627ac14f524
CH Everyday,Y365,Everyday Snag Resist Yth Polo,Black,,True,True,False,other,y365_form-angle_black_2025_cil.jpg,y365_form-side_black_2025_cil.jpg,,2,6ab21665-facd-40df-b701-d703b959cc39
CH Everyday,Y365,Everyday Snag Resist Yth Polo,Iron Grey,,True,True,False,other,y365_form-angle_iron-grey_2025_cil.jpg,y365_form-side_iron-grey_2025_cil.jpg,,2,6ab21665-facd-40df-b701-d703b959cc39
CH Everyday,Y365,Everyday Snag Resist Yth Polo,Red,,True,True,False,other,y365_form-angle_red_2025_cil.jpg,y365_form-side_red_2025_cil.jpg,,2,6ab21665-facd-40df-b701-d703b959cc39
CH Everyday,Y365,Everyday Snag Resist Yth Polo,True Navy,,True,True,False,other,y365_form-angle_true-navy_2025_cil.jpg,y365_form-side_true-navy_2025_cil.jpg,,2,6ab21665-facd-40df-b701-d703b959cc39
CH Everyday,Y365,Everyday Snag Resist Yth Polo,True Royal,,True,True,False,other,y365_modl_true-royal_crop_2025_cil.jpg,y365_form-side_true-royal_2025_cil.jpg,,2,6ab21665-facd-40df-b701-d703b959cc39
CH Everyday,Y365,Everyday Snag Resist Yth Polo,White,,True,True,False,other,y365_form-angle_white_2025_cil.jpg,y365_form-side_white_2025_cil.jpg,,2,6ab21665-facd-40df-b701-d703b959cc39
CH Everyday,Y4045,Essential Snag Resist Yth Polo,Black,,False,False,False,,,,,0,35063cb2-03c2-45c0-a788-ab19a6ed6e6c
CH Everyday,Y4045,Essential Snag Resist Yth Polo,Iron Grey,,False,False,False,,,,,0,35063cb2-03c2-45c0-a788-ab19a6ed6e6c
CH Everyday,Y4045,Essential Snag Resist Yth Polo,True Navy,,False,False,False,,,,,0,35063cb2-03c2-45c0-a788-ab19a6ed6e6c
CH Everyday,Y4045,Essential Snag Resist Yth Polo,White,,False,False,False,,,,,0,35063cb2-03c2-45c0-a788-ab19a6ed6e6c
CH Outerwear,CH7690,Essential Go To Puffy Jacket,Black,,True,True,False,other,ch7690_form-angle_black_2025_cil.jpg,ch7690_form-side_black_2025_cil.jpg,,2,ca479912-07a8-401a-bdb4-664a4e6573a1
CH Outerwear,CH7690,Essential Go To Puffy Jacket,Ivory,,True,True,False,other,ch7690_form-angle_ivory_2025_cil.jpg,ch7690_form-side_ivory_2025_cil.jpg,,2,ca479912-07a8-401a-bdb4-664a4e6573a1
CH Outerwear,CH7690,Essential Go To Puffy Jacket,Navy,,True,True,False,other,ch7690_form-angle_navy_2025_cil.jpg,ch7690_form-side_navy_2025_cil.jpg,,2,ca479912-07a8-401a-bdb4-664a4e6573a1
CH Outerwear,CH7690,Essential Go To Puffy Jacket,Olive Green,,True,True,False,other,ch7690_form-angle_olive-green_2025_cil.jpg,ch7690_form-side_olive-green_2025_cil.jpg,,2,ca479912-07a8-401a-bdb4-664a4e6573a1
CH Outerwear,CH7690,Essential Go To Puffy Jacket,Red,,True,True,False,other,ch7690_modl_red_studio-1_2025_cropped_cil.jpg,ch7690_form-side_red_2025_cil.jpg,,2,ca479912-07a8-401a-bdb4-664a4e6573a1
CH Outerwear,CH7690,Essential Go To Puffy Jacket,Saddle,,True,True,False,other,ch7690_form-angle_saddle_2025_cil.jpg,ch7690_form-side_saddle_2025_cil.jpg,,2,ca479912-07a8-401a-bdb4-664a4e6573a1
CH Outerwear,CH7690L,Essential Go To Puffy Lds Jckt,Black,,True,True,False,other,ch7690l_form-angle_black_2025_cil.jpg,ch7690l_form-side_black_2025_cil.jpg,,2,bd1bd7a8-f5e6-4937-a544-8610d196ebfb
CH Outerwear,CH7690L,Essential Go To Puffy Lds Jckt,~Iron Grey,,False,False,False,,,,,0,bd1bd7a8-f5e6-4937-a544-8610d196ebfb
CH Outerwear,CH7690L,Essential Go To Puffy Lds Jckt,Ivory,,True,True,False,other,ch7690l_form-angle_ivory_2025_cil.jpg,ch7690l_form-side_ivory_2025_cil.jpg,,2,bd1bd7a8-f5e6-4937-a544-8610d196ebfb
CH Outerwear,CH7690L,Essential Go To Puffy Lds Jckt,Navy,,True,True,False,other,ch7690l_form-angle_navy_2025_cil.jpg,ch7690l_form-side_navy_2025_cil.jpg,,2,bd1bd7a8-f5e6-4937-a544-8610d196ebfb
CH Outerwear,CH7690L,Essential Go To Puffy Lds Jckt,Olive Green,,True,True,False,other,ch7690l_form-angle_olive-green_2025_cil.jpg,ch7690l_form-side_olive-green_2025_cil.jpg,,2,bd1bd7a8-f5e6-4937-a544-8610d196ebfb
CH Outerwear,CH7690L,Essential Go To Puffy Lds Jckt,Red,,True,True,False,other,ch7690l_form-angle_red_2025_cil.jpg,ch7690l_form-side_red_2025_cil.jpg,,2,bd1bd7a8-f5e6-4937-a544-8610d196ebfb
CH Outerwear,CH7690L,Essential Go To Puffy Lds Jckt,Saddle,,True,True,False,other,ch7690l_modl_saddle_studio-1_2025_cropped_cil.jpg,ch7690l_form-side_saddle_2025_cil.jpg,,2,bd1bd7a8-f5e6-4937-a544-8610d196ebfb
CH Outerwear,CH7690Y,Essential Go To Puffy Yth Jckt,Black,,True,True,False,other,ch7690y_form-angle_black_2025_cil.jpg,ch7690y_form-side_black_2025_cil.jpg,,2,8e1748bc-94b0-485b-8fd3-230a573ce2ec
CH Outerwear,CH7690Y,Essential Go To Puffy Yth Jckt,Navy,,True,True,False,other,ch7690y_form-angle_navy_2025_cil.jpg,ch7690y_form-side_navy_2025_cil.jpg,,2,8e1748bc-94b0-485b-8fd3-230a573ce2ec
CH Outerwear,CH7690Y,Essential Go To Puffy Yth Jckt,Olive Green,,True,True,False,other,ch7690y_modl_olive-green_studio-1_2025_cropped_cil.jpg,ch7690y_form-side_olive-green_2025_cil.jpg,,2,8e1748bc-94b0-485b-8fd3-230a573ce2ec
CH Outerwear,CH7690Y,Essential Go To Puffy Yth Jckt,Red,,True,True,False,other,ch7690y_form-angle_red_2025_cil.jpg,ch7690y_form-side_red_2025_cil.jpg,,2,8e1748bc-94b0-485b-8fd3-230a573ce2ec
CH Outerwear,CH7690Y,Essential Go To Puffy Yth Jckt,Saddle,,True,True,False,other,ch7690y_form-angle_saddle_2025_cil.jpg,ch7690y_form-side_saddle_2025_cil.jpg,,2,8e1748bc-94b0-485b-8fd3-230a573ce2ec
CH Outerwear,CH7691,Essential Go To Puffy Vest,Black,,True,False,False,other,ch7691_form-angle_black_2025_cil.jpg,,,1,845c7df2-df8e-44cd-91bf-d559cc183716
CH Outerwear,CH7691,Essential Go To Puffy Vest,~Iron Grey,,False,False,False,,,,,0,845c7df2-df8e-44cd-91bf-d559cc183716
CH Outerwear,CH7691,Essential Go To Puffy Vest,Ivory,,True,False,False,other,ch7691_form-angle_ivory_2025_cil.jpg,,,1,845c7df2-df8e-44cd-91bf-d559cc183716
CH Outerwear,CH7691,Essential Go To Puffy Vest,Navy,,True,False,False,other,ch7691_form-angle_navy_2025_cil.jpg,,,1,845c7df2-df8e-44cd-91bf-d559cc183716
CH Outerwear,CH7691,Essential Go To Puffy Vest,Olive Green,,True,False,False,other,ch7691_modl_olive-green_studio-3_2025_cropped_cil.jpg,,,1,845c7df2-df8e-44cd-91bf-d559cc183716
CH Outerwear,CH7691,Essential Go To Puffy Vest,Red,,True,False,False,other,ch7691_form-angle_red_2025_cil.jpg,,,1,845c7df2-df8e-44cd-91bf-d559cc183716
CH Outerwear,CH7691,Essential Go To Puffy Vest,Saddle,,True,False,False,other,ch7691_form-angle_saddle_2025_cil.jpg,,,1,845c7df2-df8e-44cd-91bf-d559cc183716
CH Outerwear,CH7691L,Essential Go To Puffy Lds Vest,Black,,True,False,False,other,ch7691l_form-angle_black_2025_cil.jpg,,,1,fb24b8f4-9faf-4854-9e60-ad4394d5d1d6
CH Outerwear,CH7691L,Essential Go To Puffy Lds Vest,Ivory,,True,False,False,other,ch7691l_modl_ivory_studio_crop_2026_cil.jpg,,,1,fb24b8f4-9faf-4854-9e60-ad4394d5d1d6
CH Outerwear,CH7691L,Essential Go To Puffy Lds Vest,Navy,,True,False,False,other,ch7691l_form-angle_navy_2025_cil.jpg,,,1,fb24b8f4-9faf-4854-9e60-ad4394d5d1d6
CH Outerwear,CH7691L,Essential Go To Puffy Lds Vest,Olive Green,,True,False,False,other,ch7691l_form-angle_olive-green_2025_cil.jpg,,,1,fb24b8f4-9faf-4854-9e60-ad4394d5d1d6
CH Outerwear,CH7691L,Essential Go To Puffy Lds Vest,Red,,True,False,False,other,ch7691l_form-angle_red_2025_cil.jpg,,,1,fb24b8f4-9faf-4854-9e60-ad4394d5d1d6
CH Outerwear,CH7691L,Essential Go To Puffy Lds Vest,Saddle,,True,False,False,other,ch7691l_form-angle_saddle_2025_cil.jpg,,,1,fb24b8f4-9faf-4854-9e60-ad4394d5d1d6
CH Outerwear,CH7691Y,Essential Go To Puffy Yth Vest,Black,,True,False,False,other,ch7691y_form-angle_black_2025_cil.jpg,,,1,91b0f115-3cfe-4b1c-9315-c8b225e68080
CH Outerwear,CH7691Y,Essential Go To Puffy Yth Vest,Navy,,True,False,False,other,ch7691y_form-angle_navy_2025_cil.jpg,,,1,91b0f115-3cfe-4b1c-9315-c8b225e68080
CH Outerwear,CH7691Y,Essential Go To Puffy Yth Vest,Olive Green,,True,False,False,other,ch7691y_saddle___olive-green_modl_studio_2025_cropped_cil.jpg,,,1,91b0f115-3cfe-4b1c-9315-c8b225e68080
CH Outerwear,CH7691Y,Essential Go To Puffy Yth Vest,Red,,True,False,False,other,ch7691y_form-angle_red_2025_cil.jpg,,,1,91b0f115-3cfe-4b1c-9315-c8b225e68080
CH Outerwear,CH7691Y,Essential Go To Puffy Yth Vest,Saddle,,True,False,False,other,ch7691y_form-angle_saddle_2025_cil.jpg,,,1,91b0f115-3cfe-4b1c-9315-c8b225e68080
CH Outerwear,F2010,Essential Fleece FZ Jacket,Black,,True,True,False,other,f2010_modl_black_studio-crop_2024_cil.jpg,f2010_form-side_black_2024_cil.jpg,,2,07935df5-6350-4664-a830-4a9bd4a37a86
CH Outerwear,F2010,Essential Fleece FZ Jacket,Dk Hthr Grey,,False,False,False,,,,,0,07935df5-6350-4664-a830-4a9bd4a37a86
CH Outerwear,J7603,Everyday Soft Shell Jkt,Black,,True,False,True,other,j7603_form_angle_black_2013.jpg,,j7603_form_back_black_2013.jpg,2,b66a9749-9702-40f3-ba31-b5161cc33f06
CH Outerwear,J7603,Everyday Soft Shell Jkt,Graphite,,True,False,True,other,j7603_form_angle_graphite_2013_1.jpg,,j7603_form_back_graphite_2013.jpg,2,b66a9749-9702-40f3-ba31-b5161cc33f06
CH Outerwear,J7603,Everyday Soft Shell Jkt,Midnight Blue,,True,False,True,other,j7603_form_angle_midnightblue_032014_1.jpg,,j7603_form_back_midnightblue_032014.jpg,2,b66a9749-9702-40f3-ba31-b5161cc33f06
CH Outerwear,J7603,Everyday Soft Shell Jkt,PearlGreyHthr,,False,False,False,,,,,0,b66a9749-9702-40f3-ba31-b5161cc33f06
CH Outerwear,J7605,Everyday Hooded Soft Shell Jkt,Black,,True,False,True,other,j7605_black_modl_studio-1-2019.jpg,,j7605_form_back_black_032016.jpg,2,a4d4f75a-33f1-4b92-8c66-7da02ee282d8
CH Outerwear,J7605,Everyday Hooded Soft Shell Jkt,Iron Grey,,True,False,True,other,j7605_form_angle_irongrey_032016.jpg,,j7605_form_back_irongrey_032016.jpg,2,a4d4f75a-33f1-4b92-8c66-7da02ee282d8
CH Outerwear,J7610,Essential Soft Shell Jacket,Black,,True,True,False,other,j7610_modl_black_studio_2024.jpg,j7610_form-side_black_2024_cil.jpg,,2,8c5f3113-88c6-4b70-b1a2-1b8f8383d8c7
CH Outerwear,J7610,Essential Soft Shell Jacket,True Navy,,True,True,False,other,j7610_form-angle_true-navy_2025_cil.jpg,j7610_form-side_true-navy_2025_cil.jpg,,2,8c5f3113-88c6-4b70-b1a2-1b8f8383d8c7
CH Outerwear,J7700,Essential Windbreaker Jacket,Black,,True,True,False,other,j7700_modl_black_studio-1_2024_cil.jpg,j7700_form-side_black_collar-down_2024-temp.jpg,,2,7a0ea026-dad8-469a-b79f-74079559bce4
CH Outerwear,J7700,Essential Windbreaker Jacket,Extra Red,,True,True,False,other,j7700_form-angle_extra-red_collar-down_2024_cil.jpg,j7700_form-side_extra-red_collar-down_2024_cil.jpg,,2,7a0ea026-dad8-469a-b79f-74079559bce4
CH Outerwear,J7700,Essential Windbreaker Jacket,Extra Yellow,,True,True,False,other,j7700_form-angle_extra-yellow_collar-down_2024_cil.jpg,j7700_form-side_extra-yellow_collar-down_2024_cil.jpg,,2,7a0ea026-dad8-469a-b79f-74079559bce4
CH Outerwear,J7700,Essential Windbreaker Jacket,Grey,,True,True,False,other,j7700_form-angle_grey_collar-down_2024-temp.jpg,j7700_form-side_grey_collar-down_2024-temp.jpg,,2,7a0ea026-dad8-469a-b79f-74079559bce4
CH Outerwear,J7700,Essential Windbreaker Jacket,Navy,,True,True,False,other,j7700_form-angle_navy_collar-down_2024-temp.jpg,j7700_form-side_navy_collar-down_2024-temp.jpg,,2,7a0ea026-dad8-469a-b79f-74079559bce4
CH Outerwear,L2010,Essential Fleece Lds FZ Jacket,Black,,True,True,False,other,l2010_form-angle_black_2024_cil.jpg,l2010_form-side_black_2024_cil.jpg,,2,27ec1a62-4096-4355-9243-05e5e7c99ea1
CH Outerwear,L2010,Essential Fleece Lds FZ Jacket,Dk Hthr Grey,,False,False,False,,,,,0,27ec1a62-4096-4355-9243-05e5e7c99ea1
CH Outerwear,L7610,Essential SoftShell Lds Jacket,Black,,True,True,False,other,l7610_modl_black_studio-3-crop_2024_cil.jpg,l7610_form-side_black_2024_cil.jpg,,2,2e36cf1e-6ec1-4ec2-8bc3-153a37d083e8
CH Outerwear,L7610,Essential SoftShell Lds Jacket,True Navy,,True,True,False,other,l7610_form-angle_true-navy_2025_cil.jpg,l7610_form-side_true-navy_2025_cil.jpg,,2,2e36cf1e-6ec1-4ec2-8bc3-153a37d083e8
CH Outerwear,Y7603,Everyday Soft Shell Yth Jkt,Black,,True,False,True,other,y7603_black_modl_studio-2-2019.jpg,,y7603_form_back_black_2013.jpg,2,032e5b00-7e2a-450b-ab2b-f3c69ac3f87b
CH Outerwear,Y7603,Everyday Soft Shell Yth Jkt,Graphite,,True,False,True,other,y7603_form_angle_graphite_2013.jpg,,y7603_form_back_graphite_2013.jpg,2,032e5b00-7e2a-450b-ab2b-f3c69ac3f87b
CH Outerwear,Y7603,Everyday Soft Shell Yth Jkt,Midnight Blue,,True,False,True,other,y7603_form_angle_midnightblue_102015.jpg,,y7603_form_back_midnightblue_102015.jpg,2,032e5b00-7e2a-450b-ab2b-f3c69ac3f87b
CH Outerwear,Y7610,Essential Softshell Yth Jacket,Black,,True,True,False,other,y7610_black_modl_crop_2024_cil.jpg,y7610_form-side_black_2024_cil.jpg,,2,71ab69fc-0244-4aaa-b9de-35c95fdc2922
CH Outerwear,Y7610,Essential Softshell Yth Jacket,True Navy,,True,True,False,other,y7610_form-angle_true-navy_2025_cil.jpg,y7610_form-side_true-navy_2025_cil.jpg,,2,71ab69fc-0244-4aaa-b9de-35c95fdc2922
CH Sport Shirts,L3518,ProTeam Proformance Lds' Polo,Deep Orange,,False,False,False,,,,,0,011af762-a5ad-4fbd-9035-2eef30a05a6e
CH Sport Shirts,L3561,Tech Mesh Snag Resist Lds'Polo,Dark Grey,,True,False,True,other,l3561_form_angle_darkgrey_042018.jpg,,l3561_form_back_darkgrey_042018.jpg,2,5d16c343-3f98-465e-b380-de0bc22bf542
CH Sport Shirts,L4001,Snag Resist CBlock Lds' Polo,Black/Iron,,False,False,False,,,,,0,85547136-3eba-4ae6-a5ad-3d4e8b3542f1
CH Sport Shirts,L4001,Snag Resist CBlock Lds' Polo,Black/Red,,True,False,True,other,l4001_form_front_blackred_082015.jpg,,l4001_blackred_flat_back_021712.jpg,2,85547136-3eba-4ae6-a5ad-3d4e8b3542f1
CH Sport Shirts,L4001,Snag Resist CBlock Lds' Polo,Black/White,,True,False,True,other,l4001_form_angle_blackwhite_032020.jpg,,l4001_blackwhite_flat_back_021712.jpg,2,85547136-3eba-4ae6-a5ad-3d4e8b3542f1
CH Sport Shirts,L4001,Snag Resist CBlock Lds' Polo,Iron Grey/Bk,,False,False,False,,,,,0,85547136-3eba-4ae6-a5ad-3d4e8b3542f1
CH Sport Shirts,L4002,Snag Resist Co Inset Lds' Polo,Black/CoalGry,,False,False,False,,,,,0,255ce403-c28d-48c8-a2dc-1f7015626f55
CH Sport Shirts,L4002,Snag Resist Co Inset Lds' Polo,Black/Gold,,True,False,True,other,l4002_form_angle_blackgold_112014.jpg,,l4002_form_back_blackgold_2014.jpg,2,255ce403-c28d-48c8-a2dc-1f7015626f55
CH Sport Shirts,L4002,Snag Resist Co Inset Lds' Polo,Black/Lime,,True,False,True,other,l4002_black_lime_front_062612.jpg,,l4002_black_lime_back_062612.jpg,2,255ce403-c28d-48c8-a2dc-1f7015626f55
CH Sport Shirts,L4002,Snag Resist Co Inset Lds' Polo,Black/Orange,,False,False,False,,,,,0,255ce403-c28d-48c8-a2dc-1f7015626f55
CH Sport Shirts,L4002,Snag Resist Co Inset Lds' Polo,Black/Red,,True,False,True,other,l4002_black_red_front_062612.jpg,,l4002_black_red_back_062612.jpg,2,255ce403-c28d-48c8-a2dc-1f7015626f55
CH Sport Shirts,L4002,Snag Resist Co Inset Lds' Polo,Black/Royal,,True,False,True,other,l4002_blackroyal_modl_studio-1_bc_c2018.jpg,,l4002_black_royal_back_062612.jpg,2,255ce403-c28d-48c8-a2dc-1f7015626f55
CH Sport Shirts,L4002,Snag Resist Co Inset Lds' Polo,Black/White,,True,False,True,other,l4002_blackwhite_front_071712.jpg,,l4002_blackwhite_master_back_071712.jpg,2,255ce403-c28d-48c8-a2dc-1f7015626f55
CH Sport Shirts,L4002,Snag Resist Co Inset Lds' Polo,IronGrey/Red,,True,False,True,other,l4002_form_angle_irongreyred_112014.jpg,,l4002_form_back_irongreyred_112014.jpg,2,255ce403-c28d-48c8-a2dc-1f7015626f55
CH Sport Shirts,L4005,Snag Proof Power Lds' Polo,White,,True,False,True,other,l4005_form_angle_white_4882_032014.jpg,,l4005_form_back_white_4887_032014.jpg,2,c90d5aed-56e5-419a-a4a0-3f7f4610678b
CH Sport Shirts,L4039,Pro Team Ladies Polo,Atomic Blue,,True,False,False,other,l4039_form-front_atomic-blue_2021_cil.jpg,,,1,96581d93-61c0-40e0-9e7c-b4b81dc67c00
CH Sport Shirts,L4039,Pro Team Ladies Polo,Black,,True,False,False,other,l4039_form-front_black_2021_cil.jpg,,,1,96581d93-61c0-40e0-9e7c-b4b81dc67c00
CH Sport Shirts,L4039,Pro Team Ladies Polo,Forest Green,,True,False,False,other,l4039_form-front_forest-green_2021_cil.jpg,,,1,96581d93-61c0-40e0-9e7c-b4b81dc67c00
CH Sport Shirts,L4039,Pro Team Ladies Polo,Iron Grey,,True,False,False,other,l4039_form-front_iron-grey_2021_cil.jpg,,,1,96581d93-61c0-40e0-9e7c-b4b81dc67c00
CH Sport Shirts,L4039,Pro Team Ladies Polo,Maroon,,True,False,False,other,l4039_modl_maroon_studio-1_2021.jpg,,,1,96581d93-61c0-40e0-9e7c-b4b81dc67c00
CH Sport Shirts,L4039,Pro Team Ladies Polo,Purple,,True,False,False,other,l4039_form-front_purple_2021_cil.jpg,,,1,96581d93-61c0-40e0-9e7c-b4b81dc67c00
CH Sport Shirts,L4039,Pro Team Ladies Polo,Silver,,True,False,False,other,l4039_form-front_silver_2021_cil.jpg,,,1,96581d93-61c0-40e0-9e7c-b4b81dc67c00
CH Sport Shirts,L4039,Pro Team Ladies Polo,True Navy,,True,False,False,other,l4039_form-front_true-navy_2021_cil.jpg,,,1,96581d93-61c0-40e0-9e7c-b4b81dc67c00
CH Sport Shirts,L4039,Pro Team Ladies Polo,True Red,,True,False,False,other,l4039_form-front_true-red_2021_cil.jpg,,,1,96581d93-61c0-40e0-9e7c-b4b81dc67c00
CH Sport Shirts,L4039,Pro Team Ladies Polo,True Royal,,True,False,False,other,l4039_form-front_true-royal_2021_cil.jpg,,,1,96581d93-61c0-40e0-9e7c-b4b81dc67c00
CH Sport Shirts,L4039,Pro Team Ladies Polo,White,,True,False,False,other,l4039_form-front_white_2021_cil.jpg,,,1,96581d93-61c0-40e0-9e7c-b4b81dc67c00
CH Sport Shirts,L445,Snag Resist Lds' Polo,Black,,True,False,True,other,l445_black_modl_studio-3.jpg,,l445_black_flat_back_2010.jpg,2,c08422a9-be78-46fa-8657-c3904d98a9d2
CH Sport Shirts,L445,Snag Resist Lds' Polo,Blue Lake,,True,False,True,other,l445_bluelake_form_angle_021412.jpg,,l445_bluelake_flat_back_2010.jpg,2,c08422a9-be78-46fa-8657-c3904d98a9d2
CH Sport Shirts,L445,Snag Resist Lds' Polo,Gold,,True,False,True,other,l445_gold_form_angle_021412.jpg,,l445_gold_flat_back_021612.jpg,2,c08422a9-be78-46fa-8657-c3904d98a9d2
CH Sport Shirts,L445,Snag Resist Lds' Polo,Green Oasis,,True,False,True,other,l445_form_angle_greenoasis_030214.jpg,,l445_flat_back_greenoasis_032014.jpg,2,c08422a9-be78-46fa-8657-c3904d98a9d2
CH Sport Shirts,L445,Snag Resist Lds' Polo,Grey Concrete,,True,False,True,other,l445_form_angle_greyconcrete_092015.jpg,,l445_flat_back_greyconcrete_092015.jpg,2,c08422a9-be78-46fa-8657-c3904d98a9d2
CH Sport Shirts,L445,Snag Resist Lds' Polo,Iron Grey,,True,False,True,other,l445_irongrey_form_angle_021412.jpg,,l445_irongrey_flat_back_2010.jpg,2,c08422a9-be78-46fa-8657-c3904d98a9d2
CH Sport Shirts,L445,Snag Resist Lds' Polo,Kelly Green,,True,False,True,other,l445_kellygreen_form_angle_021412.jpg,,l445_kellygreen_flat_back_021612.jpg,2,c08422a9-be78-46fa-8657-c3904d98a9d2
CH Sport Shirts,L445,Snag Resist Lds' Polo,Orange,,True,False,True,other,l445_form_angle_orange_030214.jpg,,l445_flat_back_orange_032014.jpg,2,c08422a9-be78-46fa-8657-c3904d98a9d2
CH Sport Shirts,L445,Snag Resist Lds' Polo,Purple,,True,False,True,other,l445_purple_form_angle_021412.jpg,,l445_purple_flat_back_021612.jpg,2,c08422a9-be78-46fa-8657-c3904d98a9d2
CH Sport Shirts,L445,Snag Resist Lds' Polo,Tropic Blue,,True,False,True,other,l445_tropicblue_form_angle_021412.jpg,,l445_tropicblue_flat_back_021612.jpg,2,c08422a9-be78-46fa-8657-c3904d98a9d2
CH Sport Shirts,L445,Snag Resist Lds' Polo,True Navy,,True,False,True,other,l445_truenavy_form_angle_021412.jpg,,l445_truenavy_flat_back_2010.jpg,2,c08422a9-be78-46fa-8657-c3904d98a9d2
CH Sport Shirts,L445,Snag Resist Lds' Polo,True Red,,True,False,True,other,l445_truered_form_angle_021412.jpg,,l445_truered_flat_back_2010.jpg,2,c08422a9-be78-46fa-8657-c3904d98a9d2
CH Sport Shirts,L445,Snag Resist Lds' Polo,True Royal,,True,False,True,other,l445_trueroyal_form_angle_041912.jpg,,l445_trueroyal_flat_back_021612.jpg,2,c08422a9-be78-46fa-8657-c3904d98a9d2
CH Sport Shirts,L445,Snag Resist Lds' Polo,White,,True,False,True,other,l445_white_form_angle_021412.jpg,,l445_white_flat_back_2010.jpg,2,c08422a9-be78-46fa-8657-c3904d98a9d2
CH Sport Shirts,S3518,ProTeam ProFormance Polo,Forest Green,,False,False,False,,,,,0,9d03c43f-1dd6-446b-b9f4-2b1e318310bc
CH Sport Shirts,S4001,Snag Resist CBlock Polo,Black/Iron,,False,False,False,,,,,0,06a90cdf-3526-49ca-b370-2ba30bb6f416
CH Sport Shirts,S4001,Snag Resist CBlock Polo,Black/Red,,True,False,True,other,s4001_form_angle_blackred_021412.jpg,,s4001_blackred_flat_back_021712.jpg,2,06a90cdf-3526-49ca-b370-2ba30bb6f416
CH Sport Shirts,S4001,Snag Resist CBlock Polo,Black/White,,True,False,True,other,s4001_form_angle_blackwhite_021412.jpg,,s4001_blackwhite_flat_back_021712.jpg,2,06a90cdf-3526-49ca-b370-2ba30bb6f416
CH Sport Shirts,S4001,Snag Resist CBlock Polo,Iron Grey/Bk,,False,False,False,,,,,0,06a90cdf-3526-49ca-b370-2ba30bb6f416
CH Sport Shirts,S4002,Snag Resist Co Inset Polo,Black/CoalGry,,False,False,False,,,,,0,9fffb3a9-21ae-4b24-b1af-e4fbc92ec65a
CH Sport Shirts,S4002,Snag Resist Co Inset Polo,Black/Gold,,True,False,True,other,s4002_form_angle_blackgold_112014.jpg,,s4002_form_back_blackgold_112014.jpg,2,9fffb3a9-21ae-4b24-b1af-e4fbc92ec65a
CH Sport Shirts,S4002,Snag Resist Co Inset Polo,Black/Lime,,True,True,True,other,s4002_black_lime_formstraight_2012.jpg,s4002_black_lime_formside_2012.jpg,s4002_blacklime_form_back_2012.jpg,3,9fffb3a9-21ae-4b24-b1af-e4fbc92ec65a
CH Sport Shirts,S4002,Snag Resist Co Inset Polo,Black/Orange,,False,False,False,,,,,0,9fffb3a9-21ae-4b24-b1af-e4fbc92ec65a
CH Sport Shirts,S4002,Snag Resist Co Inset Polo,Black/Red,,True,True,True,other,s4002_black_red_formstraight_2012.jpg,s4002_black_red_formside_2012.jpg,s4002_blackred_form_back_2012.jpg,3,9fffb3a9-21ae-4b24-b1af-e4fbc92ec65a
CH Sport Shirts,S4002,Snag Resist Co Inset Polo,Black/Royal,,True,True,True,other,s4002_blackroyal_modl_studio-5_bc_c2018.jpg,s4002_black_royal_formside_2012.jpg,s4002_blackroyal_form_back_2012.jpg,3,9fffb3a9-21ae-4b24-b1af-e4fbc92ec65a
CH Sport Shirts,S4002,Snag Resist Co Inset Polo,Black/White,,True,True,True,other,s4002_black_white_formstraight_2012.jpg,s4002_black_white_formside_2012.jpg,s4002_blackwhite_form_back_2012.jpg,3,9fffb3a9-21ae-4b24-b1af-e4fbc92ec65a
CH Sport Shirts,S4005,Snag Proof Power Polo,Black,,True,False,True,other,s4005_form_angle_black_5084_032014.jpg,,s4005_form_back_black_032104.jpg,2,e9366b87-ad35-4b38-8a89-2251b58d9b45
CH Sport Shirts,S4005,Snag Proof Power Polo,Charcoal,,True,False,True,other,s4005_charcoal_modl_studio-2.jpg,,s4005_form_back_charcoal_032104.jpg,2,e9366b87-ad35-4b38-8a89-2251b58d9b45
CH Sport Shirts,S4005,Snag Proof Power Polo,Dark Green,,True,False,True,other,s4005_form_angle_darkgreen_5084_032014.jpg,,s4005_form_back_darkgreen_032104.jpg,2,e9366b87-ad35-4b38-8a89-2251b58d9b45
CH Sport Shirts,S4005,Snag Proof Power Polo,Dark Navy,,True,False,True,other,s4005_form_angle_darknavy_5084_032014.jpg,,s4005_form_back_darknavy_032104.jpg,2,e9366b87-ad35-4b38-8a89-2251b58d9b45
CH Sport Shirts,S4005,Snag Proof Power Polo,Maroon,,True,False,True,other,s4005_form_angle_maroon_5084_032014.jpg,,s4005_form_back_maroon_032104.jpg,2,e9366b87-ad35-4b38-8a89-2251b58d9b45
CH Sport Shirts,S4005,Snag Proof Power Polo,Red,,True,False,True,other,s4005_form_angle_red_5084_032014.jpg,,s4005_form_back_red_032104.jpg,2,e9366b87-ad35-4b38-8a89-2251b58d9b45
CH Sport Shirts,S4005,Snag Proof Power Polo,Royal,,True,False,True,other,s4005_form_angle_royal_5084_032014.jpg,,s4005_form_back_royal_032104.jpg,2,e9366b87-ad35-4b38-8a89-2251b58d9b45
CH Sport Shirts,S4005,Snag Proof Power Polo,Tan,,True,False,True,other,s4005_form_angle_tan_5084_032014.jpg,,s4005_form_back_tan_032104.jpg,2,e9366b87-ad35-4b38-8a89-2251b58d9b45
CH Sport Shirts,S4005,Snag Proof Power Polo,White,,True,False,True,other,s4005_form_angle_white_5091_032014.jpg,,s4005_form_back_white_032014.jpg,2,e9366b87-ad35-4b38-8a89-2251b58d9b45
CH Sport Shirts,S4005P,Snag Proof Power Pkt Polo,Black,,True,False,True,other,s4005p_form_angle_black_042014.jpg,,s4005p_form_back_black_032104.jpg,2,d5aeb924-d088-4480-8361-b0b2a2b0aa7f
CH Sport Shirts,S4005P,Snag Proof Power Pkt Polo,Charcoal,,True,False,True,other,s4005p_charcoal_modl_construction_studio-1-2019.jpg,,s4005p_form_back_charcoal_032104.jpg,2,d5aeb924-d088-4480-8361-b0b2a2b0aa7f
CH Sport Shirts,S4005P,Snag Proof Power Pkt Polo,Dark Navy,,True,False,True,other,s4005p_form_angle_darknavy_042014.jpg,,s4005p_form_back_darknavy_032104.jpg,2,d5aeb924-d088-4480-8361-b0b2a2b0aa7f
CH Sport Shirts,S4039,Pro Team Sport Shirt,Atomic Blue,,True,False,True,other,s4039_form_angle_atomicblue_122019_v2.jpg,,s4039_form_back_atomicblue_122019.jpg,2,5550c263-f1ef-4beb-a2ff-585a463ce371
CH Sport Shirts,S4039,Pro Team Sport Shirt,Black,,True,False,True,other,s4039_form_angle_black_112019.jpg,,s4039_form_back_black_112019.jpg,2,5550c263-f1ef-4beb-a2ff-585a463ce371
CH Sport Shirts,S4039,Pro Team Sport Shirt,Carolina Blue,,True,False,True,other,s4039_form_angle_carolinablue_112019.jpg,,s4039_form_back_carolinablue_112019.jpg,2,5550c263-f1ef-4beb-a2ff-585a463ce371
CH Sport Shirts,S4039,Pro Team Sport Shirt,Forest Green,,True,False,True,other,s4039_form_angle_forestgreen_112019.jpg,,s4039_form_back_forestgreen_112019.jpg,2,5550c263-f1ef-4beb-a2ff-585a463ce371
CH Sport Shirts,S4039,Pro Team Sport Shirt,Iron Grey,,True,False,True,other,s4039_form_angle_irongrey_122019.jpg,,s4039_form_back_irongrey_122019.jpg,2,5550c263-f1ef-4beb-a2ff-585a463ce371
CH Sport Shirts,S4039,Pro Team Sport Shirt,Maroon,,True,False,True,other,s4039_maroon_modl_studio_1_2021.jpg,,s4039_form_back_maroon_112019.jpg,2,5550c263-f1ef-4beb-a2ff-585a463ce371
CH Sport Shirts,S4039,Pro Team Sport Shirt,Purple,,True,False,True,other,s4039_form_angle_purple_112019.jpg,,s4039_form_back_purple_112019.jpg,2,5550c263-f1ef-4beb-a2ff-585a463ce371
CH Sport Shirts,S4039,Pro Team Sport Shirt,Silver,,True,False,True,other,s4039_form_angle_silver_112019.jpg,,s4039_form_back_silver_112019.jpg,2,5550c263-f1ef-4beb-a2ff-585a463ce371
CH Sport Shirts,S4039,Pro Team Sport Shirt,True Navy,,True,False,True,other,s4039_form_angle_truenavy_112019.jpg,,s4039_form_back_truenavy_112019.jpg,2,5550c263-f1ef-4beb-a2ff-585a463ce371
CH Sport Shirts,S4039,Pro Team Sport Shirt,True Red,,True,False,True,other,s4039_form_angle_truered_112019.jpg,,s4039_form_back_truered_112019.jpg,2,5550c263-f1ef-4beb-a2ff-585a463ce371
CH Sport Shirts,S4039,Pro Team Sport Shirt,True Royal,,True,False,True,other,s4039_form_angle_trueroyal_112019.jpg,,s4039_form_back_trueroyal_112019.jpg,2,5550c263-f1ef-4beb-a2ff-585a463ce371
CH Sport Shirts,S4039,Pro Team Sport Shirt,White,,True,False,True,other,s4039_form_angle_white_112019.jpg,,s4039_form_back_white_112019.jpg,2,5550c263-f1ef-4beb-a2ff-585a463ce371
CH Sport Shirts,S445,Snag Resist Polo,Black,,True,False,True,other,s445_black_form_angle_021412.jpg,,s445_black_flat_back_2010.jpg,2,5506355c-5ba8-464b-ad8c-1a2a52f48e34
CH Sport Shirts,S445,Snag Resist Polo,Blue Lake,,True,False,True,other,s445_bluelake_form_angle_021412.jpg,,s445_bluelake_flat_back_021612.jpg,2,5506355c-5ba8-464b-ad8c-1a2a52f48e34
CH Sport Shirts,S445,Snag Resist Polo,Gold,,True,False,True,other,s445_gold_form_angle_021412.jpg,,s445_gold_flat_back_021612.jpg,2,5506355c-5ba8-464b-ad8c-1a2a52f48e34
CH Sport Shirts,S445,Snag Resist Polo,Green Oasis,,True,False,True,other,s445_form_angle_greenoasis_032014.jpg,,s445_flat_back_greenoasis_032014.jpg,2,5506355c-5ba8-464b-ad8c-1a2a52f48e34
CH Sport Shirts,S445,Snag Resist Polo,Grey Concrete,,True,False,True,other,s445_form_angle_greyconcrete_092015.jpg,,s445_flat_back_greyconcrete_092015.jpg,2,5506355c-5ba8-464b-ad8c-1a2a52f48e34
CH Sport Shirts,S445,Snag Resist Polo,Iron Grey,,True,False,True,other,s445_irongrey_form_angle_021412.jpg,,s445_irongrey_flat_back_2010.jpg,2,5506355c-5ba8-464b-ad8c-1a2a52f48e34
CH Sport Shirts,S445,Snag Resist Polo,Kelly Green,,True,False,True,other,s445_kellygreen_form_angle_021412.jpg,,s445_kellygreen_flat_back_021612.jpg,2,5506355c-5ba8-464b-ad8c-1a2a52f48e34
CH Sport Shirts,S445,Snag Resist Polo,Orange,,True,False,False,other,s445_form_angle_orange_032014.jpg,,,1,5506355c-5ba8-464b-ad8c-1a2a52f48e34
CH Sport Shirts,S445,Snag Resist Polo,Purple,,True,False,True,other,s445_purple_form_angle_021412.jpg,,s445_purple_flat_back_021612.jpg,2,5506355c-5ba8-464b-ad8c-1a2a52f48e34
CH Sport Shirts,S445,Snag Resist Polo,Tropic Blue,,True,False,True,other,s445_tropicblue_form_angle_021412.jpg,,s445_tropicblue_flat_back_021612.jpg,2,5506355c-5ba8-464b-ad8c-1a2a52f48e34
CH Sport Shirts,S445,Snag Resist Polo,True Navy,,True,False,True,other,s445_truenavy_form_angle_021412.jpg,,s445_truenavy_flat_back_021612.jpg,2,5506355c-5ba8-464b-ad8c-1a2a52f48e34
CH Sport Shirts,S445,Snag Resist Polo,True Red,,True,False,True,other,s445_truered_form_angle_021412.jpg,,s445_truered_flat_back_021612.jpg,2,5506355c-5ba8-464b-ad8c-1a2a52f48e34
CH Sport Shirts,S445,Snag Resist Polo,True Royal,,True,False,True,other,s445_trueroyal_form_angle_101112.jpg,,s445_trueroyal_flat_back_021612.jpg,2,5506355c-5ba8-464b-ad8c-1a2a52f48e34
CH Sport Shirts,S445,Snag Resist Polo,White,,True,False,True,other,s445_white_form_angle_021412.jpg,,s445_white_flat_back_021612.jpg,2,5506355c-5ba8-464b-ad8c-1a2a52f48e34
CH Sport Shirts,S445LS,Snag Resist L/S Polo,Black,,True,False,True,other,s445ls_form_angle_black.jpg,,s445ls_flat_back_black_2013.jpg,2,f3d56fcd-7947-4ff5-b35f-9596d02506a0
CH Sport Shirts,S445LS,Snag Resist L/S Polo,Iron Grey,,True,False,True,other,s445ls_irongrey_modl_studio-2.jpg,,s445ls_flat_back_irongrey_2013.jpg,2,f3d56fcd-7947-4ff5-b35f-9596d02506a0
CH Sport Shirts,S445LS,Snag Resist L/S Polo,True Navy,,True,False,True,other,s445ls_form_angle_truenavy_022015.jpg,,s445ls_flat_back_truenavy_2013.jpg,2,f3d56fcd-7947-4ff5-b35f-9596d02506a0
CH Sport Shirts,TS445,Snag Resist Tall Polo,Black,,True,False,True,flat,ts445_black_flat_front.jpg,,ts445_black_flat_back.jpg,2,f96cc521-e5de-474e-acbe-f820f576459c
CH Sport Shirts,TS445,Snag Resist Tall Polo,Iron Grey,,True,False,True,flat,ts445_irongrey_flat_front.jpg,,ts445_irongrey_flat_back.jpg,2,f96cc521-e5de-474e-acbe-f820f576459c
CH Sport Shirts,TS445,Snag Resist Tall Polo,True Navy,,True,False,True,other,ts445_truenavy_modl_studio-1_1.jpg,,ts445_truenavy_flat_back.jpg,2,f96cc521-e5de-474e-acbe-f820f576459c
CH Sport Shirts,Y445,Snag Resist Yth Polo,Black,,True,False,True,other,y445_black_modl_crop-2_bc2_c2018.jpg,,y445_flat_back_black_2013.jpg,2,2077ae88-59b2-4eff-ac75-3238a2eb12fe
CH Sport Shirts,Y445,Snag Resist Yth Polo,Iron Grey,,True,False,True,other,y445_form_front_irongrey_072015p.jpg,,y445_flat_back_irongrey_2013.jpg,2,2077ae88-59b2-4eff-ac75-3238a2eb12fe
CH Sport Shirts,Y445,Snag Resist Yth Polo,True Navy,,True,False,False,other,y445_form_angle_truenavy_041912.jpg,,,1,2077ae88-59b2-4eff-ac75-3238a2eb12fe
CH Sport Shirts,Y445,Snag Resist Yth Polo,White,,True,False,True,other,y445_form_angle_white_041912.jpg,,y445_flat_back_white.jpg,2,2077ae88-59b2-4eff-ac75-3238a2eb12fe
CH Wovens,CH6200,Everyday EC L/S Wov Shirt,Black,,False,False,False,,,,,0,d13885c8-411d-4532-b0d7-b31640ecf202
CH Wovens,CH6200,Everyday EC L/S Wov Shirt,Dark Sand,,False,False,False,,,,,0,d13885c8-411d-4532-b0d7-b31640ecf202
CH Wovens,CH6200,Everyday EC L/S Wov Shirt,Iron Grey,,False,False,False,,,,,0,d13885c8-411d-4532-b0d7-b31640ecf202
CH Wovens,CH6200,Everyday EC L/S Wov Shirt,Red,,False,False,False,,,,,0,d13885c8-411d-4532-b0d7-b31640ecf202
CH Wovens,CH6200,Everyday EC L/S Wov Shirt,True Navy,,False,False,False,,,,,0,d13885c8-411d-4532-b0d7-b31640ecf202
CH Wovens,CH6200,Everyday EC L/S Wov Shirt,True Royal,,False,False,False,,,,,0,d13885c8-411d-4532-b0d7-b31640ecf202
CH Wovens,CH6200,Everyday EC L/S Wov Shirt,White,,False,False,False,,,,,0,d13885c8-411d-4532-b0d7-b31640ecf202
CH Wovens,CH6200L,Everyday EC L/S Wov Lad Shirt,Black,,True,True,False,other,ch6200l_modl_black_studio-angle_pdp_2026_cil.jpg,ch6200l_form-side_black_2026_cil.jpg,,2,74aebb66-4de8-4b3b-a88b-a4860b8c113c
CH Wovens,CH6200L,Everyday EC L/S Wov Lad Shirt,Dark Sand,,True,True,False,other,ch6200l_form-angle_dark-sand_2026_cil.jpg,ch6200l_form-side_dark-sand_2026_cil.jpg,,2,74aebb66-4de8-4b3b-a88b-a4860b8c113c
CH Wovens,CH6200L,Everyday EC L/S Wov Lad Shirt,Iron Grey,,True,True,False,other,ch6200l_form-angle_iron-grey_2026_cil.jpg,ch6200l_form-side_iron-grey_2026_cil.jpg,,2,74aebb66-4de8-4b3b-a88b-a4860b8c113c
CH Wovens,CH6200L,Everyday EC L/S Wov Lad Shirt,Red,,True,True,False,other,ch6200l_form-angle_red_2026_cil.jpg,ch6200l_form-side_red_2026_cil.jpg,,2,74aebb66-4de8-4b3b-a88b-a4860b8c113c
CH Wovens,CH6200L,Everyday EC L/S Wov Lad Shirt,True Navy,,True,True,False,other,ch6200l_form-angle_true-navy_2026_cil.jpg,ch6200l_form-side_true-navy_2026_cil.jpg,,2,74aebb66-4de8-4b3b-a88b-a4860b8c113c
CH Wovens,CH6200L,Everyday EC L/S Wov Lad Shirt,True Royal,,True,True,False,other,ch6200l_form-angle_true-royal_2026_cil.jpg,ch6200l_form-side_true-royal_2026_cil.jpg,,2,74aebb66-4de8-4b3b-a88b-a4860b8c113c
CH Wovens,CH6200L,Everyday EC L/S Wov Lad Shirt,White,,True,True,False,other,ch6200l_form-angle_white_2026_cil.jpg,ch6200l_form-side_white_2026_cil.jpg,,2,74aebb66-4de8-4b3b-a88b-a4860b8c113c
CH Wovens,CH6201,Everyday EC ShrtSlv Wov Shirt,Black,,False,False,False,,,,,0,7682ee30-b91b-42f7-a357-8049d494a2b1
CH Wovens,CH6201,Everyday EC ShrtSlv Wov Shirt,Dark Sand,,False,False,False,,,,,0,7682ee30-b91b-42f7-a357-8049d494a2b1
CH Wovens,CH6201,Everyday EC ShrtSlv Wov Shirt,Iron Grey,,False,False,False,,,,,0,7682ee30-b91b-42f7-a357-8049d494a2b1
CH Wovens,CH6201,Everyday EC ShrtSlv Wov Shirt,Red,,False,False,False,,,,,0,7682ee30-b91b-42f7-a357-8049d494a2b1
CH Wovens,CH6201,Everyday EC ShrtSlv Wov Shirt,True Navy,,False,False,False,,,,,0,7682ee30-b91b-42f7-a357-8049d494a2b1
CH Wovens,CH6201,Everyday EC ShrtSlv Wov Shirt,True Royal,,False,False,False,,,,,0,7682ee30-b91b-42f7-a357-8049d494a2b1
CH Wovens,CH6201,Everyday EC ShrtSlv Wov Shirt,White,,False,False,False,,,,,0,7682ee30-b91b-42f7-a357-8049d494a2b1
CH Wovens,CH6201L,Everyday EC S/S Wov Lds Shirt,Black,,True,True,False,other,ch6201l_form-angle_black_2026_cil.jpg,ch6201l_form-side_black_2026_cil.jpg,,2,61c3f154-f080-4e27-84be-4b6f8083f616
CH Wovens,CH6201L,Everyday EC S/S Wov Lds Shirt,Dark Sand,,True,True,False,other,ch6201l_modl_dark-sand_studio-angle_crop_2026_cil.jpg,ch6201l_form-side_dark-sand_2026_cil.jpg,,2,61c3f154-f080-4e27-84be-4b6f8083f616
CH Wovens,CH6201L,Everyday EC S/S Wov Lds Shirt,Iron Grey,,True,True,False,other,ch6201l_form-angle_iron-grey_2026_cil.jpg,ch6201l_form-side_iron-grey_2026_cil.jpg,,2,61c3f154-f080-4e27-84be-4b6f8083f616
CH Wovens,CH6201L,Everyday EC S/S Wov Lds Shirt,Red,,True,True,False,other,ch6201l_form-angle_red_2026_cil.jpg,ch6201l_form-side_red_2026_cil.jpg,,2,61c3f154-f080-4e27-84be-4b6f8083f616
CH Wovens,CH6201L,Everyday EC S/S Wov Lds Shirt,True Navy,,True,True,False,other,ch6201l_form-angle_true-navy_2026_cil.jpg,ch6201l_form-side_true-navy_2026_cil.jpg,,2,61c3f154-f080-4e27-84be-4b6f8083f616
CH Wovens,CH6201L,Everyday EC S/S Wov Lds Shirt,True Royal,,True,True,False,other,ch6201l_form-angle_true-royal_2026_cil.jpg,ch6201l_form-side_true-royal_2026_cil.jpg,,2,61c3f154-f080-4e27-84be-4b6f8083f616
CH Wovens,CH6201L,Everyday EC S/S Wov Lds Shirt,White,,True,True,False,other,ch6201l_form-angle_white_2026_cil.jpg,ch6201l_form-side_white_2026_cil.jpg,,2,61c3f154-f080-4e27-84be-4b6f8083f616
CH Wovens,D6013,Everyday L/S Woven Shirt,Black,,True,False,True,other,d6013_form_angle_black_032016_1.jpg,,d6013_form_back_black_032016.jpg,2,fc0c3ddb-7162-4ea9-9ef1-437b80a4844e
CH Wovens,D6013,Everyday L/S Woven Shirt,Iron Grey,,True,False,True,other,d6013_form_angle_irongrey_032016.jpg,,d6013_form_back_irongrey_032016.jpg,2,fc0c3ddb-7162-4ea9-9ef1-437b80a4844e
CH Wovens,D6013,Everyday L/S Woven Shirt,True Navy,,True,False,True,other,d6013_form_angle_truenavy_032016.jpg,,d6013_form_back_truenavy_032016.jpg,2,fc0c3ddb-7162-4ea9-9ef1-437b80a4844e
CH Wovens,D6013,Everyday L/S Woven Shirt,True Royal,,True,False,True,other,d6013_form_angle_trueroyal_032016.jpg,,d6013_form_back_trueroyal_032016.jpg,2,fc0c3ddb-7162-4ea9-9ef1-437b80a4844e
CH Wovens,D6013,Everyday L/S Woven Shirt,True White,,True,False,True,other,d6013_form_angle_true-white_2020.jpg,,d6013_form_back_true-white_2020.jpg,2,fc0c3ddb-7162-4ea9-9ef1-437b80a4844e
CH Wovens,D6021,Everyday S/S Woven Shirt,Black,,False,False,True,,,,d6021_form_back_black_032016.jpg,1,abc20f59-cd6c-4b78-ad25-e096acdb0482
CH Wovens,D6021,Everyday S/S Woven Shirt,Iron Grey,,False,False,True,,,,d6021_form_back_irongrey_032016.jpg,1,abc20f59-cd6c-4b78-ad25-e096acdb0482
CH Wovens,D6021,Everyday S/S Woven Shirt,True Navy,,False,False,True,,,,d6021_form_back_truenavy_032016.jpg,1,abc20f59-cd6c-4b78-ad25-e096acdb0482
CH Wovens,D6021,Everyday S/S Woven Shirt,True Royal,,False,False,True,,,,d6021_form_back_trueroyal_032016.jpg,1,abc20f59-cd6c-4b78-ad25-e096acdb0482
CH Wovens,D6021,Everyday S/S Woven Shirt,True White,,True,False,True,other,d6021_form_angle_true-white_2020.jpg,,d6021_form_back_true-white_2020.jpg,2,abc20f59-cd6c-4b78-ad25-e096acdb0482
CH Wovens,L6013,Everyday LongSleeve Lds' Woven,Black,,True,False,True,other,l6013_form_angle_black_032016v2_1.jpg,,l6013_form_back_black_032016.jpg,2,b180ac6a-e2c2-436b-940d-19443c387b3d
CH Wovens,L6013,Everyday LongSleeve Lds' Woven,Iron Grey,,True,False,True,other,l6013_form_angle_irongrey_032016v2.jpg,,l6013_form_back_irongrey_032016.jpg,2,b180ac6a-e2c2-436b-940d-19443c387b3d
CH Wovens,L6013,Everyday LongSleeve Lds' Woven,True Navy,,True,False,True,other,l6013_form_angle_truenavy_032016v2.jpg,,l6013_form_back_truenavy_032016.jpg,2,b180ac6a-e2c2-436b-940d-19443c387b3d
CH Wovens,L6013,Everyday LongSleeve Lds' Woven,True Royal,,True,False,True,other,l6013_form_angle_trueroyal_032016v2.jpg,,l6013_form_back_trueroyal_032016.jpg,2,b180ac6a-e2c2-436b-940d-19443c387b3d
CH Wovens,L6013,Everyday LongSleeve Lds' Woven,True White,,True,False,True,other,l6013_form_angle_true-white_2020.jpg,,l6013_form_back_true-white_2020.jpg,2,b180ac6a-e2c2-436b-940d-19443c387b3d
CH Wovens,L6021,Everyday ShortSleeve Lds'Woven,Black,,True,False,True,other,l6021_form_angle_black_032016_1.jpg,,l6021_form_back_black_032016.jpg,2,d69f464d-69fd-4f52-beab-98d73d3579a4
CH Wovens,L6021,Everyday ShortSleeve Lds'Woven,True Navy,,True,False,True,other,l6021_form_angle_truenavy_032016.jpg,,l6021_form_back_truenavy_032016.jpg,2,d69f464d-69fd-4f52-beab-98d73d3579a4
CH Wovens,L6021,Everyday ShortSleeve Lds'Woven,True Royal,,True,False,True,other,l6021_form_angle_trueroyal_032016.jpg,,l6021_form_back_trueroyal_032016.jpg,2,d69f464d-69fd-4f52-beab-98d73d3579a4
CH Wovens,L6021,Everyday ShortSleeve Lds'Woven,True White,,True,False,True,other,l6021_form_angle_true-white_2020.jpg,,l6021_form_back_true-white_2020.jpg,2,d69f464d-69fd-4f52-beab-98d73d3579a4
Callaway,CGM211,Core Performance Polo,Black,,True,False,True,other,cgm211_form_angle_black.jpg,,cgm211_form_back_black.jpg,2,de4ac855-3d89-4676-a96e-fcc8b122767e
Callaway,CGM211,Core Performance Polo,Bright White,,True,False,True,other,cgm211_form_angle_brightwhite_v3_122016_1.jpg,,cgm211_form_back_brightwhite_v3_122016.jpg,2,de4ac855-3d89-4676-a96e-fcc8b122767e
Callaway,CGM211,Core Performance Polo,Peacoat Navy,,True,False,True,other,cgm211_form_angle_peacoatnavy.jpg,,cgm211_form_back_peacoatnavy.jpg,2,de4ac855-3d89-4676-a96e-fcc8b122767e
Callaway,CGM211,Core Performance Polo,Smoked Pearl,,True,False,True,model,cgm211_modl_smoked-pearl_studio-front_crop_2026_cil.jpg,,cgm211_form_back_smokedpearl.jpg,2,de4ac855-3d89-4676-a96e-fcc8b122767e
Callaway,CGM211,Core Performance Polo,Surf the Web,,True,False,True,other,cgm211_form_angle_surftheweb_012017.jpg,,cgm211_form_back_surftheweb_012017.jpg,2,de4ac855-3d89-4676-a96e-fcc8b122767e
Callaway,CGM692,Birdseye Polo,Black,,True,False,True,model,cgm692_modl_black_studio-front_pdp_2026_cil.jpg,,cgm692_form_back_black_022019.jpg,2,cacd951c-652c-4da4-8688-a22f66dd665b
Callaway,CGM692,Birdseye Polo,Magnetic Blue,,True,False,True,other,cgm692_form_angle_magneticblue_042018_cc.jpg,,cgm692_form_back_magneticblue_042018_cc.jpg,2,cacd951c-652c-4da4-8688-a22f66dd665b
Callaway,CGM692,Birdseye Polo,Peacoat Navy,,False,False,False,,,,,0,cacd951c-652c-4da4-8688-a22f66dd665b
Callaway,CGM692,Birdseye Polo,Quiet Shade,,True,False,True,other,cgm692_form_angle_quietshade_042018_cc.jpg,,cgm692_form_back_quietshade_042018_cc.jpg,2,cacd951c-652c-4da4-8688-a22f66dd665b
Callaway,CGM791,Micro Chev Print Polo,Caviar,,True,False,False,model,cgm791_modl_caviar_studio-front_pdp_2026_cil.jpg,,,1,a9e6b260-2c8c-4ddc-94e8-78d33c2effdc
Callaway,CGM791,Micro Chev Print Polo,Peacoat Navy,,True,False,False,other,cgm791_form-front_peacoat-navy_2024_cil.jpg,,,1,a9e6b260-2c8c-4ddc-94e8-78d33c2effdc
Callaway,CGM794,All-Over Stitched Chev Polo,Lapis Blue,,True,False,False,other,cgm794_form-front_lapis-blue_2024_cil.jpg,,,1,ff1243de-711d-4bb3-99f6-6230e9695156
Callaway,CGM794,All-Over Stitched Chev Polo,Peacoat Navy,,True,False,False,other,cgm794_form-front_peacoat-navy_2024_cil.jpg,,,1,ff1243de-711d-4bb3-99f6-6230e9695156
Callaway,CGM794,All-Over Stitched Chev Polo,Tradewinds,,True,False,False,other,cgm794_form-front_tradewinds_2025_cil.jpg,,,1,ff1243de-711d-4bb3-99f6-6230e9695156
Callaway,CGW437,Opti-Vent Lds' Polo,Black,,True,False,True,other,cgw437_form_angle_black.jpg,,cgw437_form_back_black.jpg,2,7712cb8d-59e2-4a64-8b2f-0e660b6bce49
Callaway,CGW437,Opti-Vent Lds' Polo,Bright White,,True,False,True,other,cgw437_form_angle_brightwhite_v3_122016_1.jpg,,cgw437_form_back_brightwhite_v3_122016.jpg,2,7712cb8d-59e2-4a64-8b2f-0e660b6bce49
Callaway,CGW437,Opti-Vent Lds' Polo,Medium Blue,,True,False,True,other,cgw437_form_angle_mediumblue.jpg,,cgw437_form_back_mediumblue.jpg,2,7712cb8d-59e2-4a64-8b2f-0e660b6bce49
Callaway,CGW437,Opti-Vent Lds' Polo,Peacoat Navy,,True,False,True,other,cgw437_form_angle_peacoatnavy.jpg,,cgw437_form_back_peacoatnavy.jpg,2,7712cb8d-59e2-4a64-8b2f-0e660b6bce49
Callaway,CGW437,Opti-Vent Lds' Polo,Quiet Shade,,True,False,True,other,cgw437_form_angle_quietshade.jpg,,cgw437_form_back_quietshade.jpg,2,7712cb8d-59e2-4a64-8b2f-0e660b6bce49
Callaway,CGW437,Opti-Vent Lds' Polo,Salsa Red,,True,False,True,model,cgw437_modl_salsa-red_studio-front_pdp_2026_cil.jpg,,cgw437_form_back_salsared_122016.jpg,2,7712cb8d-59e2-4a64-8b2f-0e660b6bce49
Callaway,CGW437,Opti-Vent Lds' Polo,Vibrant Green,,True,False,True,other,cgw437_form_angle_vibrantgreen_122016.jpg,,cgw437_form_back_vibrantgreen_v2_012017.jpg,2,7712cb8d-59e2-4a64-8b2f-0e660b6bce49
Callaway,CGW693,Birdseye Lds' Polo,Black,,True,False,True,other,cgw693_form_angle_black_22019.jpg,,cgw693_form_back_black_022019.jpg,2,f16d6cd4-8b56-4175-a2b9-89161272bb95
Callaway,CGW693,Birdseye Lds' Polo,Magnetic Blue,,True,False,True,other,cgw693_form_angle_magneticblue_042018_cc.jpg,,cgw693_form_back_magneticblue_042018_cc.jpg,2,f16d6cd4-8b56-4175-a2b9-89161272bb95
Callaway,CGW693,Birdseye Lds' Polo,Peacoat Navy,,False,False,False,,,,,0,f16d6cd4-8b56-4175-a2b9-89161272bb95
Callaway,CGW693,Birdseye Lds' Polo,Quiet Shade,,True,False,True,model,cgw693_modl_quiet-shade_studio-front_pdp_2026_cil.jpg,,cgw693_form_back_quietshade_042018_cc.jpg,2,f16d6cd4-8b56-4175-a2b9-89161272bb95
Callaway,CGW792,All-Over Stitched Chev LdsPolo,Lapis Blue,,True,False,False,model,cgw792_modl_lapis-blue_studio-front_pdp_2026_cil.jpg,,,1,a3f52e3c-ff2d-45b7-9663-060bf0776419
Callaway,CGW792,All-Over Stitched Chev LdsPolo,Peacoat Navy,,True,False,False,other,cgw792_form-front_peacoat-navy_2025_cil.jpg,,,1,a3f52e3c-ff2d-45b7-9663-060bf0776419
Callaway,CGW792,All-Over Stitched Chev LdsPolo,Tradewinds,,True,False,False,other,cgw792_form-front_tradewinds_2025_cil.jpg,,,1,a3f52e3c-ff2d-45b7-9663-060bf0776419
Carhartt,CT89132109,Backpack 20-Can Cooler,Black,,True,False,False,other,ct89132109_form-front_black_2025_cil.jpg,,,1,5005a25d-bb62-4560-bd0a-553455ece423
Carhartt,CT89132109,Backpack 20-Can Cooler,CarharttBrown,,False,False,False,,,,,0,5005a25d-bb62-4560-bd0a-553455ece423
Carhartt,CT89240105,"Foundry Series 14"" Tool Bag",Black,,True,False,False,other,ct89240105_form-front_black_2025_cil.jpg,,,1,f7409f1d-bfb9-4832-9618-2c1ae39495e9
Carhartt,CT89240105,"Foundry Series 14"" Tool Bag",CarharttBrown,,False,False,False,,,,,0,f7409f1d-bfb9-4832-9618-2c1ae39495e9
Carhartt,CT89241804,Canvas Backpack,Black,,True,False,False,other,ct89241804_form-front_black_2025_cil.jpg,,,1,049359d7-a417-4d0d-ba61-c8c50fd7a8e0
Carhartt,CT89241804,Canvas Backpack,CarharttBrown,,False,False,False,,,,,0,049359d7-a417-4d0d-ba61-c8c50fd7a8e0
Carhartt,CT89241804,Canvas Backpack,Grey,,True,False,False,other,ct89241804_form-front_grey_2025_cil.jpg,,,1,049359d7-a417-4d0d-ba61-c8c50fd7a8e0
Carhartt,CT89251601,Lunch 6-Can Cooler,Black,,True,False,False,other,ct89251601_form-front_black_2025_cil.jpg,,,1,47d73b37-4b73-4fdf-8e78-6a7dfc5b7539
Carhartt,CT89251601,Lunch 6-Can Cooler,CarharttBrown,,False,False,False,,,,,0,47d73b37-4b73-4fdf-8e78-6a7dfc5b7539
Carhartt,CT89251601,Lunch 6-Can Cooler,Grey,,True,False,False,other,ct89251601_form-front_grey_2025_cil.jpg,,,1,47d73b37-4b73-4fdf-8e78-6a7dfc5b7539
Carhartt,CT89350303,Foundry Series Backpack,Black,,True,False,False,other,ct89350303_form-front_black_2025_cil.jpg,,,1,ead71ae9-85f0-4bca-aa7a-95cceb82b572
Carhartt,CT89350303,Foundry Series Backpack,CarharttBrown,,False,False,False,,,,,0,ead71ae9-85f0-4bca-aa7a-95cceb82b572
Carhartt,CT89350303,Foundry Series Backpack,Grey,,True,False,False,other,ct89350303_form-front_grey_2025_cil.jpg,,,1,ead71ae9-85f0-4bca-aa7a-95cceb82b572
Carhartt,CTB0000481,25L Ripstop Backpack,Black,,True,False,False,other,ctb0000481_form-front_black_2025_cil.jpg,,,1,42ae0a11-67b5-4ced-883e-f17ee21edbf8
Carhartt,CTB0000481,25L Ripstop Backpack,CarharttBrown,,False,False,False,,,,,0,42ae0a11-67b5-4ced-883e-f17ee21edbf8
Carhartt,CTB0000486,28L Foundry Dual Cmprtmnt Bkpk,Black,,True,False,True,other,ctb0000486_form-front_black_2025_cil.jpg,,ctb0000486_form-back-passthrough_black_2025_cil.jpg,2,a091a83b-ae70-4b4d-9532-74b63b99ee0d
Carhartt,CTB0000486,28L Foundry Dual Cmprtmnt Bkpk,CarharttBrown,,False,False,False,,,,,0,a091a83b-ae70-4b4d-9532-74b63b99ee0d
Carhartt,CTB0000487,120L Foundry Series Duffel,Black,,True,False,False,other,ctb0000487_form-front_black_2025_cil.jpg,,,1,0f0d224b-135d-4d01-b174-d7e5fbf99433
Carhartt,CTB0000487,120L Foundry Series Duffel,CarharttBrown,,False,False,False,,,,,0,0f0d224b-135d-4d01-b174-d7e5fbf99433
Dickies,2574,Dickies Twill S/Sleeve Shirt,Black,,True,False,False,other,2574_form-front_black_2022_cil.jpg,,,1,21dd728e-a7d8-4bfb-8175-ffb801fa9bd8
Dickies,LP60,M Dow Twl Crgo Pant RLXD,NAVY 30,,False,False,False,,,,,0,689c4926-1ea3-49a1-b2f1-745184116e1c
Dickies,WP59,M DICKIES CRGO WK PNT RLXD,"BLACK 30""",,False,False,False,,,,,0,e90f5f82-0ff1-42b8-bfa3-d4ae57106e0f
Dickies,WP59,M DICKIES CRGO WK PNT RLXD,"BLACK 32""",,False,False,False,,,,,0,e90f5f82-0ff1-42b8-bfa3-d4ae57106e0f
Dickies,WP59,M DICKIES CRGO WK PNT RLXD,"BLACK 34""",,False,False,False,,,,,0,e90f5f82-0ff1-42b8-bfa3-d4ae57106e0f
DryFrame,DF7612,Essential Puffy Jacket,Black,,True,True,False,other,df7612_modl_black_studio-crop_2024_cil.jpg,df7612_form-side_black_2024_cil.jpg,,2,04bb78d8-bed9-42b7-943f-e8e7dbbb1387
DryFrame,DF7612L,Essential Ladies Puffy Jacket,Black,,True,True,False,other,df6712l_modl_black_studio-crop_2024_cil.jpg,df7612l_form-side_black_2024_cil.jpg,,2,1d08b42e-57af-449d-aec8-b91009dc2f05
DryFrame,DF7630,Essential Insulated Hooded Jkt,Black,,True,True,False,other,df7630_modl_black_studio-crop_2024_cil.jpg,df7630_form-side_black_2024_cil.jpg,,2,039f7d15-4d08-4cda-970a-a37f1b60c9c4
DryFrame,DF7663,Dry Tech Parka,Black,,True,True,True,other,df7663_form_angle_hoodup_black.jpg,df7663_black_modl_outside_mountains_1.jpg,df7663_form_back_hoodup_black.jpg,3,413d5857-57dd-4393-9d1d-7cd62a3ca588
DryFrame,DF7663L,Dry Tech Lds' Parka,Black,,True,True,True,other,df7663l_form_angle_hoodup_black.jpg,df7663_df7663l_black_modl_outside2_index_c2018.jpg,df7663l_form_back_black.jpg,3,81ec694e-d7db-46eb-a8e4-0e56283a7e35
DryFrame,DF7672,Tri-Tech Hard Shell Jkt,Asphalt,,True,False,True,other,df7672_form_angle_hoodup_asphalt_062018.jpg,,df7672_form_back_hoodup_asphalt_062018.jpg,2,8cb7d698-ad27-4273-bba0-39c945065d6e
DryFrame,DF7672,Tri-Tech Hard Shell Jkt,Black,,True,False,True,other,df7672_form_angle_hoodup_black_062018.jpg,,df7672_form_back_hoodup_black_062018.jpg,2,8cb7d698-ad27-4273-bba0-39c945065d6e
DryFrame,DF7672,Tri-Tech Hard Shell Jkt,Emerald,,True,False,True,other,df7672_form_angle_hoodup_emerald_062018.jpg,,df7672_form_back_hoodup_emerald_062018.jpg,2,8cb7d698-ad27-4273-bba0-39c945065d6e
DryFrame,DF7672,Tri-Tech Hard Shell Jkt,Regatta Blue,,False,False,False,,,,,0,8cb7d698-ad27-4273-bba0-39c945065d6e
DryFrame,DF7672L,Tri-Tech Hard Shell Lds' Jkt,Asphalt,,True,False,True,other,df7672l_form_angle_hoodup_asphalt_062018.jpg,,df7672l_form_back_hoodup_asphalt_062018.jpg,2,b77fb3fe-0a68-4c28-8961-98ef56bd9496
DryFrame,DF7672L,Tri-Tech Hard Shell Lds' Jkt,Black,,True,False,True,other,df7672l_form_angle_hoodup_black_062018.jpg,,df7672l_form_back_hoodup_black_062018.jpg,2,b77fb3fe-0a68-4c28-8961-98ef56bd9496
DryFrame,DF7672L,Tri-Tech Hard Shell Lds' Jkt,Emerald,,True,False,True,other,df7672l_form_angle_hoodup_emerald_062018.jpg,,df7672l_form_back_hoodup_emerald_062018.jpg,2,b77fb3fe-0a68-4c28-8961-98ef56bd9496
DryFrame,DF7672L,Tri-Tech Hard Shell Lds' Jkt,Orchid,,True,False,True,other,df7672l_form_angle_hoodup_orchid_062018.jpg,,df7672l_form_back_hoodup_orchid_062018.jpg,2,b77fb3fe-0a68-4c28-8961-98ef56bd9496
DryFrame,DF7672L,Tri-Tech Hard Shell Lds' Jkt,Regatta Blue,,True,False,False,other,df7672l_modl_regatta-blue_crop-1_2024_cil.jpg,,,1,b77fb3fe-0a68-4c28-8961-98ef56bd9496
DryFrame,DF7673,Dry Tech Insulated Vest,Black,,True,False,True,other,df7673_form_angle_black_052018.jpg,,df7673_form_back_black_052018.jpg,2,ee364195-566e-432b-b96d-a4348a1cdada
DryFrame,DF7673L,Dry Tech Insulated Lds' Vest,Black,,True,False,True,other,df7673l_form_angle_black_052018.jpg,,df7673l_form_back_black_052018.jpg,2,2f4d25d2-e469-4819-be2e-d75ab5c3bcef
INIVI,IV152,Tahoma 2 Panel Cap,Black,,True,False,False,other,iv152_form-front_black_2025_cil.jpg,,,1,780d428a-f232-4091-9dca-5081f37bee43
KOI,KOI2052,Element Triblend Fleece FZ Hoo,Grey Shadow,,True,False,False,other,koi2052_form-front_grey-shadow_2024_cil.jpg,,,1,e50a907c-bc24-4e34-a342-a67fb33bc711
KOI,KOI2052,Element Triblend Fleece FZ Hoo,Indigo Frost,,True,False,False,other,koi2052_form-front_indigo-frost_2024_cil.jpg,,,1,e50a907c-bc24-4e34-a342-a67fb33bc711
KOI,KOI2052,Element Triblend Fleece FZ Hoo,Military Frst,,False,False,False,,,,,0,e50a907c-bc24-4e34-a342-a67fb33bc711
KOI,KOI2052,Element Triblend Fleece FZ Hoo,Onyx,,True,True,False,other,koi2052_modl_onyx_studio-man-5_2024_web.jpg,koi2052_form-side_onyx_2024_cil.jpg,,2,e50a907c-bc24-4e34-a342-a67fb33bc711
KOI,KOI2052,Element Triblend Fleece FZ Hoo,Sandstone,,True,True,False,other,koi2052_form-angle_sandstone_2024_cil.jpg,koi2052_form-side_sandstone_2024_cil.jpg,,2,e50a907c-bc24-4e34-a342-a67fb33bc711
KOI,KOI2055,Element Triblend Fleece PO Hoo,Grey Shadow,,True,False,False,other,koi2055_form-front_grey-shadow_2024_cil.jpg,,,1,d573a3cf-9384-4c73-aec9-28757546a5b7
KOI,KOI2055,Element Triblend Fleece PO Hoo,Indigo Frost,,True,False,False,other,koi2055_form-front_indigo-frost_2024_cil.jpg,,,1,d573a3cf-9384-4c73-aec9-28757546a5b7
KOI,KOI2055,Element Triblend Fleece PO Hoo,Military Frst,,False,False,False,,,,,0,d573a3cf-9384-4c73-aec9-28757546a5b7
KOI,KOI2055,Element Triblend Fleece PO Hoo,Onyx,,True,True,False,other,koi2055_form-angle_onyx_2024_cil.jpg,koi2055_form-side_onyx_2024_cil.jpg,,2,d573a3cf-9384-4c73-aec9-28757546a5b7
KOI,KOI2055,Element Triblend Fleece PO Hoo,Sandstone,,True,True,False,other,koi2055_modl_sandstone_studio-man-1_2024_web.jpg,koi2055_form-side_sandstone_2024_cil.jpg,,2,d573a3cf-9384-4c73-aec9-28757546a5b7
KOI,KOI2056,Element French Terry Hood,Blue Agave,,True,True,False,other,koi2056_form-angle_blue-agave_2025_cil.jpg,koi2056_form-side_blue-agave_2025_cil.jpg,,2,b36ffb3c-b7f0-4881-84f6-fcf1aa1c8135
KOI,KOI2056,Element French Terry Hood,Charcoal Hthr,,False,False,False,,,,,0,b36ffb3c-b7f0-4881-84f6-fcf1aa1c8135
KOI,KOI2056,Element French Terry Hood,Natural,,True,True,False,other,koi2056_modl_natural_studio-crop_2025_cil.jpg,koi2056_form-side_natural_2025_cil.jpg,,2,b36ffb3c-b7f0-4881-84f6-fcf1aa1c8135
KOI,KOI2056,Element French Terry Hood,Onyx,,True,True,False,other,koi2056_form-angle_onyx_2025_cil.jpg,koi2056_form-side_onyx_2025_cil.jpg,,2,b36ffb3c-b7f0-4881-84f6-fcf1aa1c8135
KOI,KOI2056,Element French Terry Hood,Terracotta,,True,True,False,other,koi2056_form-angle_terracotta_2025_cil.jpg,koi2056_form-side_terracotta_2025_cil.jpg,,2,b36ffb3c-b7f0-4881-84f6-fcf1aa1c8135
KOI,KOI2056,Element French Terry Hood,Thyme,,True,True,False,other,koi2056_form-angle_thyme_2025_cil.jpg,koi2056_form-side_thyme_2025_cil.jpg,,2,b36ffb3c-b7f0-4881-84f6-fcf1aa1c8135
KOI,KOI2057,Element French Terry Crew,Blue Agave,,True,True,False,other,koi2057_form-angle_blue-agave_2025_cil.jpg,koi2057_form-side_blue-agave_2025_cil.jpg,,2,010971ff-28ff-4fb0-9d0a-2c91837b06a3
KOI,KOI2057,Element French Terry Crew,Charcoal Hthr,,False,False,False,,,,,0,010971ff-28ff-4fb0-9d0a-2c91837b06a3
KOI,KOI2057,Element French Terry Crew,Natural,,True,True,False,other,koi2057_form-angle_natural_2025_cil.jpg,koi2057_form-side_natural_2025_cil.jpg,,2,010971ff-28ff-4fb0-9d0a-2c91837b06a3
KOI,KOI2057,Element French Terry Crew,Onyx,,True,True,False,other,koi2057_form-angle_onyx_2025_cil.jpg,koi2057_form-side_onyx_2025_cil.jpg,,2,010971ff-28ff-4fb0-9d0a-2c91837b06a3
KOI,KOI2057,Element French Terry Crew,Terracotta,,True,True,False,other,koi2057_modl_terracotta_studio-crop_2025_cil.jpg,koi2057_form-side_terracotta_2025_cil.jpg,,2,010971ff-28ff-4fb0-9d0a-2c91837b06a3
KOI,KOI2057,Element French Terry Crew,Thyme,,True,True,False,other,koi2057_form-angle_thyme_2025_cil.jpg,koi2057_form-side_thyme_2025_cil.jpg,,2,010971ff-28ff-4fb0-9d0a-2c91837b06a3
KOI,KOI2058,Element French Terry 1/4 Zip,Blue Agave,,True,True,False,other,koi2058_modl_blue-agave_studio-crop_2025_cil.jpg,koi2058_form-side_blue-agave_2025_cil.jpg,,2,edec000d-1684-4f1a-a88b-6b0a6606f6d9
KOI,KOI2058,Element French Terry 1/4 Zip,Charcoal Hthr,,False,False,False,,,,,0,edec000d-1684-4f1a-a88b-6b0a6606f6d9
KOI,KOI2058,Element French Terry 1/4 Zip,Natural,,True,True,False,other,koi2058_form-angle_natural_2025_cil.jpg,koi2058_form-side_natural_2025_cil.jpg,,2,edec000d-1684-4f1a-a88b-6b0a6606f6d9
KOI,KOI2058,Element French Terry 1/4 Zip,Onyx,,True,True,False,other,koi2058_form-angle_onyx_2025_cil.jpg,koi2058_form-side_onyx_2025_cil.jpg,,2,edec000d-1684-4f1a-a88b-6b0a6606f6d9
KOI,KOI2058,Element French Terry 1/4 Zip,Thyme,,True,True,False,other,koi2058_form-angle_thyme_2025_cil.jpg,koi2058_form-side_thyme_2025_cil.jpg,,2,edec000d-1684-4f1a-a88b-6b0a6606f6d9
KOI,KOI2240,Element CFF Crewneck,Balsam Green,,True,True,False,other,koi2240_form-angle_balsam-green_2025.jpg,koi2240_form-side_balsam-green_2025.jpg,,2,97a4fd24-90c9-4c47-936a-7516b8b98ee6
KOI,KOI2240,Element CFF Crewneck,Blue Mist,,True,True,False,other,koi2240_form-angle_blue-mist_2024_cil.jpg,koi2240_form-side_blue-mist_2024_cil.jpg,,2,97a4fd24-90c9-4c47-936a-7516b8b98ee6
KOI,KOI2240,Element CFF Crewneck,Bone,,True,True,False,other,koi2240_form-angle_bone_2025.jpg,koi2240_form-side_bone_2025.jpg,,2,97a4fd24-90c9-4c47-936a-7516b8b98ee6
KOI,KOI2240,Element CFF Crewneck,Charcoal Hthr,,False,False,False,,,,,0,97a4fd24-90c9-4c47-936a-7516b8b98ee6
KOI,KOI2240,Element CFF Crewneck,Coffee Brown,,True,True,False,other,koi2240_coffee-brown___koi2240_sahara_modl_crop_2024_cil.jpg,koi2240_form-side_coffee-brown_2024_cil.jpg,,2,97a4fd24-90c9-4c47-936a-7516b8b98ee6
KOI,KOI2240,Element CFF Crewneck,Dusty Rose,,True,True,False,other,koi2240_form-angle_dusty-rose_2025.jpg,koi2240_form-side_dusty-rose_2025.jpg,,2,97a4fd24-90c9-4c47-936a-7516b8b98ee6
KOI,KOI2240,Element CFF Crewneck,Grey Heather,,True,True,False,other,koi2240_form-angle_grey-heather_2024_temp_cil.jpg,koi2240_form-side_grey-heather_2024_temp_cil.jpg,,2,97a4fd24-90c9-4c47-936a-7516b8b98ee6
KOI,KOI2240,Element CFF Crewneck,Midnight Blue,,True,True,False,other,koi2240_form-angle_midnight-blue_2024_cil.jpg,koi2240_form-side_midnight-blue_2024_cil.jpg,,2,97a4fd24-90c9-4c47-936a-7516b8b98ee6
KOI,KOI2240,Element CFF Crewneck,Onyx,,True,True,False,other,koi2240_form-angle_onyx_2024_cil.jpg,koi2240_form-side_onyx_2024_cil.jpg,,2,97a4fd24-90c9-4c47-936a-7516b8b98ee6
KOI,KOI2240,Element CFF Crewneck,Orange Burst,,True,True,False,other,koi2240_form-angle_orange-burst_2024_cil.jpg,koi2240_form-side_orange-burst_2024_cil.jpg,,2,97a4fd24-90c9-4c47-936a-7516b8b98ee6
KOI,KOI2240,Element CFF Crewneck,Saddle,,True,True,False,other,koi2240_form-angle_saddle_2025_cil.jpg,koi2240_form-side_saddle_2025_cil.jpg,,2,97a4fd24-90c9-4c47-936a-7516b8b98ee6
KOI,KOI2240,Element CFF Crewneck,Sahara,,True,True,False,other,koi2240_form-angle_sahara_2024_cil.jpg,koi2240_form-side_sahara_2024_cil.jpg,,2,97a4fd24-90c9-4c47-936a-7516b8b98ee6
KOI,KOI2240L,Element CFF Ladies Crewneck,Blue Mist,,True,True,False,other,koi2240l_form-angle_blue-mist_2025_cil.jpg,koi2240l_form-side_blue-mist_2025_cil.jpg,,2,33d23b77-7de0-481b-964b-030e435b5f9c
KOI,KOI2240L,Element CFF Ladies Crewneck,Dusty Rose,,True,True,False,other,koi2240l_form-angle_dusty-rose_2025_cil.jpg,koi2240l_form-side_dusty-rose_2025_cil.jpg,,2,33d23b77-7de0-481b-964b-030e435b5f9c
KOI,KOI2240L,Element CFF Ladies Crewneck,Grey Heather,,True,True,False,other,koi2240l_form-front_grey-heather_2025_cil.jpg,koi2240l_form-side_grey-heather_2025_cil.jpg,,2,33d23b77-7de0-481b-964b-030e435b5f9c
KOI,KOI2240L,Element CFF Ladies Crewneck,Midnight Blue,,True,True,False,other,koi2240l_form-angle_midnight-blue_2025_cil.jpg,koi2240l_form-side_midnight-blue_2025_cil.jpg,,2,33d23b77-7de0-481b-964b-030e435b5f9c
KOI,KOI2240L,Element CFF Ladies Crewneck,Onyx,,True,True,False,other,koi2240l_form-angle_onyx_2025_cil.jpg,koi2240l_form-side_onyx_2025_cil.jpg,,2,33d23b77-7de0-481b-964b-030e435b5f9c
KOI,KOI2240L,Element CFF Ladies Crewneck,Sahara,,True,True,False,other,koi2240l_form-angle_sahara_2025_cil.jpg,koi2240l_form-side_sahara_2025_cil.jpg,,2,33d23b77-7de0-481b-964b-030e435b5f9c
KOI,KOI2270,Element CFF 1/2 Zip Sweatshirt,Blue Mist,,True,True,False,other,koi2270_form-angle_blue-mist_2025_cil.jpg,koi2270_form-side_blue-mist_2025_cil.jpg,,2,cff84021-2add-4dff-b8d7-dd607c87ac80
KOI,KOI2270,Element CFF 1/2 Zip Sweatshirt,Grey Heather,,True,True,False,other,koi2270_form-angle_grey-heather_2025_cil.jpg,koi2270_form-side_grey-heather_2025_cil.jpg,,2,cff84021-2add-4dff-b8d7-dd607c87ac80
KOI,KOI2270,Element CFF 1/2 Zip Sweatshirt,Midnight Blue,,True,True,False,other,koi2270_form-angle_midnight-blue_2025_cil.jpg,koi2270_form-side_midnight-blue_2025_cil.jpg,,2,cff84021-2add-4dff-b8d7-dd607c87ac80
KOI,KOI2270,Element CFF 1/2 Zip Sweatshirt,Onyx,,True,True,False,other,koi2270_form-angle_onyx_2025_cil.jpg,koi2270_form-side_onyx_2025_cil.jpg,,2,cff84021-2add-4dff-b8d7-dd607c87ac80
KOI,KOI2270,Element CFF 1/2 Zip Sweatshirt,Sahara,,True,True,False,other,koi2270_form-angle_sahara_2025_cil.jpg,koi2270_form-side_sahara_2025_cil.jpg,,2,cff84021-2add-4dff-b8d7-dd607c87ac80
KOI,KOI2280,Element CFF Open Bottom Swtpnt,Dusty Rose,,True,False,False,flat,koi2280_flat_dusty-rose_2025_cil.jpg,,,1,eaee7050-d45b-4365-b12c-a77de1b4350f
KOI,KOI2280,Element CFF Open Bottom Swtpnt,Grey Heather,,True,False,False,other,koi2280_grey-heather___koi8025_white___koi8070l_white_modl_studio_2025_cil_1.jpg,,,1,eaee7050-d45b-4365-b12c-a77de1b4350f
KOI,KOI2280,Element CFF Open Bottom Swtpnt,Midnight Blue,,True,False,False,flat,koi2280_flat_midnight-blue_2025_cil.jpg,,,1,eaee7050-d45b-4365-b12c-a77de1b4350f
KOI,KOI2280,Element CFF Open Bottom Swtpnt,Onyx,,True,False,False,flat,koi2280_flat_onyx_2025_cil.jpg,,,1,eaee7050-d45b-4365-b12c-a77de1b4350f
KOI,KOI2280,Element CFF Open Bottom Swtpnt,Sahara,,True,False,False,flat,koi2280_flat_sahara_2025_cil.jpg,,,1,eaee7050-d45b-4365-b12c-a77de1b4350f
KOI,KOI2280L,Element CFF OpnBtm Lds Swtpnt,Dusty Rose,,False,False,False,,,,,0,f122209b-bb4a-4a27-809d-661fae6b5e16
KOI,KOI2280L,Element CFF OpnBtm Lds Swtpnt,Grey Heather,,False,False,False,,,,,0,f122209b-bb4a-4a27-809d-661fae6b5e16
KOI,KOI2280L,Element CFF OpnBtm Lds Swtpnt,Midnight Blue,,False,False,False,,,,,0,f122209b-bb4a-4a27-809d-661fae6b5e16
KOI,KOI2280L,Element CFF OpnBtm Lds Swtpnt,Onyx,,False,False,False,,,,,0,f122209b-bb4a-4a27-809d-661fae6b5e16
KOI,KOI2280L,Element CFF OpnBtm Lds Swtpnt,Sahara,,False,False,False,,,,,0,f122209b-bb4a-4a27-809d-661fae6b5e16
KOI,KOI2280Y,Element CFF OpnBtm Yth Swtpnt,Dusty Rose,,False,False,False,,,,,0,71946a29-4cf3-4b61-822d-8439f9a3bd16
KOI,KOI2280Y,Element CFF OpnBtm Yth Swtpnt,Grey Heather,,False,False,False,,,,,0,71946a29-4cf3-4b61-822d-8439f9a3bd16
KOI,KOI2280Y,Element CFF OpnBtm Yth Swtpnt,Midnight Blue,,False,False,False,,,,,0,71946a29-4cf3-4b61-822d-8439f9a3bd16
KOI,KOI2280Y,Element CFF OpnBtm Yth Swtpnt,Onyx,,False,False,False,,,,,0,71946a29-4cf3-4b61-822d-8439f9a3bd16
KOI,KOI8050,Element TriBlend Tee,Grey Frost,,True,False,False,other,koi8050_form-angle_grey-frost_2023_cil.jpg,,,1,7a79563e-1040-4c57-b9e8-e8d5f8988ce2
KOI,KOI8050,Element TriBlend Tee,Indigo Frost,,True,False,False,other,koi8050_form-angle_indigo-frost_2023_cil.jpg,,,1,7a79563e-1040-4c57-b9e8-e8d5f8988ce2
KOI,KOI8050,Element TriBlend Tee,LapisBlueFrst,,False,False,False,,,,,0,7a79563e-1040-4c57-b9e8-e8d5f8988ce2
KOI,KOI8050,Element TriBlend Tee,Midnight Blue,,True,True,False,other,koi8050_modl_midnight-blue_studio-2-crop_2024_cil.jpg,koi8050_form-side_midnight-blue_2024_cil.jpg,,2,7a79563e-1040-4c57-b9e8-e8d5f8988ce2
KOI,KOI8050,Element TriBlend Tee,MilitaryFrost,,False,False,False,,,,,0,7a79563e-1040-4c57-b9e8-e8d5f8988ce2
KOI,KOI8050,Element TriBlend Tee,Onyx,,True,False,False,other,koi8050_form-angle_onyx_2023_cil.jpg,,,1,7a79563e-1040-4c57-b9e8-e8d5f8988ce2
KOI,KOI8050,Element TriBlend Tee,Onyx.Frost,,True,False,False,other,koi8050_form-angle_onyx-frost_2023_cil.jpg,,,1,7a79563e-1040-4c57-b9e8-e8d5f8988ce2
KOI,KOI8050,Element TriBlend Tee,Sandstone,,True,False,False,other,koi8050_form-angle_sandstone_2024_cil.jpg,,,1,7a79563e-1040-4c57-b9e8-e8d5f8988ce2
KOI,KOI8050,Element TriBlend Tee,Scarlet Frost,,True,True,False,other,koi8050_form-angle_scarlet-frost_2024_cil.jpg,koi8050_form-side_scarlet-frost_2024_cil.jpg,,2,7a79563e-1040-4c57-b9e8-e8d5f8988ce2
KOI,KOI8050,Element TriBlend Tee,White,,True,False,False,other,koi8050_form-angle_white_2023_cil.jpg,,,1,7a79563e-1040-4c57-b9e8-e8d5f8988ce2
KOI,KOI8050L,Element TriBlend Ladies Tee,Grey Frost,,True,False,False,other,koi8050l_form-angle_grey-frost_2023_cil.jpg,,,1,2dd004e0-7c56-470b-9a2e-888c0985ac03
KOI,KOI8050L,Element TriBlend Ladies Tee,Indigo Frost,,True,False,False,other,koi8050l_form-angle_indigo-frost_2023_cil.jpg,,,1,2dd004e0-7c56-470b-9a2e-888c0985ac03
KOI,KOI8050L,Element TriBlend Ladies Tee,Midnight Blue,,True,True,False,other,koi8050l_modl_midnight-blue_studio-4-crop_2024_cil.jpg,koi8050l_form-side_midnight-blue_2024_cil.jpg,,2,2dd004e0-7c56-470b-9a2e-888c0985ac03
KOI,KOI8050L,Element TriBlend Ladies Tee,Onyx,,True,False,False,other,koi8050l_form-angle_onyx_2023_cil.jpg,,,1,2dd004e0-7c56-470b-9a2e-888c0985ac03
KOI,KOI8050L,Element TriBlend Ladies Tee,Onyx.Frost,,True,False,False,other,koi8050l_form-angle_onyx-frost_2023_cil.jpg,,,1,2dd004e0-7c56-470b-9a2e-888c0985ac03
KOI,KOI8050L,Element TriBlend Ladies Tee,White,,True,False,False,other,koi8050l_form-angle_white_2023_cil.jpg,,,1,2dd004e0-7c56-470b-9a2e-888c0985ac03
KOI,KOI8051,Element Triblend L/S Hood,Grey Frost,,True,True,False,other,koi8051_modl_grey-frost_studio-4_2024-crop_cil.jpg,koi8051_form-side_grey-frost_2024_cil.jpg,,2,b9742b84-da7d-4b9b-baaa-180dd2674f0c
KOI,KOI8051,Element Triblend L/S Hood,Onyx,,True,True,False,other,koi8051_form-angle_onyx_2024_cil.jpg,koi8051_form-side_onyx_2024_cil.jpg,,2,b9742b84-da7d-4b9b-baaa-180dd2674f0c
KOI,KOI8055L,Element Triblend Lds Racerback,Grey Frost,,True,False,False,other,koi8055l_modl_grey-frost_studio-1-crop_2024_cil.jpg,,,1,a2a312d1-f13d-4f2a-bbdd-e90d50aa1eb8
KOI,KOI8055L,Element Triblend Lds Racerback,Onyx,,True,False,False,other,koi8055l_flat-front_onyx_2024.jpg,,,1,a2a312d1-f13d-4f2a-bbdd-e90d50aa1eb8
KOI,KOI8055L,Element Triblend Lds Racerback,White,,True,False,False,other,koi8055l_flat-front_white_2024.jpg,,,1,a2a312d1-f13d-4f2a-bbdd-e90d50aa1eb8
KOI,KOI8060,Element Ring Spun CVC Tee,Amethyst,,True,False,True,other,koi8060_amethyst_modl_studio1_2019.jpg,,koi8060_form_back_amethyst_062018.jpg,2,89b8c3b6-b86c-4efd-b390-56f03814c64f
KOI,KOI8060,Element Ring Spun CVC Tee,Charcoal,,True,False,True,other,koi8060_form-angle_charcoal_2026.jpg,,koi8060_form_back_charcoal_062018.jpg,2,89b8c3b6-b86c-4efd-b390-56f03814c64f
KOI,KOI8060,Element Ring Spun CVC Tee,Denim,,True,False,True,other,koi8060_form-angle_denim_v2_2026.jpg,,koi8060_form_back_denim_062018.jpg,2,89b8c3b6-b86c-4efd-b390-56f03814c64f
KOI,KOI8060,Element Ring Spun CVC Tee,Indigo,,True,False,True,other,koi8060_form-angle_indigo_2026.jpg,,koi8060_form_back_indigo_062018.jpg,2,89b8c3b6-b86c-4efd-b390-56f03814c64f
KOI,KOI8060,Element Ring Spun CVC Tee,Lapis,,True,False,True,other,koi8060_form-angle_lapis_2026.jpg,,koi8060_form_back_lapis_062018.jpg,2,89b8c3b6-b86c-4efd-b390-56f03814c64f
KOI,KOI8060,Element Ring Spun CVC Tee,Olive Green,,True,False,False,other,koi8060_form-angle_olive-green_2026.jpg,,,1,89b8c3b6-b86c-4efd-b390-56f03814c64f
KOI,KOI8060,Element Ring Spun CVC Tee,Onyx,,True,False,True,other,koi8060_form-angle_onyx_2026.jpg,,koi8060_form_back_onyx_cc.jpg,2,89b8c3b6-b86c-4efd-b390-56f03814c64f
KOI,KOI8060,Element Ring Spun CVC Tee,White,,True,False,True,other,koi8060_form-angle_white_2026.jpg,,koi8060_form_back_white_cc.jpg,2,89b8c3b6-b86c-4efd-b390-56f03814c64f
KOI,KOI8060L,Element Ring Spun CVC Lds Tee,Amethyst,,True,False,True,other,koi8060l_form-angle_amethyst_2026.jpg,,koi8060l_form_back_amethyst_062018.jpg,2,4f2c1459-0e3c-4684-8bea-4789638dc228
KOI,KOI8060L,Element Ring Spun CVC Lds Tee,Charcoal,,True,False,True,other,koi8060l_form-angle_charcoal_2026.jpg,,koi8060l_form_back_charcoal_062018.jpg,2,4f2c1459-0e3c-4684-8bea-4789638dc228
KOI,KOI8060L,Element Ring Spun CVC Lds Tee,Denim,,True,False,True,other,koi8060l_form-angle_denim_2026.jpg,,koi8060l_form_back_denim_062018.jpg,2,4f2c1459-0e3c-4684-8bea-4789638dc228
KOI,KOI8060L,Element Ring Spun CVC Lds Tee,Indigo,,True,False,True,other,koi8060l_form-angle_indigo_2026.jpg,,koi8060l_form_back_indigo_062018.jpg,2,4f2c1459-0e3c-4684-8bea-4789638dc228
KOI,KOI8060L,Element Ring Spun CVC Lds Tee,Lapis,,True,False,True,other,koi8060l_form-angle_lapis_2026.jpg,,koi8060l_form_back_lapis_062018.jpg,2,4f2c1459-0e3c-4684-8bea-4789638dc228
KOI,KOI8060L,Element Ring Spun CVC Lds Tee,Olive Green,,True,False,False,other,koi8060l_form-angle_olive-green_2026.jpg,,,1,4f2c1459-0e3c-4684-8bea-4789638dc228
KOI,KOI8060L,Element Ring Spun CVC Lds Tee,Onyx,,True,False,True,other,koi8060l_form-angle_onyx_2026.jpg,,koi8060l_form_back_onyx_cc.jpg,2,4f2c1459-0e3c-4684-8bea-4789638dc228
KOI,KOI8060L,Element Ring Spun CVC Lds Tee,White,,True,False,True,other,koi8060l_form-angle_white_2026.jpg,,koi8060l_form_back_white_cc.jpg,2,4f2c1459-0e3c-4684-8bea-4789638dc228
KOI,KOI8070,Element Ring Spun Cotton Tee,Blue Mist,,True,False,False,other,koi8070_form-angle_blue-mist_2024.jpg,,,1,cd81ee37-7daf-4351-a463-cde3e509223a
KOI,KOI8070,Element Ring Spun Cotton Tee,Charcoal Hthr,,False,False,False,,,,,0,cd81ee37-7daf-4351-a463-cde3e509223a
KOI,KOI8070,Element Ring Spun Cotton Tee,Coffee Brown,,True,False,False,other,koi8070_form-angle_coffee-brown_2024.jpg,,,1,cd81ee37-7daf-4351-a463-cde3e509223a
KOI,KOI8070,Element Ring Spun Cotton Tee,Grey Heather,,True,False,False,other,koi8070_modl_grey-heather_studio-2-crop_2024_cil.jpg,,,1,cd81ee37-7daf-4351-a463-cde3e509223a
KOI,KOI8070,Element Ring Spun Cotton Tee,Lapis Blue,,True,False,False,other,koi8070_form-angle_lapis-blue_2023_cil.jpg,,,1,cd81ee37-7daf-4351-a463-cde3e509223a
KOI,KOI8070,Element Ring Spun Cotton Tee,Midnight Blue,,True,False,False,other,koi8070_form-angle_midnight-blue_2023_cil.jpg,,,1,cd81ee37-7daf-4351-a463-cde3e509223a
KOI,KOI8070,Element Ring Spun Cotton Tee,Neptune Blue,,True,False,False,other,koi8070_form-angle_neptune-blue_2024_cil.jpg,,,1,cd81ee37-7daf-4351-a463-cde3e509223a
KOI,KOI8070,Element Ring Spun Cotton Tee,Onyx,,True,False,False,other,koi8070_form-angle_onyx_2023_cil.jpg,,,1,cd81ee37-7daf-4351-a463-cde3e509223a
KOI,KOI8070,Element Ring Spun Cotton Tee,Sahara,,True,False,False,other,koi8070_form-angle_sahara_2024.jpg,,,1,cd81ee37-7daf-4351-a463-cde3e509223a
KOI,KOI8070,Element Ring Spun Cotton Tee,Scarlet Red,,True,False,False,other,koi8070_form-angle_scarlet-red_2023_cil.jpg,,,1,cd81ee37-7daf-4351-a463-cde3e509223a
KOI,KOI8070,Element Ring Spun Cotton Tee,Storm Grey,,True,False,False,other,koi8070_form-angle_storm-grey_2023_cil.jpg,,,1,cd81ee37-7daf-4351-a463-cde3e509223a
KOI,KOI8070,Element Ring Spun Cotton Tee,White,,True,False,False,other,koi8070_form-angle_white_2023_cil.jpg,,,1,cd81ee37-7daf-4351-a463-cde3e509223a
KOI,KOI8070Y,Element Rng Spn Cotton Yth Tee,Grey Heather,,True,True,False,other,koi8070y_form-angle_grey-heather_2024_cil.jpg,koi8070y_form-side_grey-heather_2024_cil.jpg,,2,9575dbb2-95e8-4f12-ab98-74047a20b079
KOI,KOI8070Y,Element Rng Spn Cotton Yth Tee,Lapis Blue,,True,True,False,other,koi8070y_form-angle_lapis-blue_2024_cil.jpg,koi8070y_form-side_lapis-blue_2024_cil.jpg,,2,9575dbb2-95e8-4f12-ab98-74047a20b079
KOI,KOI8070Y,Element Rng Spn Cotton Yth Tee,Midnight Blue,,True,True,False,other,koi8070y_modl_midnight-blue_studio-girl-1-crop_2024_cil.jpg,koi8070y_form-side_midnight-blue_2024_cil.jpg,,2,9575dbb2-95e8-4f12-ab98-74047a20b079
KOI,KOI8070Y,Element Rng Spn Cotton Yth Tee,Onyx,,True,True,False,other,koi8070y_form-angle_onyx_2024_cil.jpg,koi8070y_form-side_onyx_2024_cil.jpg,,2,9575dbb2-95e8-4f12-ab98-74047a20b079
KOI,KOI8070Y,Element Rng Spn Cotton Yth Tee,Scarlet Red,,True,True,False,other,koi8070y_form-angle_scarlet-red_2024_cil.jpg,koi8070y_form-side_scarlet-red_2024_cil.jpg,,2,9575dbb2-95e8-4f12-ab98-74047a20b079
KOI,KOI8070Y,Element Rng Spn Cotton Yth Tee,White,,True,True,False,other,koi8070y_form-angle_white_2024_cil.jpg,koi8070y_form-side_white_2024_cil.jpg,,2,9575dbb2-95e8-4f12-ab98-74047a20b079
KOI,KOI8075,Element Rng Spn Cotton LS Tee,Grey Heather,,True,True,False,other,koi8075_modl_grey-heather_studio-1-crop_2024_cil.jpg,koi8075_form-side_grey-heather_2024_cil.jpg,,2,e3be4a6f-0995-43c4-93ff-7a9bd1095266
KOI,KOI8075,Element Rng Spn Cotton LS Tee,Midnight Blue,,True,True,False,other,koi8075_form-angle_midnight-blue_2024_cil.jpg,koi8075_form-side_midnight-blue_2024_cil.jpg,,2,e3be4a6f-0995-43c4-93ff-7a9bd1095266
KOI,KOI8075,Element Rng Spn Cotton LS Tee,Onyx,,True,True,False,other,koi8075_form-angle_onyx_2024_cil.jpg,koi8075_form-side_onyx_2024_cil.jpg,,2,e3be4a6f-0995-43c4-93ff-7a9bd1095266
KOI,KOI8075,Element Rng Spn Cotton LS Tee,White,,True,True,False,other,koi8075_form-angle_white_2024_cil.jpg,koi8075_form-side_white_2024_cil.jpg,,2,e3be4a6f-0995-43c4-93ff-7a9bd1095266
KOI Accessory,KOI1043,Canvas Backpack,Faded Black,,True,False,False,other,koi1043_form-angle_faded-black-bckgrnd-shadow_2025_cil.jpg,,,1,2110f281-813e-4fb2-885e-389df373474b
KOI Accessory,KOI1043,Canvas Backpack,Faded Grey,,True,False,False,other,koi1043_form-angle_faded-grey-bckgrnd-shadow_2025_cil.jpg,,,1,2110f281-813e-4fb2-885e-389df373474b
KOI Accessory,KOI1043,Canvas Backpack,Faded Tan,,True,False,False,other,koi1043_form-angle_faded-tan-bckgrnd-shadow_2025_cil.jpg,,,1,2110f281-813e-4fb2-885e-389df373474b
KOI Accessory,KOI1044,Canvas Duffel,Faded Black,,True,False,False,other,koi1044_form-front_faded-black-bckgrnd-shadow_2025_cil.jpg,,,1,021bb85a-8dd2-421f-8a9a-7ce6d3c1e029
KOI Accessory,KOI1044,Canvas Duffel,Faded Grey,,True,False,False,other,koi1044_form-front_faded-grey-bckgrnd-shadow_2025_cil.jpg,,,1,021bb85a-8dd2-421f-8a9a-7ce6d3c1e029
KOI Accessory,KOI1044,Canvas Duffel,Faded Tan,,True,False,False,other,koi1044_form-angle-left-strap-up_faded-tan_2025_cil_1.jpg,,,1,021bb85a-8dd2-421f-8a9a-7ce6d3c1e029
KOI Accessory,KOI1801,Matte Fanny Pack,Blue Mist,,True,False,True,other,koi1801_form-front_blue-mist-background_2025_cil_1.jpg,,koi1801_form-back-left_blue-mist_2025_cil.jpg,2,05199e11-4edb-4634-9a12-16d9a2e11ddc
KOI Accessory,KOI1801,Matte Fanny Pack,Midnight Blue,,True,False,True,other,koi1801_form-front_midnight-blue-background_2025_cil_1.jpg,,koi1801_form-back-left_midnight-blue_2025_cil.jpg,2,05199e11-4edb-4634-9a12-16d9a2e11ddc
KOI Accessory,KOI1801,Matte Fanny Pack,Onyx,,True,False,True,other,koi8050_white___koi1801_onyx_modl_studio-1_2024_croped.jpg,,koi1801_form-back-left_onyx_2024_cil.jpg,2,05199e11-4edb-4634-9a12-16d9a2e11ddc
KOI Accessory,KOI1801,Matte Fanny Pack,Sahara,,True,False,True,other,koi1801_form-front_sahara-background_2025_cil.jpg,,koi1801_form-back-left_sahara_2024_cil.jpg,2,05199e11-4edb-4634-9a12-16d9a2e11ddc
KOI Accessory,KOI1801,Matte Fanny Pack,Storm Grey,,True,False,True,other,koi1801_form-front_storm-grey-background_2025_cil.jpg,,koi1801_form-back-left_storm-grey_2024_cil.jpg,2,05199e11-4edb-4634-9a12-16d9a2e11ddc
KOI Accessory,KOI1802,Matte Sling Bag,Balsam Green,,True,False,False,other,koi1802_form-angle_balsam-green_2025_cil.jpg,,,1,f11c745e-58c1-4119-b2dd-24e5a41ac9d7
KOI Accessory,KOI1802,Matte Sling Bag,Blue Mist,,True,False,False,other,koi1802_form-angle_blue-mist_2025_cil.jpg,,,1,f11c745e-58c1-4119-b2dd-24e5a41ac9d7
KOI Accessory,KOI1802,Matte Sling Bag,Bone,,True,False,False,other,koi1802_form-angle_bone_2025_cil.jpg,,,1,f11c745e-58c1-4119-b2dd-24e5a41ac9d7
KOI Accessory,KOI1802,Matte Sling Bag,Dusty Rose,,True,False,False,other,koi1802_form-angle_dusty-rose_2025_cil.jpg,,,1,f11c745e-58c1-4119-b2dd-24e5a41ac9d7
KOI Accessory,KOI1802,Matte Sling Bag,Midnight Blue,,True,False,False,other,koi1802_form-angle_midnight-blue_2025_cil.jpg,,,1,f11c745e-58c1-4119-b2dd-24e5a41ac9d7
KOI Accessory,KOI1802,Matte Sling Bag,Onyx,,True,False,False,other,koi1802_form-angle_onyx_2024_cil.jpg,,,1,f11c745e-58c1-4119-b2dd-24e5a41ac9d7
KOI Accessory,KOI1802,Matte Sling Bag,Rosewood,,True,False,False,other,koi1802_form-angle_rosewood_2025_cil.jpg,,,1,f11c745e-58c1-4119-b2dd-24e5a41ac9d7
KOI Accessory,KOI1802,Matte Sling Bag,Saddle,,True,False,False,other,koi1802_form-angle_saddle_2025_cil.jpg,,,1,f11c745e-58c1-4119-b2dd-24e5a41ac9d7
KOI Accessory,KOI1802,Matte Sling Bag,Sahara,,True,False,False,other,koi1802_form-angle_sahara_2024_cil.jpg,,,1,f11c745e-58c1-4119-b2dd-24e5a41ac9d7
KOI Accessory,KOI1802,Matte Sling Bag,Storm Grey,,True,False,False,other,koi8070l_storm-grey___koi1802_sahara_modl_studio-2_crop_2024_cil.jpg,,,1,f11c745e-58c1-4119-b2dd-24e5a41ac9d7
KOI Accessory,KOI1803,Matte Backpack,Midnight Blue,,True,False,False,other,koi1803_form-angle_midnight-blue_2025_cil.jpg,,,1,1dfb61d8-aa4e-4cf1-9e2e-95ac14020715
KOI Accessory,KOI1803,Matte Backpack,Onyx,,True,False,False,other,koi1803_form-angle_onyx_2024_cil.jpg,,,1,1dfb61d8-aa4e-4cf1-9e2e-95ac14020715
KOI Accessory,KOI1803,Matte Backpack,Rosewood,,True,False,False,other,koi1803_form-angle_rosewood_2025_cil.jpg,,,1,1dfb61d8-aa4e-4cf1-9e2e-95ac14020715
KOI Accessory,KOI1803,Matte Backpack,Sahara,,True,False,False,other,koi1803_form-angle_sahara_2024_cil.jpg,,,1,1dfb61d8-aa4e-4cf1-9e2e-95ac14020715
KOI Accessory,KOI1803,Matte Backpack,Storm Grey,,True,False,False,other,koi8070l_white___koi1803_storm-grey_modl_studio-1_crop_2024_cil.jpg,,,1,1dfb61d8-aa4e-4cf1-9e2e-95ac14020715
KOI Accessory,KOI1804,Matte Handled Backpack,Onyx,,True,False,False,other,koi1804_form-front_onyx-background_v2_2025_cil.jpg,,,1,bae882bc-64fe-4089-a3c1-e08c8af07048
KOI Accessory,KOI1804,Matte Handled Backpack,Rosewood,,True,False,False,other,koi1804_form-front_rosewood-background_v2_2025_cil.jpg,,,1,bae882bc-64fe-4089-a3c1-e08c8af07048
KOI Accessory,KOI1804,Matte Handled Backpack,Sahara,,True,False,False,other,koi1804_form-front_sahara-background_v2_2025_cil.jpg,,,1,bae882bc-64fe-4089-a3c1-e08c8af07048
KOI Accessory,KOI1804,Matte Handled Backpack,Storm Grey,,True,True,False,other,koi1804_form-front_storm-grey-background_v2_2025_cil.jpg,koi1804_form-front-inside_storm-grey_2026_cil.jpg,,2,bae882bc-64fe-4089-a3c1-e08c8af07048
KOI Accessory,KOI1805,Matte Carryall Large Tote,Midnight Blue,,True,False,False,other,koi8070l_midnight-blue___koi1805_storm-grey_modl_studio-2_crop_2024_cil.jpg,,,1,bbd69f31-7fde-45e4-bfcd-4e9423aa0d2f
KOI Accessory,KOI1805,Matte Carryall Large Tote,Onyx,,True,True,False,other,koi1805_form-angle_onyx_strap-up_2024_cil.jpg,koi1805_form-inside_onyx_strap-down_2024_cil.jpg,,2,bbd69f31-7fde-45e4-bfcd-4e9423aa0d2f
KOI Accessory,KOI1805,Matte Carryall Large Tote,Sahara,,True,True,False,other,koi1805_form-angle_sahara_strap-up_2024_cil.jpg,koi1805_form-inside_sahara_strap-down_2024_cil.jpg,,2,bbd69f31-7fde-45e4-bfcd-4e9423aa0d2f
KOI Accessory,KOI1805,Matte Carryall Large Tote,Storm Grey,,True,False,False,other,koi1805_form-angle_storm-grey_strap-up_2024_cil.jpg,,,1,bbd69f31-7fde-45e4-bfcd-4e9423aa0d2f
KOI Accessory,KOI1806,Matte Hip Pack 1.5L,Balsam Green,,True,False,False,other,koi1806_form-front_balsam-green-background_v2_2025_cil.jpg,,,1,5d29cf20-eb39-432b-835c-72169feaeefe
KOI Accessory,KOI1806,Matte Hip Pack 1.5L,Blue Mist,,True,False,False,other,koi1806_form-front_blue-mist-background_v2_2025_cil.jpg,,,1,5d29cf20-eb39-432b-835c-72169feaeefe
KOI Accessory,KOI1806,Matte Hip Pack 1.5L,Bone,,True,False,False,other,koi1806_form-front_bone-background_v2_2025_cil.jpg,,,1,5d29cf20-eb39-432b-835c-72169feaeefe
KOI Accessory,KOI1806,Matte Hip Pack 1.5L,Dusty Rose,,True,False,False,other,koi1806_form-front_dusty-rose-background_v2_2025_cil.jpg,,,1,5d29cf20-eb39-432b-835c-72169feaeefe
KOI Accessory,KOI1806,Matte Hip Pack 1.5L,Midnight Blue,,True,False,False,other,koi1806_form-front_midnight-blue-background_v2_2025_cil.jpg,,,1,5d29cf20-eb39-432b-835c-72169feaeefe
KOI Accessory,KOI1806,Matte Hip Pack 1.5L,Onyx,,True,False,False,other,koi1806_form-front_onyx-background_v2_2025_cil.jpg,,,1,5d29cf20-eb39-432b-835c-72169feaeefe
KOI Accessory,KOI1806,Matte Hip Pack 1.5L,Rosewood,,True,False,False,other,koi1806_form-front_rosewood-background_v2_2025_cil.jpg,,,1,5d29cf20-eb39-432b-835c-72169feaeefe
KOI Accessory,KOI1806,Matte Hip Pack 1.5L,Saddle,,True,False,False,other,koi1806_form-front_saddle-background_2025_v2_cil.jpg,,,1,5d29cf20-eb39-432b-835c-72169feaeefe
KOI Accessory,KOI1806,Matte Hip Pack 1.5L,Sahara,,True,False,False,other,koi1806_form-front_sahara-background_2025_v2_cil.jpg,,,1,5d29cf20-eb39-432b-835c-72169feaeefe
KOI Accessory,KOI1806,Matte Hip Pack 1.5L,Storm Grey,,True,True,False,other,koi1806_form-front_storm-grey-background_2025_v2_cil.jpg,koi1806_form-inside_storm-grey_2026_cil.jpg,,2,5d29cf20-eb39-432b-835c-72169feaeefe
KOI Accessory,KOI1808,Matte Quilted Barrel Duffel,Onyx,,True,False,False,other,koi1808_form-angle_onyx_2025_cil.jpg,,,1,c1027f1e-84cc-4f05-b655-bf850644b469
KOI Accessory,KOI1808,Matte Quilted Barrel Duffel,Sahara,,True,False,False,other,koi1808_form-angle_sahara_2025_cil.jpg,,,1,c1027f1e-84cc-4f05-b655-bf850644b469
KOI Accessory,KOI1808,Matte Quilted Barrel Duffel,Storm Grey,,True,True,False,other,koi1808_form-angle_storm-grey_2025_cil.jpg,koi1808_form-inside_storm-grey_2026_cil.jpg,,2,c1027f1e-84cc-4f05-b655-bf850644b469
KOI Accessory,KOI1830,TwoTone Unstructured Snapback,Nat/Blue Mist,,False,False,False,,,,,0,b4b0235e-0e5d-4631-b727-ae9f703f4b89
KOI Accessory,KOI1830,TwoTone Unstructured Snapback,Nat/Charcoal,,False,False,False,,,,,0,b4b0235e-0e5d-4631-b727-ae9f703f4b89
KOI Accessory,KOI1830,TwoTone Unstructured Snapback,Nat/Cof Brown,,False,False,False,,,,,0,b4b0235e-0e5d-4631-b727-ae9f703f4b89
KOI Accessory,KOI1830,TwoTone Unstructured Snapback,Nat/LapisBlue,,False,False,False,,,,,0,b4b0235e-0e5d-4631-b727-ae9f703f4b89
KOI Accessory,KOI1830,TwoTone Unstructured Snapback,Nat/Mid Blue,,False,False,False,,,,,0,b4b0235e-0e5d-4631-b727-ae9f703f4b89
KOI Accessory,KOI1830,TwoTone Unstructured Snapback,Nat/Scar Red,,False,False,False,,,,,0,b4b0235e-0e5d-4631-b727-ae9f703f4b89
KOI Accessory,KOI1830,TwoTone Unstructured Snapback,Natural/Grey,,True,True,True,other,koi1830_form-angle_natural_grey_2026_cil.jpg,koi1830_form-inside_natural_grey_2026_cil.jpg,koi1830_form-angle_natural_grey_background_2026_cil.jpg,3,b4b0235e-0e5d-4631-b727-ae9f703f4b89
KOI Accessory,KOI1830,TwoTone Unstructured Snapback,Natural/Onyx,,True,True,True,other,koi1830_form-angle_natural_onyx_2026_cil.jpg,koi1830_form-inside_natural_onyx_2026_cil.jpg,koi1830_form-angle_natural_onyx_background_2026_cil.jpg,3,b4b0235e-0e5d-4631-b727-ae9f703f4b89
KOI Accessory,KOI1830,TwoTone Unstructured Snapback,Natural/Thyme,,True,True,True,other,koi1830_form-angle_natural_thyme_2026_cil.jpg,koi1830_form-inside_natural_thyme_2026_cil.jpg,koi1830_form-angle_natural_thyme_background_2026_cil.jpg,3,b4b0235e-0e5d-4631-b727-ae9f703f4b89
KOI Accessory,KOI1831,Cotton Twill Snapback Cap,Blue Mist,,True,True,True,other,koi1831_form-angle_blue-mist_2026_cil.jpg,koi1831_form-inside_blue-mist_2026_cil.jpg,koi1831_form-angle_blue-mist_background_2026_cil.jpg,3,13a50dfd-04a3-4e32-a99e-5c9b3d6e589d
KOI Accessory,KOI1831,Cotton Twill Snapback Cap,Charcoal,,True,True,True,other,koi1831_form-angle_charcoal_2026_cil.jpg,koi1831_form-inside_charcoal_2026_cil.jpg,koi1831_form-angle_charcoal_background_2026_cil.jpg,3,13a50dfd-04a3-4e32-a99e-5c9b3d6e589d
KOI Accessory,KOI1831,Cotton Twill Snapback Cap,Coffee Brown,,True,True,True,other,koi1831_form-angle_coffee-brown_2026_cil.jpg,koi1831_form-inside_coffee-brown_2026_cil.jpg,koi1831_form-angle_coffee-brown_background_2026_cil.jpg,3,13a50dfd-04a3-4e32-a99e-5c9b3d6e589d
KOI Accessory,KOI1831,Cotton Twill Snapback Cap,Grey,,True,True,True,other,koi1831_form-angle_grey_2026_cil.jpg,koi1831_form-inside_grey_2026_cil.jpg,koi1831_form-angle_grey_background_2026_cil.jpg,3,13a50dfd-04a3-4e32-a99e-5c9b3d6e589d
KOI Accessory,KOI1831,Cotton Twill Snapback Cap,Lapis Blue,,True,True,True,other,koi1831_form-angle_lapis-blue_2026_cil.jpg,koi1831_form-inside_lapis-blue_2026_cil.jpg,koi1831_form-angle_lapis-blue_background_2026_cil.jpg,3,13a50dfd-04a3-4e32-a99e-5c9b3d6e589d
KOI Accessory,KOI1831,Cotton Twill Snapback Cap,Midnight Navy,,True,True,False,other,koi1831_form-angle_midnight-navy_2026_cil.jpg,koi1831_form-inside_midnight-navy_2026_cil.jpg,,2,13a50dfd-04a3-4e32-a99e-5c9b3d6e589d
KOI Accessory,KOI1831,Cotton Twill Snapback Cap,Natural,,True,True,True,other,koi1831_natural_modl_crop_2026_cil.jpg,koi1831_form-inside_natural_2026_cil.jpg,koi1831_form-angle_natural_background_2026_cil.jpg,3,13a50dfd-04a3-4e32-a99e-5c9b3d6e589d
KOI Accessory,KOI1831,Cotton Twill Snapback Cap,Onyx,,True,True,True,other,koi1831_form-angle_onyx_2026_cil.jpg,koi1831_form-inside_onyx_2026_cil.jpg,koi1831_form-angle_onyx_background_2026_cil.jpg,3,13a50dfd-04a3-4e32-a99e-5c9b3d6e589d
KOI Accessory,KOI1831,Cotton Twill Snapback Cap,Scarlet Red,,True,True,True,other,koi1831_form-angle_scarlet-red_2026_cil.jpg,koi1831_form-inside_scarlet-red_2026_cil.jpg,koi1831_form-angle_scarlet-red_background_2026_cil.jpg,3,13a50dfd-04a3-4e32-a99e-5c9b3d6e589d
KOI Accessory,KOI1831,Cotton Twill Snapback Cap,Thyme,,True,True,True,other,koi1831_form-angle_thyme_2026_cil.jpg,koi1831_form-inside_thyme_2026_cil.jpg,koi1831_form-angle_thyme_background_2026_cil.jpg,3,13a50dfd-04a3-4e32-a99e-5c9b3d6e589d
KOI Accessory,KOI1835,KOI Matte Snapback Cap,Balsam Green,,True,True,False,other,koi1835_form-angle_balsam-green_2026_cil.jpg,koi1835_form-inside_balsam-green_2026_cil.jpg,,2,d1776083-d4f2-4000-b197-b7bb54b070bd
KOI Accessory,KOI1835,KOI Matte Snapback Cap,Blue Mist,,True,True,False,other,koi1835_form-angle_blue-mist_2026_cil.jpg,koi1835_form-inside_blue-mist_2026_cil.jpg,,2,d1776083-d4f2-4000-b197-b7bb54b070bd
KOI Accessory,KOI1835,KOI Matte Snapback Cap,Bone,,True,True,False,other,koi1835_form-angle_bone_2026_cil.jpg,koi1835_form-inside_bone_2026_cil.jpg,,2,d1776083-d4f2-4000-b197-b7bb54b070bd
KOI Accessory,KOI1835,KOI Matte Snapback Cap,Dusty Rose,,True,True,False,other,koi1835_form-angle_dusty-rose_2026_cil.jpg,koi1835_form-inside_dusty-rose_2026_cil.jpg,,2,d1776083-d4f2-4000-b197-b7bb54b070bd
KOI Accessory,KOI1835,KOI Matte Snapback Cap,Midnight Blue,,True,True,False,other,koi1835_form-angle_midnight-blue_2026_cil.jpg,koi1835_form-inside_midnight-blue_2026_cil.jpg,,2,d1776083-d4f2-4000-b197-b7bb54b070bd
KOI Accessory,KOI1835,KOI Matte Snapback Cap,Onyx,,True,True,False,other,koi1835_form-angle_onyx_2026_cil.jpg,koi1835_form-inside_onyx_2026_cil.jpg,,2,d1776083-d4f2-4000-b197-b7bb54b070bd
KOI Accessory,KOI1835,KOI Matte Snapback Cap,Saddle,,True,True,False,other,koi1835_form-angle_saddle_2026_cil.jpg,koi1835_form-inside_saddle_2026_cil.jpg,,2,d1776083-d4f2-4000-b197-b7bb54b070bd
KOI Accessory,KOI1835,KOI Matte Snapback Cap,Sahara,,True,True,False,other,koi1835_form-angle_sahara_2026_cil.jpg,koi1835_form-inside_sahara_2026_cil.jpg,,2,d1776083-d4f2-4000-b197-b7bb54b070bd
KOI Accessory,KOI1835,KOI Matte Snapback Cap,Storm Grey,,True,True,False,other,koi1835_form-angle_storm-grey_2026_cil.jpg,koi1835_form-inside_storm-grey_2026_cil.jpg,,2,d1776083-d4f2-4000-b197-b7bb54b070bd
KOI Accessory,KOI1836,KOI Matte 5-Panel Trucker Cap,BalsGreen/Bon,,False,False,False,,,,,0,bfb33520-f5f1-4f69-a771-f8b490ac990e
KOI Accessory,KOI1836,KOI Matte 5-Panel Trucker Cap,BlueMist/Bone,,False,False,False,,,,,0,bfb33520-f5f1-4f69-a771-f8b490ac990e
KOI Accessory,KOI1836,KOI Matte 5-Panel Trucker Cap,Bone/Bone,,True,True,False,other,koi1836_form-angle_bone_bone_2026_cil.jpg,koi1836_form-inside_bone_bone_2026_cil.jpg,,2,bfb33520-f5f1-4f69-a771-f8b490ac990e
KOI Accessory,KOI1836,KOI Matte 5-Panel Trucker Cap,DustyRose/Bon,,False,False,False,,,,,0,bfb33520-f5f1-4f69-a771-f8b490ac990e
KOI Accessory,KOI1836,KOI Matte 5-Panel Trucker Cap,MidBlue/Bone,,False,False,False,,,,,0,bfb33520-f5f1-4f69-a771-f8b490ac990e
KOI Accessory,KOI1836,KOI Matte 5-Panel Trucker Cap,Onyx/Bone,,True,True,False,other,koi1836_form-angle_onyx_bone_2026_cil.jpg,koi1836_form-inside_onyx_bone_2026_cil.jpg,,2,bfb33520-f5f1-4f69-a771-f8b490ac990e
KOI Accessory,KOI1836,KOI Matte 5-Panel Trucker Cap,Onyx/Onyx,,True,True,False,other,koi1836_form-angle_onyx_onyx_2026_cil.jpg,koi1836_form-inside_onyx_onyx_2026_cil.jpg,,2,bfb33520-f5f1-4f69-a771-f8b490ac990e
KOI Accessory,KOI1836,KOI Matte 5-Panel Trucker Cap,Saddle/Bone,,True,True,False,other,koi1836_form-angle_saddle_bone_2026_cil.jpg,koi1836_form-inside_saddle_bone_2026_cil.jpg,,2,bfb33520-f5f1-4f69-a771-f8b490ac990e
KOI Accessory,KOI1836,KOI Matte 5-Panel Trucker Cap,Sahara/Bone,,True,True,False,other,koi1836_form-angle_sahara_bone_2026_cil.jpg,koi1836_form-inside_sahara_bone_2026_cil.jpg,,2,bfb33520-f5f1-4f69-a771-f8b490ac990e
KOI Accessory,KOI1836,KOI Matte 5-Panel Trucker Cap,StormGr/Bone,,False,False,False,,,,,0,bfb33520-f5f1-4f69-a771-f8b490ac990e
Marketing,DONATION,Opportunitee fundraiser,Backpack,,False,False,False,,,,,0,5a36746d-3688-48f3-845c-d5ba8ee180aa
Marketing,FOLDERS,Marketing Folders,Black/White,,False,False,False,,,,,0,c668c96f-5f04-4ada-a9de-c722e77bf358
Marketing,HOODIECF,CF Wearable Hoodie,English Logo,,False,False,False,,,,,0,69fdde0b-7202-48cf-8cbc-fb13cc9848f8
Marketing,HOODIECF,CF Wearable Hoodie,French Logo,,False,False,False,,,,,0,69fdde0b-7202-48cf-8cbc-fb13cc9848f8
Marketing,INSERT,Thank you cards,`2025 Gift Ta,,False,False,False,,,,,0,4d0878d9-fc3b-4ea5-a6ca-f27b474a83d9
Marketing,INSERT,Thank you cards,`Bumblebee,,False,False,False,,,,,0,4d0878d9-fc3b-4ea5-a6ca-f27b474a83d9
Marketing,INSERT,Thank you cards,`Owl,,False,False,False,,,,,0,4d0878d9-fc3b-4ea5-a6ca-f27b474a83d9
Marketing,INSERT,Thank you cards,`Squirrel,,False,False,False,,,,,0,4d0878d9-fc3b-4ea5-a6ca-f27b474a83d9
Marketing,LOOKBOOK,Lookbook,F26,,False,False,False,,,,,0,cb718645-e888-40b6-a14c-6d49c237330c
Marketing,MAGNETS,PROMOTIONAL MAGNETS,ATC Comparabl,,False,False,False,,,,,0,e29b1302-5e90-4801-ab5f-932ab1755513
Marketing,MINTS,Mint Candy,Mint,,False,False,False,,,,,0,826371a9-cb0e-4ea4-80c0-05c50ba6697c
Marketing,SHIPCINCH,Ship Cinch Bag,ATC,,True,False,False,other,shipcinch_atc_bunnies-2_2025.jpg,,,1,3f2df0e4-c104-405f-afba-1ceffff28fab
Marketing,TEECF,CF Wearable Tee,English Logo,,False,False,False,,,,,0,bc0ad726-e351-46f6-a4a1-17adccc0b372
Marketing,TEECF,CF Wearable Tee,French Logo,,False,False,False,,,,,0,bc0ad726-e351-46f6-a4a1-17adccc0b372
New Era,NE0920,Custom Cap,~Lode King,,False,False,False,,,,,0,e2fa5da6-64bc-4f41-bf30-9bd9377a8393
New Era,NE0920,Custom Cap,~Mend The Gap,,False,False,False,,,,,0,e2fa5da6-64bc-4f41-bf30-9bd9377a8393
New Era,NE1000,Structured Stretch Cotton Cap,Flag Black,,True,True,False,other,ne1000_form-front_flag-black_2025_cil.jpg,ne1000_form-inside_flag-black_2025_cil.jpg,,2,dcebf4a0-b8f1-4f0b-a73d-64c2ac772d6f
New Era,NE1000,Structured Stretch Cotton Cap,Flag Camo,,True,True,False,other,ne1000_form-front_flag-camo_2025_cil.jpg,ne1000_form-inside_flag-camo_2025_cil.jpg,,2,dcebf4a0-b8f1-4f0b-a73d-64c2ac772d6f
New Era,NE1000,Structured Stretch Cotton Cap,Flag Dp Navy,,False,False,False,,,,,0,dcebf4a0-b8f1-4f0b-a73d-64c2ac772d6f
New Era,NE1000,Structured Stretch Cotton Cap,Flag Drk Grn,,False,False,False,,,,,0,dcebf4a0-b8f1-4f0b-a73d-64c2ac772d6f
New Era,NE1000,Structured Stretch Cotton Cap,Flag Graphite,,True,True,False,other,ne1000_form-front_flag-graphite_2025_cil.jpg,ne1000_form-inside_flag-graphite_2025_cil.jpg,,2,dcebf4a0-b8f1-4f0b-a73d-64c2ac772d6f
New Era,NE1000,Structured Stretch Cotton Cap,Flag Royal,,True,True,False,other,ne1000_form-front_flag-royal_2025_cil.jpg,ne1000_form-inside_flag-royal_2025_cil.jpg,,2,dcebf4a0-b8f1-4f0b-a73d-64c2ac772d6f
New Era,NE1000,Structured Stretch Cotton Cap,Flag Scarlet,,True,True,False,other,ne1000_form-front_flag-scarlet-red_2025_cil.jpg,ne1000_form-inside_flag-scarlet-red_2025_cil.jpg,,2,dcebf4a0-b8f1-4f0b-a73d-64c2ac772d6f
New Era,NE1000,Structured Stretch Cotton Cap,Flag White,,True,True,False,other,ne1000_form-front_flag-white_2025_cil.jpg,ne1000_form-inside_flag-white_2025_cil.jpg,,2,dcebf4a0-b8f1-4f0b-a73d-64c2ac772d6f
New Era,NE1020,Stretch Mesh Cap,Flag Blk/Blk,,False,False,False,,,,,0,e2a35185-6575-464f-8aa6-2738113e03d9
New Era,NE1020,Stretch Mesh Cap,Flag Blk/Wht,,False,False,False,,,,,0,e2a35185-6575-464f-8aa6-2738113e03d9
New Era,NE1020,Stretch Mesh Cap,Flag Chr/Chr,,False,False,False,,,,,0,e2a35185-6575-464f-8aa6-2738113e03d9
New Era,NE1020,Stretch Mesh Cap,Flag DpNy/DN,,False,False,False,,,,,0,e2a35185-6575-464f-8aa6-2738113e03d9
New Era,NE1020,Stretch Mesh Cap,Flag DpNy/Wh,,False,False,False,,,,,0,e2a35185-6575-464f-8aa6-2738113e03d9
New Era,NE1020,Stretch Mesh Cap,Flag Grt/Grn,,False,False,False,,,,,0,e2a35185-6575-464f-8aa6-2738113e03d9
New Era,NE1020,Stretch Mesh Cap,Flag Gry/Blk,,False,False,False,,,,,0,e2a35185-6575-464f-8aa6-2738113e03d9
New Era,NE1020,Stretch Mesh Cap,Flag Roy/Roy,,False,False,False,,,,,0,e2a35185-6575-464f-8aa6-2738113e03d9
New Era,NE1020,Stretch Mesh Cap,Flag Wht/Wht,,False,False,False,,,,,0,e2a35185-6575-464f-8aa6-2738113e03d9
New Era,NE1121,Diamond Era Stretch Cap,Flag Black,,True,True,False,other,ne1121_form-front_flag-black_2026_cil.jpg,ne1121_form-inside_flag-black_2026_cil.jpg,,2,da9892c5-a6b1-4c85-bf0a-32693cf044d6
New Era,NE1121,Diamond Era Stretch Cap,Flag Dp Navy,,False,False,False,,,,,0,da9892c5-a6b1-4c85-bf0a-32693cf044d6
New Era,NE1121,Diamond Era Stretch Cap,Flag Graphite,,True,True,False,other,ne1121_form-front_flag-graphite_2026_cil.jpg,ne1121_form-inside_flag-graphite_2026_cil.jpg,,2,da9892c5-a6b1-4c85-bf0a-32693cf044d6
New Era,NE200,Adjustable Structured Cap,Flag Black,,True,True,False,other,ne200_form-front_flag-black_2025_cil.jpg,ne200_form-inside_flag-black_2025_cil.jpg,,2,bc96ae57-80b8-4621-9440-6c3e809dfecd
New Era,NE200,Adjustable Structured Cap,Flag Dp Navy,,False,False,False,,,,,0,bc96ae57-80b8-4621-9440-6c3e809dfecd
New Era,NE200,Adjustable Structured Cap,Flag Graphite,,True,True,False,other,ne200_form-front_flag-graphite_2026_cil.jpg,ne200_form-inside_flag-graphite_2026_cil.jpg,,2,bc96ae57-80b8-4621-9440-6c3e809dfecd
New Era,NE200,Adjustable Structured Cap,Flag Royal,,True,True,False,other,ne200_form-front_flag-royal_2025_cil.jpg,ne200_form-inside_flag-royal_2025_cil.jpg,,2,bc96ae57-80b8-4621-9440-6c3e809dfecd
New Era,NE200,Adjustable Structured Cap,Flag Scarlet,,True,True,False,other,ne200_form-front_flag-scarlet_2025_cil.jpg,ne200_form-inside_flag-scarlet_2025_cil.jpg,,2,bc96ae57-80b8-4621-9440-6c3e809dfecd
New Era,NE200,Adjustable Structured Cap,Flag White,,True,True,False,other,ne200_form-front_flag-white_2025_cil.jpg,ne200_form-inside_flag-white_2025_cil.jpg,,2,bc96ae57-80b8-4621-9440-6c3e809dfecd
New Era,NE205,Snapback Trucker Cap,Flag Blk/Blk,,False,False,False,,,,,0,ae524184-3066-43a0-8259-4c436b345687
New Era,NE205,Snapback Trucker Cap,Flag Blk/Wht,,False,False,False,,,,,0,ae524184-3066-43a0-8259-4c436b345687
New Era,NE205,Snapback Trucker Cap,Flag Camo/Blk,,False,False,False,,,,,0,ae524184-3066-43a0-8259-4c436b345687
New Era,NE205,Snapback Trucker Cap,Flag DNvy/Wht,,False,False,False,,,,,0,ae524184-3066-43a0-8259-4c436b345687
New Era,NE205,Snapback Trucker Cap,Flag Grap/Blk,,False,False,False,,,,,0,ae524184-3066-43a0-8259-4c436b345687
New Era,NE205,Snapback Trucker Cap,Flag Roy/Wht,,False,False,False,,,,,0,ae524184-3066-43a0-8259-4c436b345687
New Era,NE208,Recycled Snapback Cap,Flag Black,,True,True,False,other,ne208_form-front_flag-black_2026_cil.jpg,ne208_form-inside_flag-black_2026_cil.jpg,,2,370c9e8f-e036-4525-9d5f-ac399035a288
New Era,NE208,Recycled Snapback Cap,Flag Graphite,,True,True,False,other,ne208_form-front_flag-graphite_2026_cil.jpg,ne208_form-inside_flag-graphite_2026_cil.jpg,,2,370c9e8f-e036-4525-9d5f-ac399035a288
New Era,NE400,Flat Bill Snapback Cap,Flag Black,,True,True,False,other,ne400_form-front_flag-black_2025_cil.jpg,ne400_form-inside_flag-black_2025_cil.jpg,,2,58b6d121-f424-4334-8bdb-62fb9f4ce799
New Era,NE400,Flat Bill Snapback Cap,Flag Camo,,True,True,False,other,ne400_form-front_flag-camo_2025_cil.jpg,ne400_form-inside_flag-camo_2025_cil.jpg,,2,58b6d121-f424-4334-8bdb-62fb9f4ce799
New Era,NE400,Flat Bill Snapback Cap,Flag Charcoal,,True,True,False,other,ne400_form-front_flag-charcoal_2025_cil.jpg,ne400_form-inside_flag-charcoal_2025_cil.jpg,,2,58b6d121-f424-4334-8bdb-62fb9f4ce799
New Era,NE400,Flat Bill Snapback Cap,Flag Drk Navy,,False,False,False,,,,,0,58b6d121-f424-4334-8bdb-62fb9f4ce799
New Era,NE400,Flat Bill Snapback Cap,Flag Grey,,True,True,False,other,ne400_form-front_flag-grey_2025_cil.jpg,ne400_form-inside_flag-grey_2025_cil.jpg,,2,58b6d121-f424-4334-8bdb-62fb9f4ce799
New Era,NE400,Flat Bill Snapback Cap,Flag Royal,,True,True,False,other,ne400_form-front_flag-royal_2025_cil.jpg,ne400_form-inside_flag-royal_2025_cil.jpg,,2,58b6d121-f424-4334-8bdb-62fb9f4ce799
New Era,NE400,Flat Bill Snapback Cap,Flag Srt Red,,False,False,False,,,,,0,58b6d121-f424-4334-8bdb-62fb9f4ce799
New Era,NE400,Flat Bill Snapback Cap,Flag White,,True,True,False,other,ne400_form-front_flag-white_2025_cil.jpg,ne400_form-inside_flag-white_2025_cil.jpg,,2,58b6d121-f424-4334-8bdb-62fb9f4ce799
New Era,NE406,Perforated Performance Cap,Flag Black,,True,True,False,other,ne406_form-front_flag-black_2025_cil.jpg,ne406_form-inside_flag-black_2025_cil.jpg,,2,4b1f1ddc-83a2-444d-af01-ef46f7064b4b
New Era,NE406,Perforated Performance Cap,Flag Dp Navy,,False,False,False,,,,,0,4b1f1ddc-83a2-444d-af01-ef46f7064b4b
New Era,NE406,Perforated Performance Cap,Flag Graphite,,True,True,False,other,ne406_form-front_flag-graphite_2026_cil.jpg,ne406_form-inside_flag-graphite_2026_cil.jpg,,2,4b1f1ddc-83a2-444d-af01-ef46f7064b4b
New Era,NE8004C,FlatBill Snapback Colorblk Cap,Black/Gold,,False,False,False,,,,,0,5b960aa0-b334-498d-9c4e-6dbc6408b735
New Era,NE8004C,FlatBill Snapback Colorblk Cap,Black/Graphit,,False,False,False,,,,,0,5b960aa0-b334-498d-9c4e-6dbc6408b735
New Era,NE8004C,FlatBill Snapback Colorblk Cap,Black/Lime,,False,False,False,,,,,0,5b960aa0-b334-498d-9c4e-6dbc6408b735
New Era,NE8004C,FlatBill Snapback Colorblk Cap,Black/Red,,False,False,False,,,,,0,5b960aa0-b334-498d-9c4e-6dbc6408b735
New Era,NE8004C,FlatBill Snapback Colorblk Cap,Black/Royal,,False,False,False,,,,,0,5b960aa0-b334-498d-9c4e-6dbc6408b735
New Era,NE900,Fleece Lined Skull Beanie,Black,,True,False,False,flat,ne900_flat_black_2025_cil.jpg,,,1,1f6a5d35-04f3-4f89-9deb-52e6d86d9e13
New Era,NE900,Fleece Lined Skull Beanie,Deep Navy,,False,False,False,,,,,0,1f6a5d35-04f3-4f89-9deb-52e6d86d9e13
New Era,NE900,Fleece Lined Skull Beanie,Grey,,True,False,False,flat,ne900_flat_grey_2025_cil.jpg,,,1,1f6a5d35-04f3-4f89-9deb-52e6d86d9e13
New Era,NE900,Fleece Lined Skull Beanie,Slate Grey,,True,False,False,flat,ne900_flat_slate-grey_2025_cil.jpg,,,1,1f6a5d35-04f3-4f89-9deb-52e6d86d9e13
New Era,NE901,Pom Pom Toque,Black,,True,False,False,flat,ne_901_flat_black.jpg,,,1,479a6fc4-5858-49b6-bd55-2fcdd68fed85
New Era,NE901,Pom Pom Toque,Deep Navy,,False,False,False,,,,,0,479a6fc4-5858-49b6-bd55-2fcdd68fed85
New Era,NE901,Pom Pom Toque,Grey,,True,False,False,flat,ne_901_flat_grey.jpg,,,1,479a6fc4-5858-49b6-bd55-2fcdd68fed85
New Era,NE901,Pom Pom Toque,Pink,,True,False,False,flat,ne_901_flat_pink.jpg,,,1,479a6fc4-5858-49b6-bd55-2fcdd68fed85
New Era,NE901,Pom Pom Toque,Red,,True,False,False,flat,ne_901_flat_red.jpg,,,1,479a6fc4-5858-49b6-bd55-2fcdd68fed85
New Era,NE907,Recycled Cuff Beanie,Black,,True,False,False,flat,ne907_flat_black_2023_cil.jpg,,,1,ffdbfa04-d9f6-4521-810f-c5806a070abe
Nike,203690,Tech Basic Dri-FIT Polo,Black,,True,False,False,other,203690_flat-front_black_2021.jpg,,,1,e9d87cd0-7baa-4569-844e-a94c11c13d97
Nike,203690,Tech Basic Dri-FIT Polo,Midnight Navy,,True,False,False,flat,203690_flat_midnight-navy_front_2024_cil.jpg,,,1,e9d87cd0-7baa-4569-844e-a94c11c13d97
Nike,203690,Tech Basic Dri-FIT Polo,Pro Red,,True,False,False,flat,203690_flat_pro-red_front_2024_cil.jpg,,,1,e9d87cd0-7baa-4569-844e-a94c11c13d97
Nike,203690,Tech Basic Dri-FIT Polo,Varsity Royal,,True,False,False,flat,203690_flat_varsity-royal_front_2024_cil.jpg,,,1,e9d87cd0-7baa-4569-844e-a94c11c13d97
Nike,203690,Tech Basic Dri-FIT Polo,White,,True,False,False,model,203690_modl_white_studio-front_pdp_2026_exp-2027aug16_cil.jpg,,,1,e9d87cd0-7baa-4569-844e-a94c11c13d97
Nike,203697,Tech Basic Dri-FIT Ladies Polo,Black,,True,False,False,flat,203697_flat_black_front_2024_cil.jpg,,,1,f95c4477-e69d-48b8-95bb-95838a6ed36c
Nike,203697,Tech Basic Dri-FIT Ladies Polo,Midnight Navy,,True,False,False,flat,203697_flat_midnight-navy_front_2024_cil.jpg,,,1,f95c4477-e69d-48b8-95bb-95838a6ed36c
Nike,203697,Tech Basic Dri-FIT Ladies Polo,Pro Red,,True,False,False,flat,203697_flat_pro-red_front_2024_cil.jpg,,,1,f95c4477-e69d-48b8-95bb-95838a6ed36c
Nike,203697,Tech Basic Dri-FIT Ladies Polo,Varsity Royal,,True,False,False,flat,203697_flat_varsity-royal_front_2024_cil.jpg,,,1,f95c4477-e69d-48b8-95bb-95838a6ed36c
Nike,203697,Tech Basic Dri-FIT Ladies Polo,White,,True,False,False,flat,203697_flat_white_front_2024_cil.jpg,,,1,f95c4477-e69d-48b8-95bb-95838a6ed36c
Nike,637165,Dri-FIT Vertical Mesh Lds Polo,Anthracite,,True,False,False,flat,637165_flat_anthracite_front_2024_cil.jpg,,,1,4217eda2-1613-4b2b-be4b-4f2c5e6074ce
Nike,637165,Dri-FIT Vertical Mesh Lds Polo,Black,,True,False,False,flat,637165_flat_black_front_2024_cil.jpg,,,1,4217eda2-1613-4b2b-be4b-4f2c5e6074ce
Nike,637165,Dri-FIT Vertical Mesh Lds Polo,Brisk Blue,,True,False,False,flat,637165_flat_brisk-blue_front_2024_cil.jpg,,,1,4217eda2-1613-4b2b-be4b-4f2c5e6074ce
Nike,637165,Dri-FIT Vertical Mesh Lds Polo,Cool Grey,,True,False,False,model,637165_modl_cool-grey_studio-front_pdp_2026_exp-2027aug16_cil.jpg,,,1,4217eda2-1613-4b2b-be4b-4f2c5e6074ce
Nike,637165,Dri-FIT Vertical Mesh Lds Polo,Marine,,True,False,False,flat,637165_flat_marine_front_2024_cil.jpg,,,1,4217eda2-1613-4b2b-be4b-4f2c5e6074ce
Nike,637165,Dri-FIT Vertical Mesh Lds Polo,Old Royal,,True,False,False,flat,637165_flat_old-royal_front_2024_cil.jpg,,,1,4217eda2-1613-4b2b-be4b-4f2c5e6074ce
Nike,637165,Dri-FIT Vertical Mesh Lds Polo,UniversityRed,,False,False,False,,,,,0,4217eda2-1613-4b2b-be4b-4f2c5e6074ce
Nike,637165,Dri-FIT Vertical Mesh Lds Polo,White,,True,False,False,flat,637165_flat_white_front_2024_cil.jpg,,,1,4217eda2-1613-4b2b-be4b-4f2c5e6074ce
Nike,637167,Dri-FIT Vertical Mesh Polo,Anthracite,,True,False,False,flat,637167_flat_anthracite_front_2024_cil.jpg,,,1,013ab13b-5a47-4cdc-9c93-88a7895922aa
Nike,637167,Dri-FIT Vertical Mesh Polo,Black,,True,False,False,flat,637167_flat_black_front_2024_cil.jpg,,,1,013ab13b-5a47-4cdc-9c93-88a7895922aa
Nike,637167,Dri-FIT Vertical Mesh Polo,Brisk Blue,,True,False,False,flat,637167_flat_brisk-blue_front_2024_cil.jpg,,,1,013ab13b-5a47-4cdc-9c93-88a7895922aa
Nike,637167,Dri-FIT Vertical Mesh Polo,Cool Grey,,True,False,False,model,637167_modl_cool-grey_studio-front_pdp_2026_exp-2031feb13_cil.jpg,,,1,013ab13b-5a47-4cdc-9c93-88a7895922aa
Nike,637167,Dri-FIT Vertical Mesh Polo,Marine,,True,False,False,flat,637167_flat_marine_front_2024_cil.jpg,,,1,013ab13b-5a47-4cdc-9c93-88a7895922aa
Nike,637167,Dri-FIT Vertical Mesh Polo,Old Royal,,True,False,False,flat,637167_flat_old-royal_front_2024_cil.jpg,,,1,013ab13b-5a47-4cdc-9c93-88a7895922aa
Nike,637167,Dri-FIT Vertical Mesh Polo,UniversityRed,,False,False,False,,,,,0,013ab13b-5a47-4cdc-9c93-88a7895922aa
Nike,637167,Dri-FIT Vertical Mesh Polo,White,,True,False,False,flat,637167_flat_white_front_2024_cil.jpg,,,1,013ab13b-5a47-4cdc-9c93-88a7895922aa
Nike,DR1499,Club Fleece P/O Corporate Hood,Anthracite,,True,False,False,other,dr1499_flat-front_anthracite_2022_cil.jpg,,,1,bcd67890-b1c0-4840-994f-db4a58b452b4
Nike,DR1499,Club Fleece P/O Corporate Hood,Black,,True,False,False,other,dr1499_flat-front_black_2022_cil.jpg,,,1,bcd67890-b1c0-4840-994f-db4a58b452b4
Nike,DR1499,Club Fleece P/O Corporate Hood,Dk Grey Hthr,,False,False,False,,,,,0,bcd67890-b1c0-4840-994f-db4a58b452b4
Nike,DR1499,Club Fleece P/O Corporate Hood,Game Royal,,True,False,False,other,dr1499_flat-front_game-royal_2025_cil.jpg,,,1,bcd67890-b1c0-4840-994f-db4a58b452b4
Nike,DR1499,Club Fleece P/O Corporate Hood,Gorge Green,,True,False,False,model,dr1499_modl_gorge-green_studio-front_pdp_2026_exp-2028nov10_cil.jpg,,,1,bcd67890-b1c0-4840-994f-db4a58b452b4
Nike,DR1499,Club Fleece P/O Corporate Hood,Midnight Navy,,True,False,False,other,dr1499_flat-front_midnight-navy_2022_cil.jpg,,,1,bcd67890-b1c0-4840-994f-db4a58b452b4
Nike,DR1499,Club Fleece P/O Corporate Hood,UniversityRed,,False,False,False,,,,,0,bcd67890-b1c0-4840-994f-db4a58b452b4
Nike,DR1499,Club Fleece P/O Corporate Hood,White,,True,False,False,other,dr1499_flat-front_white_2022_cil.jpg,,,1,bcd67890-b1c0-4840-994f-db4a58b452b4
Nike,DR1513,Club Fleece FZ Corporate Hoody,Black,,True,False,False,other,dr1513_flat-front_black_2022_cil.jpg,,,1,2bddaf66-1bac-4c15-8710-cef065674c4f
Nike,DR1513,Club Fleece FZ Corporate Hoody,Charcoal,,True,False,False,model,dr1513_modl_charcoal-heather_studio-front_pdp_2026_exp-2028nov10_cil.jpg,,,1,2bddaf66-1bac-4c15-8710-cef065674c4f
Nike,DR1513,Club Fleece FZ Corporate Hoody,Dk Gry Hthr,,False,False,False,,,,,0,2bddaf66-1bac-4c15-8710-cef065674c4f
Nike,DR1513,Club Fleece FZ Corporate Hoody,Midnight Navy,,True,False,False,other,dr1513_flat-front_midnight-navy_2022_cil.jpg,,,1,2bddaf66-1bac-4c15-8710-cef065674c4f
Nike,DR1513,Club Fleece FZ Corporate Hoody,White,,True,False,False,other,dr1513_flat-front_white_2022_cil.jpg,,,1,2bddaf66-1bac-4c15-8710-cef065674c4f
Nike,NKBQ5230,Dri-FIT Cotton/Poly Long Sleev,Anthracite,,True,False,False,other,nkbq5230_form-angle_anthracite_2024_cil.jpg,,,1,14b93cc5-bbd7-45d8-a731-db73ecaf31c2
Nike,NKBQ5230,Dri-FIT Cotton/Poly Long Sleev,Black,,True,False,False,model,nkbq5230_modl_black_studio-front_pdp_2026_exp-2031feb13_cil.jpg,,,1,14b93cc5-bbd7-45d8-a731-db73ecaf31c2
Nike,NKBQ5230,Dri-FIT Cotton/Poly Long Sleev,College Navy,,True,False,False,other,nkbq5230_form-angle_college-navy_2024_cil.jpg,,,1,14b93cc5-bbd7-45d8-a731-db73ecaf31c2
Nike,NKBQ5230,Dri-FIT Cotton/Poly Long Sleev,White,,True,False,False,other,nkbq5230_form-angle_white_2024_cil.jpg,,,1,14b93cc5-bbd7-45d8-a731-db73ecaf31c2
Nike,NKBQ5231,Dri-FIT Cotton/Poly Tee,Anthracite,,True,False,False,other,nkbq5231_form-angle_anthracite_2024_cil.jpg,,,1,5c5cf887-bc6f-44b8-9f72-b6bc6e07e652
Nike,NKBQ5231,Dri-FIT Cotton/Poly Tee,Black,,True,False,False,other,nkbq5231_form-angle_black_2024_cil.jpg,,,1,5c5cf887-bc6f-44b8-9f72-b6bc6e07e652
Nike,NKBQ5231,Dri-FIT Cotton/Poly Tee,BrilliantOran,,False,False,False,,,,,0,5c5cf887-bc6f-44b8-9f72-b6bc6e07e652
Nike,NKBQ5231,Dri-FIT Cotton/Poly Tee,College Navy,,True,False,False,other,nkbq5231_form-angle_college-navy_2024_cil.jpg,,,1,5c5cf887-bc6f-44b8-9f72-b6bc6e07e652
Nike,NKBQ5231,Dri-FIT Cotton/Poly Tee,Rush Blue,,True,False,False,other,nkbq5231_form-angle_rush-blue_2024_cil.jpg,,,1,5c5cf887-bc6f-44b8-9f72-b6bc6e07e652
Nike,NKBQ5231,Dri-FIT Cotton/Poly Tee,UniversityRed,,False,False,False,,,,,0,5c5cf887-bc6f-44b8-9f72-b6bc6e07e652
Nike,NKBQ5231,Dri-FIT Cotton/Poly Tee,White,,True,False,False,other,nkbq5231_form-angle_white_2024_cil.jpg,,,1,5c5cf887-bc6f-44b8-9f72-b6bc6e07e652
Nike,NKBQ5234,Dri-FIT Cotton/Poly Lds Tee,Anthracite,,True,False,False,model,nkbq5234_modl_anthracite_studio-front_pdp_2026_exp-2031feb13_cil.jpg,,,1,788aba67-69f7-4b95-b5ec-c33375b1d77a
Nike,NKBQ5234,Dri-FIT Cotton/Poly Lds Tee,Black,,True,False,False,other,nkbq5234_form-angle_black_2024_cil.jpg,,,1,788aba67-69f7-4b95-b5ec-c33375b1d77a
Nike,NKBQ5234,Dri-FIT Cotton/Poly Lds Tee,College Navy,,True,False,False,other,nkbq5234_form-angle_college-navy_2024_cil.jpg,,,1,788aba67-69f7-4b95-b5ec-c33375b1d77a
Nike,NKBQ5234,Dri-FIT Cotton/Poly Lds Tee,UniversityRed,,False,False,False,,,,,0,788aba67-69f7-4b95-b5ec-c33375b1d77a
Nike,NKBQ5234,Dri-FIT Cotton/Poly Lds Tee,White,,True,False,False,other,nkbq5234_form-angle_white_2024_cil.jpg,,,1,788aba67-69f7-4b95-b5ec-c33375b1d77a
Nike,NKBV6044,Dry 1/2 Zip Cover Up,Black,,True,False,False,model,nkbv6044_modl_black_studio-front_pdp_2026_exp-2031feb13_cil.jpg,,,1,8a81fb3c-d84e-4903-9169-1297442c4acc
Nike,NKDC1963,Micro Pique 2.0 Polo,Anthracite,,True,False,False,other,nkdc1963_flat-front_anthracite_2023_cil.jpg,,,1,83900cfc-2357-47f5-85da-e514ae824b3a
Nike,NKDC1963,Micro Pique 2.0 Polo,Black,,True,False,False,other,nkdc1963_flat-front_black_2023_cil.jpg,,,1,83900cfc-2357-47f5-85da-e514ae824b3a
Nike,NKDC1963,Micro Pique 2.0 Polo,Cool Grey,,True,False,False,other,nkdc1963_flat-front_cool-grey_2023_cil.jpg,,,1,83900cfc-2357-47f5-85da-e514ae824b3a
Nike,NKDC1963,Micro Pique 2.0 Polo,Game Royal,,True,False,False,other,nkdc1963_flat-front_game-royal_2023_cil.jpg,,,1,83900cfc-2357-47f5-85da-e514ae824b3a
Nike,NKDC1963,Micro Pique 2.0 Polo,Navy,,True,False,False,other,nkdc1963_flat-front_navy_2023_cil.jpg,,,1,83900cfc-2357-47f5-85da-e514ae824b3a
Nike,NKDC1963,Micro Pique 2.0 Polo,Team Red,,True,False,False,other,nkdc1963_flat-front_team-red_2023_cil.jpg,,,1,83900cfc-2357-47f5-85da-e514ae824b3a
Nike,NKDC1963,Micro Pique 2.0 Polo,UniversityRed,,False,False,False,,,,,0,83900cfc-2357-47f5-85da-e514ae824b3a
Nike,NKDC1963,Micro Pique 2.0 Polo,Valor Blue,,True,False,False,model,nkdc1963_modl_valor-blue_studio-front_pdp_2026_exp-2028jan02_cil.jpg,,,1,83900cfc-2357-47f5-85da-e514ae824b3a
Nike,NKDC1963,Micro Pique 2.0 Polo,White,,True,False,False,other,nkdc1963_flat-front_white_2023_cil.jpg,,,1,83900cfc-2357-47f5-85da-e514ae824b3a
Nike,NKDC1991,Ladies Micro Pique 2.0,Anthracite,,True,False,False,other,nkdc1991_flat-front_anthracite_2023_cil.jpg,,,1,2c03f995-7a21-4222-b89e-be93849dc993
Nike,NKDC1991,Ladies Micro Pique 2.0,Black,,True,False,False,other,nkdc1991_flat-front_black_2023_cil.jpg,,,1,2c03f995-7a21-4222-b89e-be93849dc993
Nike,NKDC1991,Ladies Micro Pique 2.0,Cool Grey,,True,False,False,other,nkdc1991_flat-front_cool-grey_2023_cil.jpg,,,1,2c03f995-7a21-4222-b89e-be93849dc993
Nike,NKDC1991,Ladies Micro Pique 2.0,Game Royal,,True,False,False,other,nkdc1991_flat-front_game-royal_2023_cil.jpg,,,1,2c03f995-7a21-4222-b89e-be93849dc993
Nike,NKDC1991,Ladies Micro Pique 2.0,Navy,,True,False,False,other,nkdc1991_flat-front_navy_2023_cil.jpg,,,1,2c03f995-7a21-4222-b89e-be93849dc993
Nike,NKDC1991,Ladies Micro Pique 2.0,Team Red,,True,False,False,other,nkdc1991_flat-front_team-red_2023_cil.jpg,,,1,2c03f995-7a21-4222-b89e-be93849dc993
Nike,NKDC1991,Ladies Micro Pique 2.0,UniversityRed,,False,False,False,,,,,0,2c03f995-7a21-4222-b89e-be93849dc993
Nike,NKDC1991,Ladies Micro Pique 2.0,Valor Blue,,True,False,False,model,nkdc1991_modl_valor-blue_studio-front_pdp_2026_exp-2028jan02_cil.jpg,,,1,2c03f995-7a21-4222-b89e-be93849dc993
Nike,NKDC1991,Ladies Micro Pique 2.0,White,,True,False,False,other,nkdc1991_flat-front_white_2023_cil.jpg,,,1,2c03f995-7a21-4222-b89e-be93849dc993
Nike,NKDX6718,Club Fleece 1/2 Zip Pullover,Anthracite,,True,False,False,other,nkdx6718_flat-front_anthracite_2025_cil.jpg,,,1,6bbdc645-5068-44d0-98f7-52cd997b89bb
Nike,NKDX6718,Club Fleece 1/2 Zip Pullover,Black,,True,False,False,other,nkdx6718_flat-front_black_2025_cil.jpg,,,1,6bbdc645-5068-44d0-98f7-52cd997b89bb
Nike,NKDX6718,Club Fleece 1/2 Zip Pullover,Dk Grey Hthr,,False,False,False,,,,,0,6bbdc645-5068-44d0-98f7-52cd997b89bb
Nike,NKDX6718,Club Fleece 1/2 Zip Pullover,Midnight Navy,,True,False,False,other,nkdx6718_flat-front_midnight-navy_2025_cil.jpg,,,1,6bbdc645-5068-44d0-98f7-52cd997b89bb
Nike,NKDX6718,Club Fleece 1/2 Zip Pullover,White,,True,False,False,other,nkdx6718_flat-front_white_2025_cil.jpg,,,1,6bbdc645-5068-44d0-98f7-52cd997b89bb
Nike,NKFB5677,Heritage Cotton Twill Cap,Anthracite,,True,True,False,other,nkfb5677_form-front_anthracite_2022_cil.jpg,nkfb5677_form-inside_anthracite_2022_cil.jpg,,2,94b230b3-0b64-4584-9af6-86c42ac2e3dd
Nike,NKFB5677,Heritage Cotton Twill Cap,Black,,True,True,False,other,nkfb5677_form-front_black_2022_cil.jpg,nkfb5677_form-inside_black_2022_cil.jpg,,2,94b230b3-0b64-4584-9af6-86c42ac2e3dd
Nike,NKFB5677,Heritage Cotton Twill Cap,College Navy,,True,True,False,other,nkfb5677_form-front_college-navy_2022_cil.jpg,nkfb5677_form-inside_college-navy_2022_cil.jpg,,2,94b230b3-0b64-4584-9af6-86c42ac2e3dd
Nike,NKFB6445,DriFIT Perf Performace Cap,Anthracite,,True,False,False,other,nkfb6445_form-angle_anthracite_2023.jpg,,,1,0674c5b2-d8b8-43e3-a02e-ea2e831000b9
Nike,NKFB6445,DriFIT Perf Performace Cap,Black,,True,False,False,other,nkfb6445_form-angle_black_2023.jpg,,,1,0674c5b2-d8b8-43e3-a02e-ea2e831000b9
Nike,NKFB6445,DriFIT Perf Performace Cap,Navy,,True,False,False,other,nkfb6445_form-angle_navy_2023.jpg,,,1,0674c5b2-d8b8-43e3-a02e-ea2e831000b9
Nike,NKFB6447,DriFIT Legacy Cap,Black/Black,,True,False,False,other,nkfb6447_form-angle_black_black_2021.jpg,,,1,b26b1162-1b79-4ae9-ac1f-415deceabb67
Nike,NKFB6447,DriFIT Legacy Cap,Navy/Navy,,True,False,False,other,nkfb6447_form-angle_navy_navy_2021.jpg,,,1,b26b1162-1b79-4ae9-ac1f-415deceabb67
Nike,NKFB6447,DriFIT Legacy Cap,White/White,,True,False,False,other,nkfb6447_form-angle_white_white_2021.jpg,,,1,b26b1162-1b79-4ae9-ac1f-415deceabb67
Nike,NKFB6539,Team Cuffed Beanie,Anthracite,,True,True,False,other,nkfb6539_flat-front_anthracite_2022_cil.jpg,nkfb6539_flat-side_anthracite_2025_cil.jpg,,2,37abce3d-d3af-4528-9b4a-9ed47e424a21
Nike,NKFB6539,Team Cuffed Beanie,Black,,True,True,False,other,nkfb6539_flat-front_black_2022_cil.jpg,nkfb6539_flat-side_black_2022_cil.jpg,,2,37abce3d-d3af-4528-9b4a-9ed47e424a21
Nike,NKFB6539,Team Cuffed Beanie,College Navy,,True,True,False,other,nkfb6539_flat-front_college-navy_2022_cil.jpg,nkfb6539_flat-side_college-navy_2025_cil.jpg,,2,37abce3d-d3af-4528-9b4a-9ed47e424a21
Nike,NKFD9742,Therma-FIT 1/4 Zip Fleece Hood,Black,,True,False,True,model,nkfd9742_modl_black_studio-front_pdp_2026_exp-2027dec13_cil.jpg,,nkfd9742_flat_black_back_2024_cil.jpg,2,b5b0ee28-055b-4c71-8dd3-4bebc0072b8e
Nike,NKFD9742,Therma-FIT 1/4 Zip Fleece Hood,Dk Grey Hthr,,False,False,False,,,,,0,b5b0ee28-055b-4c71-8dd3-4bebc0072b8e
Nike,NKFD9863,Club Fleece Sleeve Swoosh Crew,Anthracite,,True,False,True,flat,nkfd9863_flat_anthracite_front_2025_cil.jpg,,nkfd9863_flat_anthracite_back_2025_cil.jpg,2,0379470a-f839-4378-aac3-7ec00d13ab3e
Nike,NKFD9863,Club Fleece Sleeve Swoosh Crew,Black,,True,False,True,flat,nkfd9863_flat_black_front_2025_cil.jpg,,nkfd9863_flat_black_back_2025_cil.jpg,2,0379470a-f839-4378-aac3-7ec00d13ab3e
Nike,NKFD9863,Club Fleece Sleeve Swoosh Crew,Dk Grey Hthr,,False,False,False,,,,,0,0379470a-f839-4378-aac3-7ec00d13ab3e
Nike,NKFD9863,Club Fleece Sleeve Swoosh Crew,Midnight Navy,,True,False,True,flat,nkfd9863_flat_midnight-navy_front_2025_cil.jpg,,nkfd9863_flat_midnight-navy_back_2025_cil.jpg,2,0379470a-f839-4378-aac3-7ec00d13ab3e
Nike,NKFD9863,Club Fleece Sleeve Swoosh Crew,White,,True,False,True,flat,nkfd9863_flat_white_front_2025_cil.jpg,,nkfd9863_flat_white_back_2025_cil.jpg,2,0379470a-f839-4378-aac3-7ec00d13ab3e
Nike,NKFD9889,Club Fleece Lds Pullover Hood,Black,,True,False,False,other,nkfd9889_flat-front_black_2025_cil.jpg,,,1,fcaf7062-01f5-4205-988e-a566427a72f8
Nike,NKFD9889,Club Fleece Lds Pullover Hood,Dk Grey Hthr,,False,False,False,,,,,0,fcaf7062-01f5-4205-988e-a566427a72f8
Nike,NKFD9889,Club Fleece Lds Pullover Hood,Midnight Navy,,True,False,False,model,nkfd9889_modl_midnight-navy_studio-front_pdp_2026_exp-2026dec19_cil.jpg,,,1,fcaf7062-01f5-4205-988e-a566427a72f8
Nike,NKFD9890,Club Fleece Lds Full Zip Hood,Black,,True,False,False,model,nkfd9890_modl_black_studio-front_pdp_2026_exp-2026dec19_cil.jpg,,,1,22fe3be4-c8c6-4741-82dc-fe1db8ec8958
Nike,NKFD9890,Club Fleece Lds Full Zip Hood,Dk Grey Hthr,,False,False,False,,,,,0,22fe3be4-c8c6-4741-82dc-fe1db8ec8958
Nike,NKFD9890,Club Fleece Lds Full Zip Hood,Midnight Navy,,True,False,False,other,nkfd9890_flat-front_midnight-navy_2025_cil.jpg,,,1,22fe3be4-c8c6-4741-82dc-fe1db8ec8958
Nike,NKFQ4792,Dri-FIT Striated Polo,Cool Grey,,True,False,False,model,nkfq4792_modl_cool-grey_studio-front_pdp_2026_exp-2027dec13_cil.jpg,,,1,8e32f6c8-0710-4810-aeea-0c2382f811d2
Nike,NKFQ4792,Dri-FIT Striated Polo,Dark Grey,,True,False,False,other,nkfq4792_flat-front_dark-grey_2024.jpg,,,1,8e32f6c8-0710-4810-aeea-0c2382f811d2
Nike,NKFQ4793,Dri-FIT Smooth Hthr Lds Polo,AnthraciteHtr,,False,False,False,,,,,0,023fd1fb-fa32-44ba-b2ef-64cd71ee20e9
Nike,NKFQ4793,Dri-FIT Smooth Hthr Lds Polo,Game RoyalHtr,,False,False,False,,,,,0,023fd1fb-fa32-44ba-b2ef-64cd71ee20e9
Nike,NKFQ4793,Dri-FIT Smooth Hthr Lds Polo,Navy Hthr,,False,False,False,,,,,0,023fd1fb-fa32-44ba-b2ef-64cd71ee20e9
Nike,NKFQ4794,Dri-FIT Smooth Heather Polo,AnthraciteHtr,,False,False,False,,,,,0,6c3f9505-d099-481e-b2a5-6b03ece0c3b9
Nike,NKFQ4794,Dri-FIT Smooth Heather Polo,Game RoyalHtr,,False,False,False,,,,,0,6c3f9505-d099-481e-b2a5-6b03ece0c3b9
Nike,NKFQ4794,Dri-FIT Smooth Heather Polo,Navy Hthr,,False,False,False,,,,,0,6c3f9505-d099-481e-b2a5-6b03ece0c3b9
Nike,NKFV5507,MicroPique 2.0 Recycled Polo,Anthracite,,False,False,False,,,,,0,c2842a62-8e55-4b4d-b75f-76ed95b874dc
Nike,NKFV5507,MicroPique 2.0 Recycled Polo,Black,,False,False,False,,,,,0,c2842a62-8e55-4b4d-b75f-76ed95b874dc
Nike,NKFV5507,MicroPique 2.0 Recycled Polo,Cool Grey,,False,False,False,,,,,0,c2842a62-8e55-4b4d-b75f-76ed95b874dc
Nike,NKFV5507,MicroPique 2.0 Recycled Polo,Game Royal,,False,False,False,,,,,0,c2842a62-8e55-4b4d-b75f-76ed95b874dc
Nike,NKFV5507,MicroPique 2.0 Recycled Polo,Navy,,False,False,False,,,,,0,c2842a62-8e55-4b4d-b75f-76ed95b874dc
Nike,NKFV5507,MicroPique 2.0 Recycled Polo,Team Red,,False,False,False,,,,,0,c2842a62-8e55-4b4d-b75f-76ed95b874dc
Nike,NKFV5507,MicroPique 2.0 Recycled Polo,Valor Blue,,False,False,False,,,,,0,c2842a62-8e55-4b4d-b75f-76ed95b874dc
Nike,NKFV5507,MicroPique 2.0 Recycled Polo,White,,False,False,False,,,,,0,c2842a62-8e55-4b4d-b75f-76ed95b874dc
Nike,NKFV5510,MicroPique 2.0 Recycle Lds Pol,Anthracite,,False,False,False,,,,,0,92e05cd2-df69-4f46-8fa6-bc109264503d
Nike,NKFV5510,MicroPique 2.0 Recycle Lds Pol,Black,,False,False,False,,,,,0,92e05cd2-df69-4f46-8fa6-bc109264503d
Nike,NKFV5510,MicroPique 2.0 Recycle Lds Pol,Cool Grey,,False,False,False,,,,,0,92e05cd2-df69-4f46-8fa6-bc109264503d
Nike,NKFV5510,MicroPique 2.0 Recycle Lds Pol,Game Royal,,False,False,False,,,,,0,92e05cd2-df69-4f46-8fa6-bc109264503d
Nike,NKFV5510,MicroPique 2.0 Recycle Lds Pol,Navy,,False,False,False,,,,,0,92e05cd2-df69-4f46-8fa6-bc109264503d
Nike,NKFV5510,MicroPique 2.0 Recycle Lds Pol,Team Red,,False,False,False,,,,,0,92e05cd2-df69-4f46-8fa6-bc109264503d
Nike,NKFV5510,MicroPique 2.0 Recycle Lds Pol,Valor Blue,,False,False,False,,,,,0,92e05cd2-df69-4f46-8fa6-bc109264503d
Nike,NKFV5510,MicroPique 2.0 Recycle Lds Pol,White,,False,False,False,,,,,0,92e05cd2-df69-4f46-8fa6-bc109264503d
Nike,NKIB4392,Brasilia 2.0 Medium Duffel,Black,,False,False,False,,,,,0,ca171f60-9052-47d5-9af4-78c8461ea30a
Nike,NKIB4392,Brasilia 2.0 Medium Duffel,Game Royal,,False,False,False,,,,,0,ca171f60-9052-47d5-9af4-78c8461ea30a
Nike,NKIB4392,Brasilia 2.0 Medium Duffel,Midnight Navy,,False,False,False,,,,,0,ca171f60-9052-47d5-9af4-78c8461ea30a
Nike,NKIB4392,Brasilia 2.0 Medium Duffel,Smoke Grey,,False,False,False,,,,,0,ca171f60-9052-47d5-9af4-78c8461ea30a
Nike,NKIB4392,Brasilia 2.0 Medium Duffel,UniversityRed,,False,False,False,,,,,0,ca171f60-9052-47d5-9af4-78c8461ea30a
Nike,NKIO8061,MicroPique 2.0 L/S Polo,Anthracite,,False,False,False,,,,,0,e87856ce-e107-493c-b159-546008548f93
Nike,NKIO8061,MicroPique 2.0 L/S Polo,Black,,False,False,False,,,,,0,e87856ce-e107-493c-b159-546008548f93
Nike,NKIO8061,MicroPique 2.0 L/S Polo,Navy,,False,False,False,,,,,0,e87856ce-e107-493c-b159-546008548f93
OGIO Apparel,LOG101,Jewel Lds' Polo,Blacktop,,True,False,True,other,log101_blacktop_form-angle_2012_1.jpg,,log101_blacktop_flat_back_nov2012.jpg,2,a320e8ea-c69a-43fd-91df-3c3719785383
OGIO Apparel,LOG101,Jewel Lds' Polo,Bright White,,True,False,True,other,log101_form_angle_brightwhite.jpg,,log101_brightwhite_flat_back_nov2012.jpg,2,a320e8ea-c69a-43fd-91df-3c3719785383
OGIO Apparel,LOG101,Jewel Lds' Polo,Diesel Grey,,True,False,True,other,log101_form_angle_dieselgrey_032014.jpg,,log101_flat_back_dieselgrey_032014.jpg,2,a320e8ea-c69a-43fd-91df-3c3719785383
OGIO Apparel,LOG101,Jewel Lds' Polo,Electric Blue,,True,False,True,other,log101_form_angle_electricblue.jpg,,log101_electricblue_flat_back_nov2012.jpg,2,a320e8ea-c69a-43fd-91df-3c3719785383
OGIO Apparel,LOG101,Jewel Lds' Polo,Navy,,True,False,True,other,log101_form_angle_navy.jpg,,log101_navy_flat_back_nov2012.jpg,2,a320e8ea-c69a-43fd-91df-3c3719785383
OGIO Apparel,LOG101,Jewel Lds' Polo,Signal Red,,True,False,True,other,log101_form_angle_signalred.jpg,,log101_signalred_flat_back_nov2012.jpg,2,a320e8ea-c69a-43fd-91df-3c3719785383
OGIO Apparel,OG101,Caliber 2.0 Polo,Blacktop,,True,False,True,other,og101_form_angle_blacktop.jpg,,og101_blacktop_flat_back_nov2012.jpg,2,144579a5-3191-463c-9329-b1ae1e2fd681
OGIO Apparel,OG101,Caliber 2.0 Polo,Bright White,,True,False,True,other,og101_form_angle_brightwhite.jpg,,og101_brightwhite_flat_back_nov2012.jpg,2,144579a5-3191-463c-9329-b1ae1e2fd681
OGIO Apparel,OG101,Caliber 2.0 Polo,Diesel Grey,,True,False,True,other,og101_form_angle_dieselgrey_032014.jpg,,og101_flat_back_dieselgrey_032014.jpg,2,144579a5-3191-463c-9329-b1ae1e2fd681
OGIO Apparel,OG101,Caliber 2.0 Polo,Electric Blue,,True,False,True,other,og101_form_angle_electricblue.jpg,,og101_electricblue_flat_back_nov2012.jpg,2,144579a5-3191-463c-9329-b1ae1e2fd681
OGIO Apparel,OG101,Caliber 2.0 Polo,Navy,,True,False,True,model,og101_modl_navy_studio-front_crop_2026_exp-2027aug16_cil.jpg,,og101_navy_flat_back_nov2012.jpg,2,144579a5-3191-463c-9329-b1ae1e2fd681
OGIO Apparel,OG101,Caliber 2.0 Polo,Signal Red,,True,False,True,other,og101_form_angle_signalred.jpg,,og101_signalred_flat_back_nov2012.jpg,2,144579a5-3191-463c-9329-b1ae1e2fd681
OGIO Apparel,OG138,Limit Polo,Blacktop,,True,False,False,other,og138_flat-front_blacktop_2026_cil.jpg,,,1,90e693fd-667b-4d9b-b8ba-dcfe16513832
OGIO Apparel,OG138,Limit Polo,Bright White,,True,False,False,other,og138_flat-front_bright-white_2026_cil.jpg,,,1,90e693fd-667b-4d9b-b8ba-dcfe16513832
OGIO Apparel,OG138,Limit Polo,Diesel Grey,,True,False,False,other,og138_flat-front_diesel-grey_2026_cil.jpg,,,1,90e693fd-667b-4d9b-b8ba-dcfe16513832
OGIO Apparel,OG138,Limit Polo,Force Blue,,True,False,False,other,og138_flat-front_force-blue_2026_cil.jpg,,,1,90e693fd-667b-4d9b-b8ba-dcfe16513832
OGIO Apparel,OG138,Limit Polo,Navy,,True,False,False,other,og138_flat-front_navy_2026_cil.jpg,,,1,90e693fd-667b-4d9b-b8ba-dcfe16513832
OGIO Apparel,OG138,Limit Polo,Signal Red,,True,False,False,model,og138_modl_signal-red_studio-front_pdp_2026_exp-2027aug16_cil.jpg,,,1,90e693fd-667b-4d9b-b8ba-dcfe16513832
OGIO Apparel,OG143,Slate Polo,Blacktop,,True,False,False,other,og143_flat-front_blacktop_2026_cil.jpg,,,1,6963c278-eb7b-473e-b7df-7242d5173bfd
OGIO Apparel,OG143,Slate Polo,Gear Grey,,True,False,False,other,og143_flat-front_gear-grey_2026_cil.jpg,,,1,6963c278-eb7b-473e-b7df-7242d5173bfd
OGIO Apparel,OG143,Slate Polo,Navy,,True,False,False,model,og143_modl_navy_studio-front_pdp_2026_exp-2027aug16_cil.jpg,,,1,6963c278-eb7b-473e-b7df-7242d5173bfd
OGIO Bags,108087,Big Dome Duffel,Black,,True,False,False,other,108087_black.jpg,,,1,fa804fb4-0397-490d-ae33-bc281f817716
OGIO Bags,108087,Big Dome Duffel,Navy,,True,False,False,other,108087_navy.jpg,,,1,fa804fb4-0397-490d-ae33-bc281f817716
OGIO Bags,108089,Rage Duffel,Black,,True,False,False,other,108089_black_2013.jpg,,,1,c4c446a6-dd91-4cc1-810d-80f74a4982e2
OGIO Bags,411042,Rogue Backpack,Black,,False,False,False,,,,,0,28f43625-8bf5-46ae-b3aa-82dec82383c8
OGIO Bags,411042,Rogue Backpack,Grey,,False,False,False,,,,,0,28f43625-8bf5-46ae-b3aa-82dec82383c8
OGIO Bags,411063,Colton Backpack,Black/Silver,,True,False,False,other,411063_black_silver_2012.jpg,,,1,afb556bc-89af-40b3-8d58-805c429f1013
OGIO Bags,411065,Mercur Backpack,Black,,True,False,False,other,411065_black_2018.jpg,,,1,7e963ec7-4c50-4c6d-8d54-755fd7615345
OGIO Bags,411069,Excelsior Backpack,Black/Silver,,True,False,False,other,411069_blacksilver_ogio14.jpg,,,1,39aa2449-e1ae-49b6-9226-efa93cdeaf51
OGIO Bags,411087,"Bolt 17"" Laptop Backpack",Black,,True,False,True,other,411087_black_front.jpg,,411087_black_back.jpg,2,d03abb72-5bb0-4a2a-bb5d-acb47df50e96
OGIO Bags,411092,Logan Pack,Black,,True,False,True,other,411092_black_full_front.jpg,,411092_black_back.jpg,2,74d505e4-faa5-4270-916b-79ee1cddcc8a
OGIO Bags,417054,Pursuit Backpack,Black,,False,False,False,,,,,0,e0665976-878e-4734-9b9f-cc2741428e33
OGIO Bags,711105,Metro Backpack,Black,,True,False,False,other,711105_black-2.jpg,,,1,c072d0b4-7b94-4b44-89a9-a1a183366be3
OGIO Bags,91001,Hatch Backpack,Blk/HthrGrey,,False,False,False,,,,,0,cba5a0c8-a250-406a-b4a3-14272c1ce4a0
OGIO Bags,91001,Hatch Backpack,LaserRed/Hthr,,False,False,False,,,,,0,cba5a0c8-a250-406a-b4a3-14272c1ce4a0
OGIO Bags,95001,Catalyst Duffel,Black,,True,False,True,flat,95001_black_flat_front.jpg,,95001_black_flat_back.jpg,2,c925f221-4567-407f-b070-2e75e07c6170
OGIO Bags,98000,Revolve Spinner,Black,,True,False,False,other,98000_angle-front_black_2023_cil.jpg,,,1,c1c956f0-402c-4b16-8520-1ce82bd4bd08
OGIO Endurance,LOE321,OGIO. ENDURANCE LADIES LS,ELECTRIC BLUE,,False,False,False,,,,,0,6d1ba9ab-d2ef-48ba-95c4-5c851e207973
OGIO Endurance,OE321,OGIO. ENDURANCE LONG SLEEVE,ELECTRIC BLUE,,False,False,False,,,,,0,78c143d5-7015-42df-9f4a-9b17b185d6ae
OGIO Endurance,OE700,Endurance Fulcrum F/Z,Blacktop,,True,False,False,model,oe700_modl_blacktop_studio-front_crop_2026_exp-2027aug16_cil.jpg,,,1,d4e0ef37-fe1f-400d-b0c0-f6c6349ae853
Penguin,OGKBA001,Oxford Polo,Caviar Black,,True,False,False,other,ogkba001_form-front_caviar-black_2026_cil.jpg,,,1,9e9160c1-4f00-4ced-a250-4574be4d2e82
Penguin,OGKBA001,Oxford Polo,Caviar Grey,,True,False,False,model,ogkba001_modl_caviar-grey_studio-front_crop_2026_exp-2027dec24_cil.jpg,,,1,9e9160c1-4f00-4ced-a250-4574be4d2e82
Penguin,OGKSA049,Clubhouse Mock Pullover,Caviar Black,,True,False,True,model,ogksa049_modl_caviar-black_studio-front_crop_2026_exp-2027dec24_cil.jpg,,ogksa049_form_back_caviarblack_032020.jpg,2,1cbce5c9-1dbd-4c75-977b-e46a08e65884
Penguin,OGKSC0F0,All Over Pete Printed Polo,BK Iris Blue,,False,False,False,,,,,0,c2fbacd4-307f-4fc9-9d99-b0168f37c0f1
Penguin,OGKSC0F0,All Over Pete Printed Polo,Bright White,,False,False,False,,,,,0,c2fbacd4-307f-4fc9-9d99-b0168f37c0f1
Penguin,OGKSC0F0,All Over Pete Printed Polo,Caviar Black,,False,False,False,,,,,0,c2fbacd4-307f-4fc9-9d99-b0168f37c0f1
Penguin,OGKSE002,Technical Earl Polo,Bk Iris Blue,,False,False,False,,,,,0,122e8ee1-ddc3-44a3-b891-853dc45900ed
Penguin,OGKSE002,Technical Earl Polo,Bright White,,True,False,False,model,ogkse002_modl_bright-white_studio-front_crop_2026_exp-2027dec24_cil.jpg,,,1,122e8ee1-ddc3-44a3-b891-853dc45900ed
Penguin,OGKSE002,Technical Earl Polo,Caviar Black,,True,False,False,other,ogkse002_form-front_caviar-black_2024_cil.jpg,,,1,122e8ee1-ddc3-44a3-b891-853dc45900ed
Penguin,OGKSE048,Veronica Ladies Polo,Bright White,,True,False,False,other,ogkse048_form-front_bright-white_v2_2024_cil.jpg,,,1,e3ed9768-0773-4480-b3d1-760b430a47aa
Penguin,OGKSE048,Veronica Ladies Polo,Caviar Black,,True,False,False,other,ogkse048_form-front_caviar-black_2024_cil.jpg,,,1,e3ed9768-0773-4480-b3d1-760b430a47aa
Penguin,OGM0F3,Solid Polo,BlackIrisBlue,,False,False,False,,,,,0,ed15778c-d1e8-4203-a6b0-65aa00c0c9e7
Penguin,OGM0F3,Solid Polo,Bright White,,False,False,False,,,,,0,ed15778c-d1e8-4203-a6b0-65aa00c0c9e7
Penguin,OGM0F3,Solid Polo,Caviar Black,,False,False,False,,,,,0,ed15778c-d1e8-4203-a6b0-65aa00c0c9e7
Penguin,OGM0F3,Solid Polo,Quiet Shade,,False,False,False,,,,,0,ed15778c-d1e8-4203-a6b0-65aa00c0c9e7
Penguin,OGM0F4,Solid Polo,Bk Iris Blue,,False,False,False,,,,,0,0c2e5927-379d-48cd-a363-eb3cafea0922
Penguin,OGM0F4,Solid Polo,Bright White,,True,False,False,other,ogm0f4_form-front_bright-white_2024_cil.jpg,,,1,0c2e5927-379d-48cd-a363-eb3cafea0922
Penguin,OGM0F4,Solid Polo,Caviar Black,,True,False,False,other,ogm0f4_form-front_caviar-black_2024_cil.jpg,,,1,0c2e5927-379d-48cd-a363-eb3cafea0922
Penguin,OGM0F4,Solid Polo,Magnetic Blue,,True,False,False,other,ogm0f4_form-front_magnetic-blue_2024_cil.jpg,,,1,0c2e5927-379d-48cd-a363-eb3cafea0922
Penguin,OGM0F4,Solid Polo,Quiet Shade,,True,False,False,other,ogm0f4_form-front_quiet-shade_2024_cil.jpg,,,1,0c2e5927-379d-48cd-a363-eb3cafea0922
Penguin,OGM0F4,Solid Polo,Salsa Red,,True,False,False,model,ogm0f4_modl_salsa-red_studio-front_crop_2026_exp-2027dec24_cil.jpg,,,1,0c2e5927-379d-48cd-a363-eb3cafea0922
Penguin,OGM100,Lightweight Earl 1/4 Zip,BlackIrisBlue,,False,False,False,,,,,0,45248069-7d00-48f1-8bff-a30a9a272997
Penguin,OGM100,Lightweight Earl 1/4 Zip,Caviar Black,,True,False,False,model,ogm100_modl_caviar-black_studio-front_crop_2026_exp-2027dec24_cil.jpg,,,1,45248069-7d00-48f1-8bff-a30a9a272997
Penguin,OGM105,Retro Geo Print Polo,BlackIrisBlue,,False,False,False,,,,,0,9a3c2573-6516-4e83-ae73-50e7e89236d7
Penguin,OGM105,Retro Geo Print Polo,Bright White,,True,False,False,other,ogm105_form-front_bright-white_2025_cil.jpg,,,1,9a3c2573-6516-4e83-ae73-50e7e89236d7
Penguin,OGMOF3,Solid Polo,BlackIrisBlue,,False,False,False,,,,,0,3b4dc31a-e2fb-4aa7-a963-66918be53c18
Penguin,OGMOF3,Solid Polo,Bright White,,False,False,False,,,,,0,3b4dc31a-e2fb-4aa7-a963-66918be53c18
Penguin,OGMOF3,Solid Polo,Caviar Black,,False,False,False,,,,,0,3b4dc31a-e2fb-4aa7-a963-66918be53c18
Penguin,OGMOF3,Solid Polo,Quiet Shade,,False,False,False,,,,,0,3b4dc31a-e2fb-4aa7-a963-66918be53c18
Penguin,OGW0B9,Solid Ladies Polo,Bk Iris Blue,,False,False,False,,,,,0,5a4b33ea-a947-4857-aafe-bd9fcb20fedf
Penguin,OGW0B9,Solid Ladies Polo,Bright White,,True,False,False,other,ogw0b9_form-front_bright-white_2024_cil.jpg,,,1,5a4b33ea-a947-4857-aafe-bd9fcb20fedf
Penguin,OGW0B9,Solid Ladies Polo,Caviar Black,,True,False,False,other,ogw0b9_form-front_caviar-black_2024_cil.jpg,,,1,5a4b33ea-a947-4857-aafe-bd9fcb20fedf
Penguin,OGW0B9,Solid Ladies Polo,Magnetic Blue,,True,False,False,model,ogw0b9_modl_magnetic-blue_studio-front_crop_2026_exp-2027dec24_cil.jpg,,,1,5a4b33ea-a947-4857-aafe-bd9fcb20fedf
Penguin,OGW0B9,Solid Ladies Polo,Quiet Shade,,True,False,False,other,ogw0b9_form-front_quiet-shade_2024_cil.jpg,,,1,5a4b33ea-a947-4857-aafe-bd9fcb20fedf
Penguin,OGW0B9,Solid Ladies Polo,Salsa Red,,True,False,False,other,ogw0b9_form-front_salsa-red_2024_cil.jpg,,,1,5a4b33ea-a947-4857-aafe-bd9fcb20fedf
Red Kap,045X,F SS Chef Coat with Mimix &amp; OB,BLACK,,True,False,False,other,045x_form-front_black_2021.jpg,,,1,b2ddf6ee-d108-42e7-9858-8a96b24ec020
Red Kap,046X,SS ChefCoat w/ Mimix &amp; OILBLOK,Black,,True,False,False,other,046x_form-front_black_2021.jpg,,,1,ea13ca39-4e5c-466d-bc1b-6f46f17ee3f9
Red Kap,046X,SS ChefCoat w/ Mimix &amp; OILBLOK,White,,True,False,False,other,046x_form-front_white_2021.jpg,,,1,ea13ca39-4e5c-466d-bc1b-6f46f17ee3f9
Red Kap,CT16,WHITE COVERALL-NO BREAST POCKE,White,,False,False,False,,,,,0,bb40c71d-2e55-4740-9a93-e03894cac4bd
Red Kap,FP72,W DOW PREM TWL CRGO PANT RELAX,DARK NAVY 28,,False,False,False,,,,,0,ac7199dc-d7b1-4336-b7a9-5dc9d83bda8d
Red Kap,KK26,UNISEX WHITE COUNTER JACKET/ES,WHITE,,False,False,False,,,,,0,0a28afcb-3488-430e-9980-ceb9f430b78d
Red Kap,LC53,DUCK CHORE COAT,Brown,,True,False,False,other,lc53_form-front_brown-duck_2023_cil.jpg,,,1,e7823d02-f7d6-4397-99be-2dd995417c47
Red Kap,PC80,M PAINTER DUNGAREE,WHITE 34,,False,False,False,,,,,0,da505b7a-4f61-42f4-a477-3783ba107f57
Red Kap,PT20,DURA KAP PANT,"Black 30""",,False,False,False,,,,,0,91c95ccb-6c26-4038-94ed-208525dda5ff
Red Kap,PT20,DURA KAP PANT,"Black 32""",,False,False,False,,,,,0,91c95ccb-6c26-4038-94ed-208525dda5ff
Red Kap,PT20,DURA KAP PANT,"Black 34""",,False,False,False,,,,,0,91c95ccb-6c26-4038-94ed-208525dda5ff
Red Kap,PT20,DURA KAP PANT,"Charcoal 30""",,False,False,False,,,,,0,91c95ccb-6c26-4038-94ed-208525dda5ff
Red Kap,PT20,DURA KAP PANT,"Charcoal 32""",,False,False,False,,,,,0,91c95ccb-6c26-4038-94ed-208525dda5ff
Red Kap,PT20,DURA KAP PANT,"Charcoal 34""",,False,False,False,,,,,0,91c95ccb-6c26-4038-94ed-208525dda5ff
Red Kap,PT20,DURA KAP PANT,"Navy 30""",,False,False,False,,,,,0,91c95ccb-6c26-4038-94ed-208525dda5ff
Red Kap,PT20,DURA KAP PANT,"Navy 32""",,False,False,False,,,,,0,91c95ccb-6c26-4038-94ed-208525dda5ff
Red Kap,PT20,DURA KAP PANT,"Navy 34""",,False,False,False,,,,,0,91c95ccb-6c26-4038-94ed-208525dda5ff
Red Kap,PT2C,MENS WORKPANT W/ CELLPHONE PKT,Khaki 37U,,False,False,False,,,,,0,a0bf21a8-8f43-485a-926c-9480805574f7
Red Kap,PT2L,MENS LIGHT WEIGHT CREW PANT,KHAKI 29,,False,False,False,,,,,0,2c304087-3f14-427c-b50c-779805259d3c
Red Kap,PT38,"MEN'S PLEATED TWILL SLACK 34""",NAVY INS 33',,False,False,False,,,,,0,3ee7ac6f-c83f-4e1b-877b-d81d2066bef0
Red Kap,PT38,"MEN'S PLEATED TWILL SLACK 34""",NAVY INS 35',,False,False,False,,,,,0,3ee7ac6f-c83f-4e1b-877b-d81d2066bef0
Red Kap,PT50NV,MENS RED E PREST NAVY JEAN CUT,NAVY 40/32',,False,False,False,,,,,0,7e4e0a19-4d38-45ee-bae2-b35882ead95c
Red Kap,PT61BK,REDKAP WOMEN'S WORK PANT,BLACK 20/29,,False,False,False,,,,,0,4cf83a47-4aaa-482f-a084-73f5c5b190fd
Red Kap,PT61BK,REDKAP WOMEN'S WORK PANT,~BLACK 29,,False,False,False,,,,,0,4cf83a47-4aaa-482f-a084-73f5c5b190fd
Red Kap,PT61BK,REDKAP WOMEN'S WORK PANT,~BLACK 34U,,False,False,False,,,,,0,4cf83a47-4aaa-482f-a084-73f5c5b190fd
Red Kap,PT61BK,REDKAP WOMEN'S WORK PANT,BLACK INS 30,,False,False,False,,,,,0,4cf83a47-4aaa-482f-a084-73f5c5b190fd
Red Kap,PT62,MENS TWILL 65/35 WORK PANT - B,BLACK INS 34,,False,False,False,,,,,0,899b5952-73d8-4f08-8845-9a998d6f6cac
Red Kap,PT66,Red Kap Cargo Shorts,Black,,True,False,False,other,pt66_form-front_black_2020.jpg,,,1,cf7e6c94-aedd-44eb-b35e-11205e5a32da
Red Kap,PT66,Red Kap Cargo Shorts,Navy,,True,False,False,other,pt66_form-front_navy_2020.jpg,,,1,cf7e6c94-aedd-44eb-b35e-11205e5a32da
Red Kap,PT88,REDKAP INDUSTRIAL CARGO PANT,Black 30',,False,False,False,,,,,0,0f3e928e-b7c7-4e13-b793-e814ac1085ae
Red Kap,PT88,REDKAP INDUSTRIAL CARGO PANT,Black 32',,False,False,False,,,,,0,0f3e928e-b7c7-4e13-b793-e814ac1085ae
Red Kap,PT88,REDKAP INDUSTRIAL CARGO PANT,Black 34',,False,False,False,,,,,0,0f3e928e-b7c7-4e13-b793-e814ac1085ae
Red Kap,PT88,REDKAP INDUSTRIAL CARGO PANT,Navy 30',,False,False,False,,,,,0,0f3e928e-b7c7-4e13-b793-e814ac1085ae
Red Kap,PT88,REDKAP INDUSTRIAL CARGO PANT,Navy 32',,False,False,False,,,,,0,0f3e928e-b7c7-4e13-b793-e814ac1085ae
Red Kap,PT88,REDKAP INDUSTRIAL CARGO PANT,Navy 34',,False,False,False,,,,,0,0f3e928e-b7c7-4e13-b793-e814ac1085ae
Red Kap,PT88BK,MEN'S CARGO PANT WITH SNAPS,Black 30/34',,False,False,False,,,,,0,03ce500c-4cc1-4051-aef7-26b0e1dc4a50
Red Kap,PT89,WMNS CARGO POCKET PANT,KHAKI 2X34U,,False,False,False,,,,,0,fdd358bb-3857-495b-a56f-611998bdf011
Red Kap,PT89,WMNS CARGO POCKET PANT,NAVY 26,,False,False,False,,,,,0,fdd358bb-3857-495b-a56f-611998bdf011
Red Kap,PX52,M PRO SHORT W/MIMIX &amp;CARGO PKT,Navy 12,,False,False,False,,,,,0,79a25aaa-5a98-4693-ba9e-9ce4bdf007bb
Red Kap,PX60,Utility Pant with Mimix,CHARCOAL 30,,False,False,False,,,,,0,ceddb92f-5de1-41f6-9e55-c619de0e407e
Red Kap,QP14,M IQ LIGHTWEIGHT COMFORT PANT,NAVY 32,,False,False,False,,,,,0,e50d7c20-d426-47bd-9aef-07390fc24c6e
Red Kap,QS50,M IQ LS Lightweight Shirt,Dark Grey,,True,False,False,other,qs50_form-front_dark-grey_2023_cil.jpg,,,1,96a2bc6d-757c-4a5c-881c-45c0ccdca239
Red Kap,SK7L,F LS SOLID PERFORMANCE POLO,BLACK,,False,False,False,,,,,0,84d6b5f0-7726-4562-b573-d73d89db5d4b
Red Kap,SK90,M PERF KNIT FLEX PRO POLO,Black,,False,False,False,,,,,0,748d01e9-f61a-4c6b-a88c-a95afad9707f
Red Kap,SK91,F SS PROFESSIONAL POLO,BLACK,,False,False,False,,,,,0,aaff6ac1-86aa-4e20-844a-3e0802b26b78
Red Kap,SK91,F SS PROFESSIONAL POLO,Grey,,False,False,False,,,,,0,aaff6ac1-86aa-4e20-844a-3e0802b26b78
Red Kap,SP14,INDUSTRIAL L/SLEEVE WORK SHIRT,Black,,True,False,True,flat,sp14_form_flat_black.jpg,,sp14_form_back_black.jpg,2,b7815549-2a9a-4938-b2ef-0a5e91e03656
Red Kap,SP14,INDUSTRIAL L/SLEEVE WORK SHIRT,Charcoal,,True,False,True,other,sp14_charcoal_modl_studio-3.jpg,,sp14_form_back_charcoal.jpg,2,b7815549-2a9a-4938-b2ef-0a5e91e03656
Red Kap,SP14,INDUSTRIAL L/SLEEVE WORK SHIRT,Grey,,True,False,True,other,sp14_form_front_grey.jpg,,sp14_form_back_grey.jpg,2,b7815549-2a9a-4938-b2ef-0a5e91e03656
Red Kap,SP14,INDUSTRIAL L/SLEEVE WORK SHIRT,Light Blue,,True,False,True,other,sp14_form_front_lightblue.jpg,,sp14_form_back_lightblue.jpg,2,b7815549-2a9a-4938-b2ef-0a5e91e03656
Red Kap,SP14,INDUSTRIAL L/SLEEVE WORK SHIRT,Light Grey,,True,False,True,other,sp14_form_front_lightgrey.jpg,,sp14_form_back_lightgrey.jpg,2,b7815549-2a9a-4938-b2ef-0a5e91e03656
Red Kap,SP14,INDUSTRIAL L/SLEEVE WORK SHIRT,Navy,,True,False,True,other,sp14_form_front_navy.jpg,,sp14_form_back_navy.jpg,2,b7815549-2a9a-4938-b2ef-0a5e91e03656
Red Kap,SP18,MNS LS MOTORSPORTS SHIRT,Char/Black,,False,False,False,,,,,0,e6795690-87ba-4145-a9cc-dbe4a30003a9
Red Kap,SP20CW,MEN'S INDUSTRIAL STRIPE S/S,CHAR/WHITE LN,,False,False,False,,,,,0,78018b60-56c7-4e13-8f76-a0a566be51b0
Red Kap,SP24,INDUSTRIAL S/SLEEVE WORK SHIRT,Black,,True,False,True,other,sp24_form_front_black.jpg,,sp24_form_back_black.jpg,2,9f6c88cd-7430-4528-aad6-eaceee5d0d83
Red Kap,SP24,INDUSTRIAL S/SLEEVE WORK SHIRT,Charcoal,,True,False,True,other,sp24_form_front_charcoal.jpg,,sp24_form_back_charcoal.jpg,2,9f6c88cd-7430-4528-aad6-eaceee5d0d83
Red Kap,SP24,INDUSTRIAL S/SLEEVE WORK SHIRT,Grey,,True,False,True,other,sp24_form_front_grey.jpg,,sp24_form_back_grey.jpg,2,9f6c88cd-7430-4528-aad6-eaceee5d0d83
Red Kap,SP24,INDUSTRIAL S/SLEEVE WORK SHIRT,Light Blue,,True,False,True,other,sp24_lightblue_pt20_navy_modl_studio-1.jpg,,sp24_form_back_lightblue.jpg,2,9f6c88cd-7430-4528-aad6-eaceee5d0d83
Red Kap,SP24,INDUSTRIAL S/SLEEVE WORK SHIRT,Light Grey,,True,False,True,other,sp24_form_front_lightgrey.jpg,,sp24_form_back_lightgrey.jpg,2,9f6c88cd-7430-4528-aad6-eaceee5d0d83
Red Kap,SP24,INDUSTRIAL S/SLEEVE WORK SHIRT,Navy,,True,False,True,other,sp24_form_front_navy.jpg,,sp24_form_back_navy.jpg,2,9f6c88cd-7430-4528-aad6-eaceee5d0d83
Red Kap,SP28,REDKAP S/S MOTORSPORTS SHIRT,Char/Royal,,False,False,False,,,,,0,82bec8fc-f9f3-45a1-a29b-5a64366d5a51
Red Kap,ST52,MEN LS TWILL 65/35 WORK SHIRT,Black,,False,False,False,,,,,0,ea771254-a82c-41dc-a40c-f2fc9ff66a3f
Red Kap,ST52,MEN LS TWILL 65/35 WORK SHIRT,Black Tall,,False,False,False,,,,,0,ea771254-a82c-41dc-a40c-f2fc9ff66a3f
Red Kap,STL2,Men's Flex Knit Henley,KHAKI,,True,False,False,other,stl2_form-front_khaki_2023_cil.jpg,,,1,acb01da9-e04d-4add-9943-4abe13c3cbdf
Red Kap,SX46,M SS MIMIX AUTO OILBLOK,Navy,,True,False,False,other,sx46_form-front_navy_2022_cil.jpg,,,1,05e3d37d-10e4-46c5-8f2a-792457cd2048
Red Kap,SY14,M LS Buick/GMC Tech Shirt,Char w/Grey,,False,False,False,,,,,0,b292508c-556e-40bb-9eb8-8ce5bd1c2b11
Red Kap,SY14YE,LS EN VIS SOLID YELLOW RIPSTOP,YELLOW,,False,False,False,,,,,0,9450219b-99f6-42b9-974e-10db9752e7a2
Red Kap,SY20,SHORT SLEEVE WOVEN CREW SHIRT,Black/Charcoa,,False,False,False,,,,,0,dc6c7344-dee4-4572-a612-e050073744f6
Red Kap,SY20,SHORT SLEEVE WOVEN CREW SHIRT,Black/Red,,True,False,True,other,sy20_blackred_modl_studio-1.jpg,,sy20_form_back_blackred.jpg,2,dc6c7344-dee4-4572-a612-e050073744f6
Red Kap,SY20,SHORT SLEEVE WOVEN CREW SHIRT,Charcoal/Grey,,True,False,True,other,sy20_form_front_charcoalgrey.jpg,,sy20_form_back_charcoalgrey.jpg,2,dc6c7344-dee4-4572-a612-e050073744f6
Red Kap,SY20,SHORT SLEEVE WOVEN CREW SHIRT,Charcoal/Ryl,,False,False,False,,,,,0,dc6c7344-dee4-4572-a612-e050073744f6
Red Kap,SY20,SHORT SLEEVE WOVEN CREW SHIRT,Navy/Grey,,True,False,True,other,sy20_form_front_navygrey.jpg,,sy20_form_back_navygrey.jpg,2,dc6c7344-dee4-4572-a612-e050073744f6
Red Kap,SY24,M SS Buick/GMC Tech Shirt,Char w/Grey,,False,False,False,,,,,0,961ab0cd-c12e-4787-bc2c-489e128820ae
Red Kap,SY31,F LS AUTO OIL REPEL SHIRT,FIREBALL/CHAR,,False,False,False,,,,,0,9895dbca-ef85-45da-9323-82ec72aa2ac7
Red Kap,SY70,M LS TYPE O WORK SHIRT,Yellow/Char,,False,False,False,,,,,0,49d4134b-fbc3-4312-a38b-ec7b02446c32
Red Kap,TKM2,COOLING SHORT SLEEVE POCKET TE,Black,,False,False,False,,,,,0,2fa30dc9-8c1f-45b6-a4b7-4c6248784b51
Red Kap,TKM2,COOLING SHORT SLEEVE POCKET TE,Black TALL,,False,False,False,,,,,0,2fa30dc9-8c1f-45b6-a4b7-4c6248784b51
Red Kap,VT22,RED KAP QUILTED VEST POCKET,Navy,,False,False,False,,,,,0,3995a8e1-b45d-4a3e-b225-3c6f1757da9c
The North Face,NF0A3KX6,Groundwork Backpack,Mid Grey,,True,False,False,other,nf0a3kx6_form-angle_mid-grey_asphalt-grey_2025_cil.jpg,,,1,e48aee3b-1486-47aa-a6dd-b946509dc514
The North Face,NF0A3KX6,Groundwork Backpack,Rainyday,,True,False,False,other,nf0a3kx6_form-angle_rainyday-ivory_dark-heather_black_2025_cil.jpg,,,1,e48aee3b-1486-47aa-a6dd-b946509dc514
The North Face,NF0A3KX6,Groundwork Backpack,TNF Black,,False,False,False,,,,,0,e48aee3b-1486-47aa-a6dd-b946509dc514
The North Face,NF0A3KX7,Fall Line Backpack,TNF Black,,False,False,False,,,,,0,ee3d47b0-2190-4376-90aa-75e1984c59ee
The North Face,NF0A3LH4,DryVent Rain Jkt,TNF Black,,False,False,False,,,,,0,5b2f9a01-23c7-45ea-b922-ae821d2e1da8
The North Face,NF0A3LH5,DryVent Lds' Rain Jkt,TNF Black,,False,False,False,,,,,0,59c739b4-73c1-4aa0-a609-2e3ef312dbbe
The North Face,NF0A4VUA,Ultimate Trucker Cap,Asphalt/White,,False,False,False,,,,,0,5016be9c-f28e-449e-9678-51f70e9d902d
The North Face,NF0A4VUA,Ultimate Trucker Cap,Black/Black,,True,False,False,other,nf0a4vua_form-angle_black_black_2025_cil.jpg,,,1,5016be9c-f28e-449e-9678-51f70e9d902d
The North Face,NF0A4VUA,Ultimate Trucker Cap,Black/White,,True,False,False,other,nf0a4vua_form-angle_black_white_2025_cil.jpg,,,1,5016be9c-f28e-449e-9678-51f70e9d902d
The North Face,NF0A4VUA,Ultimate Trucker Cap,BurntOlive/Gy,,False,False,False,,,,,0,5016be9c-f28e-449e-9678-51f70e9d902d
The North Face,NF0A4VUA,Ultimate Trucker Cap,Med Grey/Blk,,False,False,False,,,,,0,5016be9c-f28e-449e-9678-51f70e9d902d
The North Face,NF0A4VUA,Ultimate Trucker Cap,TNF Blue/Blck,,False,False,False,,,,,0,5016be9c-f28e-449e-9678-51f70e9d902d
The North Face,NF0A4VUA,Ultimate Trucker Cap,Urban Navy/Wh,,False,False,False,,,,,0,5016be9c-f28e-449e-9678-51f70e9d902d
The North Face,NF0A4VUA,Ultimate Trucker Cap,VintageWh/AGy,,False,False,False,,,,,0,5016be9c-f28e-449e-9678-51f70e9d902d
The North Face,NF0A7RGH,Circular Rib Beanie,Asphalt,,True,False,True,flat,nf0a7rgh_flat_asphalt-grey_front_2025_cil.jpg,,nf0a7rgh_flat_asphalt-grey_back_2025_cil.jpg,2,3a54df25-64a5-4ee3-90bf-416327c19730
The North Face,NF0A7RGH,Circular Rib Beanie,Medium GrHthr,,False,False,False,,,,,0,3a54df25-64a5-4ee3-90bf-416327c19730
The North Face,NF0A7RGH,Circular Rib Beanie,TNF Black,,False,False,False,,,,,0,3a54df25-64a5-4ee3-90bf-416327c19730
The North Face,NF0A7RGH,Circular Rib Beanie,TNF Yellow,,True,False,True,flat,nf0a7rgh_flat_tnf-yellow_front_2025_cil.jpg,,nf0a7rgh_flat_tnf-yellow_back_2025_cil.jpg,2,3a54df25-64a5-4ee3-90bf-416327c19730
The North Face,NF0A7RGH,Circular Rib Beanie,Urban Navy,,True,False,True,flat,nf0a7rgh_flat_urban-navy_front_2025_cil.jpg,,nf0a7rgh_flat_urban-navy_back_2025_cil.jpg,2,3a54df25-64a5-4ee3-90bf-416327c19730
The North Face,NF0A7V4F,Down Hybrid Jacket,Taupe Green,,True,False,False,model,nf0a7v4f_modl_taupe-green_studio-front_crop_2026_exp-2027jul09_cil.jpg,,,1,988d248e-11bf-4a91-b2d6-49cb30c3014a
The North Face,NF0A7V4F,Down Hybrid Jacket,TNF Black,,False,False,False,,,,,0,988d248e-11bf-4a91-b2d6-49cb30c3014a
The North Face,NF0A7V4G,Down Hybrid Ladies Jacket,TNF Black,,False,False,False,,,,,0,7961d14f-29bd-4662-9991-6e001231a1d3
The North Face,NF0A7V4G,Down Hybrid Ladies Jacket,Vintage White,,True,False,False,model,nf0a7v4g_modl_vintage-white_studio-front_crop_2026_exp-2027jul09_cil.jpg,,,1,7961d14f-29bd-4662-9991-6e001231a1d3
The North Face,NF0A7V6J,Everyday Insulated Jacket FL,TNF Black,,False,False,False,,,,,0,299999f9-02d4-4f67-aa28-b4d7062789a2
The North Face,NF0A7V6K,Everyday Insulated Ladies FL,TNF Black,,False,False,False,,,,,0,fd58dbfa-00a3-430a-abb0-1878755c56e9
The North Face,NF0A88D4,Ridgewall Ladies SoftShell Jkt,TNF Black,,False,False,False,,,,,0,ec29b5b9-307c-4007-8b73-7c0a0fe2f714
The North Face,NF0A88D4,Ridgewall Ladies SoftShell Jkt,TNF DrkGryHtr,,False,False,False,,,,,0,ec29b5b9-307c-4007-8b73-7c0a0fe2f714
The North Face,NF0A88D5,Ridgewall Soft Shell Jacket,TNF Black,,False,False,False,,,,,0,ed2e503f-cd2b-4c18-adcb-ae93b0affdde
The North Face,NF0A88D5,Ridgewall Soft Shell Jacket,TNF DrkGryHth,,False,False,False,,,,,0,ed2e503f-cd2b-4c18-adcb-ae93b0affdde
The North Face,NF0A8ENK,Aim Full Zip Fleece Jacket,Shady Blue,,True,False,False,other,nf0a8enk_form-front_shady-blue_2026_cil.jpg,,,1,24d36f85-281b-4f39-a5ab-c1703b7e0740
The North Face,NF0A8ENK,Aim Full Zip Fleece Jacket,Smoked Pearl,,True,False,False,model,nf0a8enk_modl_smoked-pearl-grey_studio-front_2026_exp-2027dec13_cil.jpg,,,1,24d36f85-281b-4f39-a5ab-c1703b7e0740
The North Face,NF0A8ENK,Aim Full Zip Fleece Jacket,TNF Black,,False,False,False,,,,,0,24d36f85-281b-4f39-a5ab-c1703b7e0740
The North Face,NF0A8FQJ,Aim Full Zip Fleece Ladies' Ja,Shady Blue,,True,False,False,model,nf0a8fqj_modl_shady-blue_studio-front_2026_exp-2030dec16_cil.jpg,,,1,296f44ab-062e-4f99-bedd-d93da599038e
The North Face,NF0A8FQJ,Aim Full Zip Fleece Ladies' Ja,Smoked Pearl,,True,False,False,other,nf0a8fqj_form-front_smoked-pearl-grey_2026_cil.jpg,,,1,296f44ab-062e-4f99-bedd-d93da599038e
The North Face,NF0A8FQJ,Aim Full Zip Fleece Ladies' Ja,TNF Black,,False,False,False,,,,,0,296f44ab-062e-4f99-bedd-d93da599038e
Unknown,PROMO PENS,Error Product,Black,,False,False,False,,,,,0,1d5d2cad-2cfe-4922-99e2-c5efba86bd1c
Unknown Brand,0403,Unknown Product,White,,False,False,False,,,,,0,75283478-10ce-48da-add3-6ed6bc5d81d6
Unknown Brand,421001,Unknown Product,Stealth,,True,False,False,other,421001_stealth_modl_c2015.jpg,,,1,79462e39-85c5-4c25-b43f-6a287f619c4a
Unknown Brand,ATC2000,Unknown Product,Athletic Hthr,,False,False,False,,,,,0,ba657c69-5e41-46e1-ab41-79a874c9655b
Unknown Brand,ATC2000,Unknown Product,Black,,True,True,False,other,atc2000_modl_black_l-studio-4-crop_2022_cil.jpg,atc2000_form-side_black_2022_cil.jpg,,2,ba657c69-5e41-46e1-ab41-79a874c9655b
Unknown Brand,ATC2000,Unknown Product,Dark HthrGrey,,False,False,False,,,,,0,ba657c69-5e41-46e1-ab41-79a874c9655b
Unknown Brand,ATC2000,Unknown Product,Navy,,True,True,False,other,atc2000_form-angle_navy_2022_cil.jpg,atc2000_form-side_navy_2022_cil.jpg,,2,ba657c69-5e41-46e1-ab41-79a874c9655b
Unknown Brand,ATC2000,Unknown Product,Orange,,True,True,False,other,atc2000_form-angle_orange_2022_cil.jpg,atc2000_form-side_orange_2022_cil.jpg,,2,ba657c69-5e41-46e1-ab41-79a874c9655b
Unknown Brand,ATC2000,Unknown Product,Red,,True,True,False,other,atc2000_form-angle_red_2022_cil.jpg,atc2000_form-side_red_2022_cil.jpg,,2,ba657c69-5e41-46e1-ab41-79a874c9655b
Unknown Brand,ATC2000,Unknown Product,Royal,,True,True,False,other,atc2000_form-angle_royal_2022_cil.jpg,atc2000_form-side_royal_2022_cil.jpg,,2,ba657c69-5e41-46e1-ab41-79a874c9655b
Unknown Brand,ATC2000,Unknown Product,White,,True,True,False,other,atc2000_form-angle_white_2022_cil.jpg,atc2000_form-side_white_2022_cil.jpg,,2,ba657c69-5e41-46e1-ab41-79a874c9655b
Unknown Brand,ATC2015,Unknown Product,Athletic Hthr,,False,False,False,,,,,0,1170d11d-96e5-42b1-bf09-2e9f055c1d91
Unknown Brand,ATC2015,Unknown Product,Black,,True,True,False,other,atc2015_form-angle_black_2022_cil.jpg,atc2015_form-side_black_2022_cil.jpg,,2,1170d11d-96e5-42b1-bf09-2e9f055c1d91
Unknown Brand,ATC2015,Unknown Product,Dark HthrGrey,,False,False,False,,,,,0,1170d11d-96e5-42b1-bf09-2e9f055c1d91
Unknown Brand,ATC2015,Unknown Product,Navy,,True,True,False,other,atc2015_form-angle_navy_2022_cil.jpg,atc2015_form-side_navy_2022_cil.jpg,,2,1170d11d-96e5-42b1-bf09-2e9f055c1d91
Unknown Brand,ATC2015,Unknown Product,Orange,,True,True,False,other,atc2015_modl_orange_studio-1v2_2023_cil.jpg,atc2015_form-side_orange_2022_cil.jpg,,2,1170d11d-96e5-42b1-bf09-2e9f055c1d91
Unknown Brand,ATC2015,Unknown Product,Red,,True,True,False,other,atc2015_form-angle_red_2022_cil.jpg,atc2015_form-side_red_2022_cil.jpg,,2,1170d11d-96e5-42b1-bf09-2e9f055c1d91
Unknown Brand,ATC2015,Unknown Product,Royal,,True,True,False,other,atc2015_form-angle_royal_2022_cil.jpg,atc2015_form-side_royal_2022_cil.jpg,,2,1170d11d-96e5-42b1-bf09-2e9f055c1d91
Unknown Brand,ATC2015,Unknown Product,White,,True,True,False,other,atc2015_form-angle_white_2022_cil.jpg,atc2015_form-side_white_2022_cil.jpg,,2,1170d11d-96e5-42b1-bf09-2e9f055c1d91
Unknown Brand,ATC3704L,Unknown Product,Black,,False,False,False,,,,,0,b800baee-69ce-4b02-9ef0-b5e28ba9fe32
Unknown Brand,ATC3704L,Unknown Product,Coal Grey,,False,False,False,,,,,0,b800baee-69ce-4b02-9ef0-b5e28ba9fe32
Unknown Brand,ATC3704L,Unknown Product,True Navy,,False,False,False,,,,,0,b800baee-69ce-4b02-9ef0-b5e28ba9fe32
Unknown Brand,ATC3704L,Unknown Product,White,,False,False,False,,,,,0,b800baee-69ce-4b02-9ef0-b5e28ba9fe32
Unknown Brand,ATCF2400,Unknown Product,Athletic Hthr,,False,False,False,,,,,0,2e126c7b-c83d-4100-ac49-94e35f24dd93
Unknown Brand,ATCF2400,Unknown Product,Black,,True,False,True,other,atcf2400_form_angle_black_112017_v2.jpg,,atcf2400_form_back_black_112017.jpg,2,2e126c7b-c83d-4100-ac49-94e35f24dd93
Unknown Brand,ATCF2400,Unknown Product,Caramel,,True,False,False,other,atcf2400_form-angle_caramel_2024_cil.jpg,,,1,2e126c7b-c83d-4100-ac49-94e35f24dd93
Unknown Brand,ATCF2400,Unknown Product,Dark Green,,True,False,False,other,atcf2400_form-angle_dark-green_2025_cil.jpg,,,1,2e126c7b-c83d-4100-ac49-94e35f24dd93
Unknown Brand,ATCF2400,Unknown Product,Dark HthrGrey,,False,False,False,,,,,0,2e126c7b-c83d-4100-ac49-94e35f24dd93
Unknown Brand,ATCF2400,Unknown Product,Dark Navy,,True,False,True,other,atcf2400_form_angle_dark-navy_052019.jpg,,atcf2400_form_back_dark-navy_052019.jpg,2,2e126c7b-c83d-4100-ac49-94e35f24dd93
Unknown Brand,ATCF2400,Unknown Product,Maroon,,True,False,False,other,atcf2400_form-angle_maroon_2024_cil.jpg,,,1,2e126c7b-c83d-4100-ac49-94e35f24dd93
Unknown Brand,ATCF2400,Unknown Product,MilitaryGreen,,False,False,False,,,,,0,2e126c7b-c83d-4100-ac49-94e35f24dd93
Unknown Brand,ATCF2400,Unknown Product,Navy,,True,False,True,other,atcf2400_form_angle_navy_112017.jpg,,atcf2400_form_back_navy_112017.jpg,2,2e126c7b-c83d-4100-ac49-94e35f24dd93
Unknown Brand,ATCF2400,Unknown Product,Oatmeal Hthr,,False,False,False,,,,,0,2e126c7b-c83d-4100-ac49-94e35f24dd93
Unknown Brand,ATCF2400,Unknown Product,Orange,,True,False,False,other,atcf2400_form-angle_orange_2026_cil.jpg,,,1,2e126c7b-c83d-4100-ac49-94e35f24dd93
Unknown Brand,ATCF2400,Unknown Product,Red,,True,False,False,other,atcf2400_form-angle_red_022020.jpg,,,1,2e126c7b-c83d-4100-ac49-94e35f24dd93
Unknown Brand,ATCF2400,Unknown Product,Royal,,True,False,True,other,atcf2400_form-angle_royal_022020.jpg,,atcf2400_form_back_royal_022020.jpg,2,2e126c7b-c83d-4100-ac49-94e35f24dd93
Unknown Brand,ATCF2400,Unknown Product,Sand,,True,False,False,other,atcf2400_form-angle_sand_2024_cil.jpg,,,1,2e126c7b-c83d-4100-ac49-94e35f24dd93
Unknown Brand,ATCF2400,Unknown Product,Team DarkHthr,,False,False,False,,,,,0,2e126c7b-c83d-4100-ac49-94e35f24dd93
Unknown Brand,ATCF2400,Unknown Product,Team ForestGr,,False,False,False,,,,,0,2e126c7b-c83d-4100-ac49-94e35f24dd93
Unknown Brand,ATCF2400,Unknown Product,Team Gold,,True,False,False,other,atcf2400_form-angle_team-gold_2026_cil.jpg,,,1,2e126c7b-c83d-4100-ac49-94e35f24dd93
Unknown Brand,ATCF2400,Unknown Product,Team Red,,True,False,False,other,atcf2400_form-angle_team-red_2026_cil.jpg,,,1,2e126c7b-c83d-4100-ac49-94e35f24dd93
Unknown Brand,ATCF2400,Unknown Product,Team Royal,,True,False,False,other,atcf2400_form-angle_team-royal_2026_cil.jpg,,,1,2e126c7b-c83d-4100-ac49-94e35f24dd93
Unknown Brand,ATCF2400,Unknown Product,White,,True,False,True,other,atcf2400_form-angle_white_temp_2021.jpg,,atcf2400_form_back_white_temp_2021.jpg,2,2e126c7b-c83d-4100-ac49-94e35f24dd93
Unknown Brand,ATCF2500,Unknown Product,Ash,,True,False,False,other,atcf2500_form-angle_ash-grey_2024_cil.jpg,,,1,e4563fde-458a-4308-adc3-b23393c0d896
Unknown Brand,ATCF2500,Unknown Product,Athletic Hthr,,False,False,False,,,,,0,e4563fde-458a-4308-adc3-b23393c0d896
Unknown Brand,ATCF2500,Unknown Product,Black,,True,False,True,other,atcf2500_form_angle_black_022017.jpg,,atcf2500_form_back_black_022017.jpg,2,e4563fde-458a-4308-adc3-b23393c0d896
Unknown Brand,ATCF2500,Unknown Product,Caramel,,True,False,False,other,atcf2500_form-angle_caramel_2024_cil.jpg,,,1,e4563fde-458a-4308-adc3-b23393c0d896
Unknown Brand,ATCF2500,Unknown Product,Dark ChcBrown,,False,False,False,,,,,0,e4563fde-458a-4308-adc3-b23393c0d896
Unknown Brand,ATCF2500,Unknown Product,Dark Green,,True,False,True,other,atcf2500_form_angle_darkgreen_022017.jpg,,atcf2500_form_back_darkgreen_022017.jpg,2,e4563fde-458a-4308-adc3-b23393c0d896
Unknown Brand,ATCF2500,Unknown Product,Dark HthrGrey,,False,False,False,,,,,0,e4563fde-458a-4308-adc3-b23393c0d896
Unknown Brand,ATCF2500,Unknown Product,Dark Navy,,True,False,True,other,atcf2500_form_angle_dark-navy_052019.jpg,,atcf2500_form_back_dark-navy_052019.jpg,2,e4563fde-458a-4308-adc3-b23393c0d896
Unknown Brand,ATCF2500,Unknown Product,Gold,,True,False,True,other,atcf2500_form_angle_gold_022017.jpg,,atcf2500_form_back_gold_022017.jpg,2,e4563fde-458a-4308-adc3-b23393c0d896
Unknown Brand,ATCF2500,Unknown Product,Hthr Navy,,False,False,False,,,,,0,e4563fde-458a-4308-adc3-b23393c0d896
Unknown Brand,ATCF2500,Unknown Product,Hthr Red,,False,False,False,,,,,0,e4563fde-458a-4308-adc3-b23393c0d896
Unknown Brand,ATCF2500,Unknown Product,Hthr Royal,,False,False,False,,,,,0,e4563fde-458a-4308-adc3-b23393c0d896
Unknown Brand,ATCF2500,Unknown Product,Kelly,,True,False,True,other,atcf2500_form_angle_kelly_022017.jpg,,atcf2500_form_back_kelly_022017.jpg,2,e4563fde-458a-4308-adc3-b23393c0d896
Unknown Brand,ATCF2500,Unknown Product,Light Blue,,True,False,False,other,atcf2500_form-angle_light-blue_2024_cil.jpg,,,1,e4563fde-458a-4308-adc3-b23393c0d896
Unknown Brand,ATCF2500,Unknown Product,Maroon,,True,False,True,other,atcf2500_form_angle_maroon_022017.jpg,,atcf2500_form_back_maroon_022017.jpg,2,e4563fde-458a-4308-adc3-b23393c0d896
Unknown Brand,ATCF2500,Unknown Product,MilitaryGreen,,False,False,False,,,,,0,e4563fde-458a-4308-adc3-b23393c0d896
Unknown Brand,ATCF2500,Unknown Product,Navy,,True,False,True,other,atcf2500_form_angle_navy_022017.jpg,,atcf2500_form_back_navy_022017.jpg,2,e4563fde-458a-4308-adc3-b23393c0d896
Unknown Brand,ATCF2500,Unknown Product,Oatmeal Hthr,,False,False,False,,,,,0,e4563fde-458a-4308-adc3-b23393c0d896
Unknown Brand,ATCF2500,Unknown Product,Orange,,True,False,True,other,atcf2500_form_angle_orange_022017.jpg,,atcf2500_form_back_orange_022017.jpg,2,e4563fde-458a-4308-adc3-b23393c0d896
Unknown Brand,ATCF2500,Unknown Product,Purple,,True,False,True,other,atcf2500_form_angle_purple_022017.jpg,,atcf2500_form_back_purple_022017.jpg,2,e4563fde-458a-4308-adc3-b23393c0d896
Unknown Brand,ATCF2500,Unknown Product,Red,,True,False,True,other,atcf2500_form_angle_red_022017.jpg,,atcf2500_form_back_red_022017.jpg,2,e4563fde-458a-4308-adc3-b23393c0d896
Unknown Brand,ATCF2500,Unknown Product,Royal,,True,False,True,other,atcf2500_form_angle_royal_022017.jpg,,atcf2500_form_back_royal_022017.jpg,2,e4563fde-458a-4308-adc3-b23393c0d896
Unknown Brand,ATCF2500,Unknown Product,Safety Green,,True,True,False,other,atcf2500_form-angle_safety-green_2026_cil.jpg,atcf2500_form-side_safety-green_2026_cil.jpg,,2,e4563fde-458a-4308-adc3-b23393c0d896
Unknown Brand,ATCF2500,Unknown Product,Safety Orange,,True,True,False,other,atcf2500_form-angle_safety-orange_2026_cil.jpg,atcf2500_form-side_safety-orange_2026_cil.jpg,,2,e4563fde-458a-4308-adc3-b23393c0d896
Unknown Brand,ATCF2500,Unknown Product,Sand,,True,False,False,other,atcf2500_form-angle_sand_2024_cil.jpg,,,1,e4563fde-458a-4308-adc3-b23393c0d896
Unknown Brand,ATCF2500,Unknown Product,Sangria,,True,False,True,other,atcf2500_form_angle_sangria_022017.jpg,,atcf2500_form_back_sangria_022017.jpg,2,e4563fde-458a-4308-adc3-b23393c0d896
Unknown Brand,ATCF2500,Unknown Product,Sapphire,,True,False,True,other,atcf2500_form_angle_sapphire_022017.jpg,,atcf2500_form_back_sapphire_022017.jpg,2,e4563fde-458a-4308-adc3-b23393c0d896
Unknown Brand,ATCF2500,Unknown Product,Team DarkHthr,,False,False,False,,,,,0,e4563fde-458a-4308-adc3-b23393c0d896
Unknown Brand,ATCF2500,Unknown Product,Team Navy,,True,False,False,other,atcf2500_form-angle_team-navy_2026_cil.jpg,,,1,e4563fde-458a-4308-adc3-b23393c0d896
Unknown Brand,ATCF2500,Unknown Product,Team Red,,True,False,False,other,atcf2500_form-angle_team-red_2026_cil.jpg,,,1,e4563fde-458a-4308-adc3-b23393c0d896
Unknown Brand,ATCF2500,Unknown Product,Team Royal,,True,False,False,other,atcf2500_form-angle_team-royal_2026_cil.jpg,,,1,e4563fde-458a-4308-adc3-b23393c0d896
Unknown Brand,ATCF2500,Unknown Product,White,,True,False,True,other,atcf2500_form_angle_white_022017.jpg,,atcf2500_form_back_white_022017.jpg,2,e4563fde-458a-4308-adc3-b23393c0d896
Unknown Brand,ATCF6600,Unknown Product,Black,,True,True,False,other,atcf6600_form-angle_black_2025_cil.jpg,atcf6600_form-side_black_2025_cil.jpg,,2,b0948d65-32a6-4b7f-98f2-23df9c5c8c8f
Unknown Brand,ATCF6600,Unknown Product,Caramel,,True,True,False,other,atcf6600_modl_caramel_studio-crop_2024_cil.jpg,atcf6600_form-side_caramel_2024_cil.jpg,,2,b0948d65-32a6-4b7f-98f2-23df9c5c8c8f
Unknown Brand,ATCF6600,Unknown Product,Military,,True,True,False,other,atcf6600_form-angle_military_2024_cil.jpg,atcf6600_form-side_military_2024_cil.jpg,,2,b0948d65-32a6-4b7f-98f2-23df9c5c8c8f
Unknown Brand,ATCF6600,Unknown Product,Navy,,True,True,False,other,atcf6600_form-angle_navy_2024_cil.jpg,atcf6600_form-side_navy_2024_cil.jpg,,2,b0948d65-32a6-4b7f-98f2-23df9c5c8c8f
Unknown Brand,ATCF6600,Unknown Product,Pewter,,True,True,False,other,atcf6600_form-angle_pewter_2024_cil.jpg,atcf6600_form-side_pewter_2024_cil.jpg,,2,b0948d65-32a6-4b7f-98f2-23df9c5c8c8f
Unknown Brand,ATCF6600,Unknown Product,Sand,,True,True,False,other,atcf6600_form-angle_earth-sand_2025_cil.jpg,atcf6600_form-side_earth-sand_2025_cil.jpg,,2,b0948d65-32a6-4b7f-98f2-23df9c5c8c8f
Unknown Brand,ATCF6600,Unknown Product,Stone Blue,,True,True,False,other,atcf6600_form-angle_earth-stone-blue_2025_cil.jpg,atcf6600_form-side_earth-stone-blue_2025_cil.jpg,,2,b0948d65-32a6-4b7f-98f2-23df9c5c8c8f
Unknown Brand,ATCF6700,Unknown Product,Black,,True,True,False,other,atcf6700_modl_black_studio-crop_2024_cil.jpg,atcf6700_form-side_black_2025_cil.jpg,,2,572eac47-3a1d-4545-a6f8-b67841ae4fdd
Unknown Brand,ATCF6700,Unknown Product,Caramel,,True,True,False,other,atcf6700_form-angle_caramel_2024_cil.jpg,atcf6700_form-side_caramel_2024_cil.jpg,,2,572eac47-3a1d-4545-a6f8-b67841ae4fdd
Unknown Brand,ATCF6700,Unknown Product,Military,,True,True,False,other,atcf6700_form-angle_military_2024_cil.jpg,atcf6700_form-side_military_2024_cil.jpg,,2,572eac47-3a1d-4545-a6f8-b67841ae4fdd
Unknown Brand,ATCF6700,Unknown Product,Navy,,True,True,False,other,atcf6700_form-angle_navy_2024_cil.jpg,atcf6700_form-side_navy_2024_cil.jpg,,2,572eac47-3a1d-4545-a6f8-b67841ae4fdd
Unknown Brand,ATCF6700,Unknown Product,Pewter,,True,True,False,other,atcf6700_form-angle_pewter_2024_cil.jpg,atcf6700_form-side_pewter_2024_cil.jpg,,2,572eac47-3a1d-4545-a6f8-b67841ae4fdd
Unknown Brand,ATCF6700,Unknown Product,Sand,,True,True,False,other,atcf6700_form-angle_earth-sand_2025_cil.jpg,atcf6700_form-side_earth-sand_2025_cil.jpg,,2,572eac47-3a1d-4545-a6f8-b67841ae4fdd
Unknown Brand,ATCF6700,Unknown Product,Stone Blue,,True,True,False,other,atcf6700_form-angle_earth-stone-blue_2025_cil.jpg,atcf6700_form-side_earth-stone-blue_2025_cil.jpg,,2,572eac47-3a1d-4545-a6f8-b67841ae4fdd
Unknown Brand,ATCY2400,Unknown Product,Athletic Hthr,,False,False,False,,,,,0,41dda492-dc80-4a70-8eaa-824c70c5fabd
Unknown Brand,ATCY2400,Unknown Product,Black,,True,True,False,other,atcy2400_form-angle_black_2025_cil.jpg,atcy2400_form-side_black_2025_cil.jpg,,2,41dda492-dc80-4a70-8eaa-824c70c5fabd
Unknown Brand,ATCY2400,Unknown Product,Caramel,,True,False,False,other,atcy2400_form-angle_caramel_2025_cil.jpg,,,1,41dda492-dc80-4a70-8eaa-824c70c5fabd
Unknown Brand,ATCY2400,Unknown Product,Dark Green,,True,False,False,other,atcy2400_form-angle_dark-green_2025_cil.jpg,,,1,41dda492-dc80-4a70-8eaa-824c70c5fabd
Unknown Brand,ATCY2400,Unknown Product,Dk Hthr Grey,,False,False,False,,,,,0,41dda492-dc80-4a70-8eaa-824c70c5fabd
Unknown Brand,ATCY2400,Unknown Product,Maroon,,True,False,False,other,atcy2400_form-angle_maroon_2025_cil.jpg,,,1,41dda492-dc80-4a70-8eaa-824c70c5fabd
Unknown Brand,ATCY2400,Unknown Product,MilitaryGreen,,False,False,False,,,,,0,41dda492-dc80-4a70-8eaa-824c70c5fabd
Unknown Brand,ATCY2400,Unknown Product,Navy,,True,True,False,other,atcy2400_form-angle_navy_2025_cil.jpg,atcy2400_form-side_navy_2025_cil.jpg,,2,41dda492-dc80-4a70-8eaa-824c70c5fabd
Unknown Brand,ATCY2400,Unknown Product,Oatmeal hthr,,False,False,False,,,,,0,41dda492-dc80-4a70-8eaa-824c70c5fabd
Unknown Brand,ATCY2400,Unknown Product,Red,,True,True,False,other,atcy2400_form-angle_red_2025_cil.jpg,atcy2400_form-side_team-red_2026_cil.jpg,,2,41dda492-dc80-4a70-8eaa-824c70c5fabd
Unknown Brand,ATCY2400,Unknown Product,Royal,,True,True,False,other,atcy2400_form-angle_royal_2025_cil.jpg,atcy2400_form-side_team-royal_2026_cil.jpg,,2,41dda492-dc80-4a70-8eaa-824c70c5fabd
Unknown Brand,ATCY2400,Unknown Product,Sand,,True,False,False,other,atcy2400_form-angle_sand_2025_cil.jpg,,,1,41dda492-dc80-4a70-8eaa-824c70c5fabd
Unknown Brand,ATCY2400,Unknown Product,Team Drk Hthr,,False,False,False,,,,,0,41dda492-dc80-4a70-8eaa-824c70c5fabd
Unknown Brand,ATCY2400,Unknown Product,Team ForestGr,,False,False,False,,,,,0,41dda492-dc80-4a70-8eaa-824c70c5fabd
Unknown Brand,ATCY2400,Unknown Product,Team Navy,,True,True,False,other,atcy2400_form-angle_team-navy_2026_cil.jpg,atcy2400_form-side_team-navy_2026_cil.jpg,,2,41dda492-dc80-4a70-8eaa-824c70c5fabd
Unknown Brand,ATCY2400,Unknown Product,White,,True,True,False,other,atcy2400_form-angle_white_2025_cil.jpg,atcy2400_form-side_white_2025_cil.jpg,,2,41dda492-dc80-4a70-8eaa-824c70c5fabd
Unknown Brand,ATCY2500,Unknown Product,Athletic Hthr,,False,False,False,,,,,0,7a6e73e8-03d2-412c-bdff-f53e06415712
Unknown Brand,ATCY2500,Unknown Product,Black,,True,False,True,other,atcy2500_form_angle_black_022017.jpg,,atcy2500_form_back_black_022017.jpg,2,7a6e73e8-03d2-412c-bdff-f53e06415712
Unknown Brand,ATCY2500,Unknown Product,Caramel,,True,True,False,other,atcy2500_form-angle_caramel_2025_cil_1.jpg,atcy2500_form-side_caramel_2025_cil.jpg,,2,7a6e73e8-03d2-412c-bdff-f53e06415712
Unknown Brand,ATCY2500,Unknown Product,Dark Green,,True,False,True,other,atcy2500_form_angle_darkgreen_022017.jpg,,atcy2500_form_back_darkgreen_022017.jpg,2,7a6e73e8-03d2-412c-bdff-f53e06415712
Unknown Brand,ATCY2500,Unknown Product,Dark HthrGrey,,False,False,False,,,,,0,7a6e73e8-03d2-412c-bdff-f53e06415712
Unknown Brand,ATCY2500,Unknown Product,Gold,,True,False,True,other,atcy2500_form_angle_gold_022017.jpg,,atcy2500_form_back_gold_022017.jpg,2,7a6e73e8-03d2-412c-bdff-f53e06415712
Unknown Brand,ATCY2500,Unknown Product,Kelly,,True,False,True,other,atcy2500_form_angle_kelly_022017.jpg,,atcy2500_form_back_kelly_022017.jpg,2,7a6e73e8-03d2-412c-bdff-f53e06415712
Unknown Brand,ATCY2500,Unknown Product,Light Blue,,True,True,False,other,atcy2500_form-angle_light-blue_2026_cil.jpg,atcy2500_form-side_light-blue_2026_cil.jpg,,2,7a6e73e8-03d2-412c-bdff-f53e06415712
Unknown Brand,ATCY2500,Unknown Product,Maroon,,True,False,True,other,atcy2500_form_angle_maroon_022017.jpg,,atcy2500_form_back_maroon_022017.jpg,2,7a6e73e8-03d2-412c-bdff-f53e06415712
Unknown Brand,ATCY2500,Unknown Product,MilitaryGreen,,False,False,False,,,,,0,7a6e73e8-03d2-412c-bdff-f53e06415712
Unknown Brand,ATCY2500,Unknown Product,Navy,,True,False,True,other,atcy2500_form_angle_navy_022017.jpg,,atcy2500_form_back_navy_022017.jpg,2,7a6e73e8-03d2-412c-bdff-f53e06415712
Unknown Brand,ATCY2500,Unknown Product,Oatmeal Hthr,,False,False,False,,,,,0,7a6e73e8-03d2-412c-bdff-f53e06415712
Unknown Brand,ATCY2500,Unknown Product,Orange,,True,False,True,other,atcy2500_form_angle_orange_022017.jpg,,atcy2500_form_back_orange_022017.jpg,2,7a6e73e8-03d2-412c-bdff-f53e06415712
Unknown Brand,ATCY2500,Unknown Product,Purple,,True,False,True,other,atcy2500_form_angle_purple_022017.jpg,,atcy2500_form_back_purple_022017.jpg,2,7a6e73e8-03d2-412c-bdff-f53e06415712
Unknown Brand,ATCY2500,Unknown Product,Red,,True,True,True,other,atcy2500_form_angle_red_022017.jpg,atcy2500_form-side_team-red_2026_cil.jpg,atcy2500_form_back_red_022017.jpg,3,7a6e73e8-03d2-412c-bdff-f53e06415712
Unknown Brand,ATCY2500,Unknown Product,Royal,,True,False,True,other,atcy2500_form_angle_royal_022017.jpg,,atcy2500_form_back_royal_022017.jpg,2,7a6e73e8-03d2-412c-bdff-f53e06415712
Unknown Brand,ATCY2500,Unknown Product,Sand,,True,True,False,other,atcy2500_form-angle_sand_2025_cil.jpg,atcy2500_form-side_sand_2025_cil.jpg,,2,7a6e73e8-03d2-412c-bdff-f53e06415712
Unknown Brand,ATCY2500,Unknown Product,Sangria,,True,False,True,other,atcy2500_form_angle_sangria_022017.jpg,,atcy2500_form_back_sangria_022017.jpg,2,7a6e73e8-03d2-412c-bdff-f53e06415712
Unknown Brand,ATCY2500,Unknown Product,Sapphire,,True,False,True,other,atcy2500_sapphire_modl_studio2_c2018.jpg,,atcy2500_form_back_sapphire_022017.jpg,2,7a6e73e8-03d2-412c-bdff-f53e06415712
Unknown Brand,ATCY2500,Unknown Product,Team DarkHthr,,False,False,False,,,,,0,7a6e73e8-03d2-412c-bdff-f53e06415712
Unknown Brand,ATCY2500,Unknown Product,Team ForestGr,,False,False,False,,,,,0,7a6e73e8-03d2-412c-bdff-f53e06415712
Unknown Brand,ATCY2500,Unknown Product,Team Gold,,True,True,False,other,atcy2500_form-angle_team-gold_2026_cil.jpg,atcy2500_form-side_team-gold_2026_cil.jpg,,2,7a6e73e8-03d2-412c-bdff-f53e06415712
Unknown Brand,ATCY2500,Unknown Product,Team Navy,,True,True,False,other,atcy2500_form-angle_team-navy_2026_cil.jpg,atcy2500_form-side_team-navy_2026_cil.jpg,,2,7a6e73e8-03d2-412c-bdff-f53e06415712
Unknown Brand,ATCY2500,Unknown Product,Team Purple,,True,True,False,other,atcy2500_form-angle_team-purple_2026_cil.jpg,atcy2500_form-side_team-purple_2026_cil.jpg,,2,7a6e73e8-03d2-412c-bdff-f53e06415712
Unknown Brand,ATCY2500,Unknown Product,Team Royal,,True,True,False,other,atcy2500_form-angle_team-royal_2026_cil.jpg,atcy2500_form-side_team-royal_2026_cil.jpg,,2,7a6e73e8-03d2-412c-bdff-f53e06415712
Unknown Brand,ATCY2500,Unknown Product,White,,True,False,True,other,atcy2500_form_angle_white_022017.jpg,,atcy2500_form_back_white_022017.jpg,2,7a6e73e8-03d2-412c-bdff-f53e06415712
Unknown Brand,CGM451,Unknown Product,Black,,True,False,True,other,cgm451_form_angle_black.jpg,,cgm451_form_back_black.jpg,2,54d398af-afc0-41cc-8d22-0496d605093c
Unknown Brand,CGM451,Unknown Product,Bright White,,True,False,True,other,cgm451_form_angle_brightwhite_v3_122016_1.jpg,,cgm451_form_back_brightwhite_v3_122016.jpg,2,54d398af-afc0-41cc-8d22-0496d605093c
Unknown Brand,CGM451,Unknown Product,Medium Blue,,True,False,True,other,cgm451_form_angle_mediumblue.jpg,,cgm451_form_back_mediumblue.jpg,2,54d398af-afc0-41cc-8d22-0496d605093c
Unknown Brand,CGM451,Unknown Product,Peacoat Navy,,True,False,True,other,cgm451_form_angle_peacoatnavy.jpg,,cgm451_form_back_peacoatnavy.jpg,2,54d398af-afc0-41cc-8d22-0496d605093c
Unknown Brand,CGM451,Unknown Product,Quiet Shade,,True,False,True,other,cgm451_form_angle_quietshade.jpg,,cgm451_form_back_quietshade.jpg,2,54d398af-afc0-41cc-8d22-0496d605093c
Unknown Brand,CGM451,Unknown Product,Salsa Red,,True,False,True,other,cgm451_form_angle_salsared_122016_1.jpg,,cgm451_form_back_salsared_122016.jpg,2,54d398af-afc0-41cc-8d22-0496d605093c
Unknown Brand,CGM451,Unknown Product,Vibrant Green,,True,False,True,model,cgm451_modl_vibrant-green_studio-front_pdp_2026_cil.jpg,,cgm451_form_back_vibrantgreen_v2_012017.jpg,2,54d398af-afc0-41cc-8d22-0496d605093c
Unknown Brand,CGW212,Unknown Product,Black,,True,False,True,other,cgw212_form_angle_black.jpg,,cgw212_form_back_black.jpg,2,439013cd-b42f-42c2-a731-31e237f7b5f0
Unknown Brand,CGW212,Unknown Product,Bright White,,True,False,True,other,cgw212_form_angle_brightwhite_v3_122016_1.jpg,,cgw212_form_back_brightwhite_v3_122016.jpg,2,439013cd-b42f-42c2-a731-31e237f7b5f0
Unknown Brand,CGW212,Unknown Product,Peacoat Navy,,True,False,True,model,cgw212_modl_peacoat-navy_studio-front_pdp_2026_cil.jpg,,cgw212_form_back_peacoatnavy.jpg,2,439013cd-b42f-42c2-a731-31e237f7b5f0
Unknown Brand,CGW212,Unknown Product,Smoked Pearl,,True,False,True,other,cgw212_form_angle_smokedpearl.jpg,,cgw212_form_back_smokedpearl.jpg,2,439013cd-b42f-42c2-a731-31e237f7b5f0
Unknown Brand,CHBC1102,Unknown Product,Black,,False,False,False,,,,,0,6f8c6650-25ef-4e06-ad70-898f05e685e1
Unknown Brand,CHBC1102,Unknown Product,Iron Grey,,False,False,False,,,,,0,6f8c6650-25ef-4e06-ad70-898f05e685e1
Unknown Brand,CHBC1102,Unknown Product,Midnight Navy,,False,False,False,,,,,0,6f8c6650-25ef-4e06-ad70-898f05e685e1
Unknown Brand,CHBC1102,Unknown Product,Olive Green,,False,False,False,,,,,0,6f8c6650-25ef-4e06-ad70-898f05e685e1
Unknown Brand,CHBC1103,Unknown Product,Black,,False,False,False,,,,,0,200fa87a-2697-4ba8-8141-d576b132b797
Unknown Brand,CHBC1103,Unknown Product,Iron Grey,,False,False,False,,,,,0,200fa87a-2697-4ba8-8141-d576b132b797
Unknown Brand,CHBC1103,Unknown Product,Midnight Navy,,False,False,False,,,,,0,200fa87a-2697-4ba8-8141-d576b132b797
Unknown Brand,CHBC1103,Unknown Product,Olive Green,,False,False,False,,,,,0,200fa87a-2697-4ba8-8141-d576b132b797
Unknown Brand,CHBC1104,Unknown Product,Black,,False,False,False,,,,,0,c436fb89-e08d-4b24-ae96-cd95f3143c9f
Unknown Brand,CHBC1104,Unknown Product,Iron Grey,,False,False,False,,,,,0,c436fb89-e08d-4b24-ae96-cd95f3143c9f
Unknown Brand,CHBC1104,Unknown Product,Midnight Navy,,False,False,False,,,,,0,c436fb89-e08d-4b24-ae96-cd95f3143c9f
Unknown Brand,CHBC1104,Unknown Product,Olive Green,,False,False,False,,,,,0,c436fb89-e08d-4b24-ae96-cd95f3143c9f
Unknown Brand,CTB0000564,Unknown Product,Black,,True,False,False,other,ctb0000564_form-front_black_2025_cil.jpg,,,1,0fa112ab-4a77-47fd-8c40-3e7330c368ce
Unknown Brand,CTB0000564,Unknown Product,CarharttBrown,,False,False,False,,,,,0,0fa112ab-4a77-47fd-8c40-3e7330c368ce
Unknown Brand,DF7630L,Unknown Product,Black,,True,True,False,other,df7630l_modl_black_studio-crop_2024_cil.jpg,df7630l_form-side_black_2024_cil.jpg,,2,a64fa4e0-2c90-4f5e-b928-684d764d4a66
Unknown Brand,DUMMY,Unknown Product,Location,,False,False,False,,,,,0,87e45c6f-fa2c-4503-8b81-44588f2c5db9
Unknown Brand,KOI2250,Unknown Product,Balsam Green,,True,True,False,other,koi2250_form-angle_balsam-green_2025.jpg,koi2250_form-side_balsam-green_2025.jpg,,2,501a8d80-7c85-41b5-a90f-e98685be912d
Unknown Brand,KOI2250,Unknown Product,Blue Mist,,True,True,False,other,koi2250_modl_blue-mist_crop-7_2024_cil.jpg,koi2250_form-side_blue-mist_2024_cil.jpg,,2,501a8d80-7c85-41b5-a90f-e98685be912d
Unknown Brand,KOI2250,Unknown Product,Bone,,True,True,False,other,koi2250_form-angle_bone_2025.jpg,koi2250_form-side_bone_2025.jpg,,2,501a8d80-7c85-41b5-a90f-e98685be912d
Unknown Brand,KOI2250,Unknown Product,Charcoal Hthr,,False,False,False,,,,,0,501a8d80-7c85-41b5-a90f-e98685be912d
Unknown Brand,KOI2250,Unknown Product,Coffee Brown,,True,True,False,other,koi2250_form-angle_coffee-brown_2024_cil.jpg,koi2250_form-side_coffee-brown_2024_cil.jpg,,2,501a8d80-7c85-41b5-a90f-e98685be912d
Unknown Brand,KOI2250,Unknown Product,Dusty Rose,,True,True,False,other,koi2250_form-angle_dusty-rose_2025.jpg,koi2250_form-side_dusty-rose_2025.jpg,,2,501a8d80-7c85-41b5-a90f-e98685be912d
Unknown Brand,KOI2250,Unknown Product,Grey Heather,,True,True,False,other,koi2250_form-angle_grey-heather_2024_temp_cil.jpg,koi2250_form-side_grey-heather_2024_temp_cil.jpg,,2,501a8d80-7c85-41b5-a90f-e98685be912d
Unknown Brand,KOI2250,Unknown Product,Midnight Blue,,True,True,False,other,koi2250_form-angle_midnight-blue_2024_cil.jpg,koi2250_form-side_midnight-blue_2024_cil.jpg,,2,501a8d80-7c85-41b5-a90f-e98685be912d
Unknown Brand,KOI2250,Unknown Product,Onyx,,True,True,False,other,koi2250_form-angle_onyx_2024_cil.jpg,koi2250_form-side_onyx_2024_cil.jpg,,2,501a8d80-7c85-41b5-a90f-e98685be912d
Unknown Brand,KOI2250,Unknown Product,Orange Burst,,True,True,False,other,koi2250_form-angle_orange-burst_2024_cil.jpg,koi2250_form-side_orange-burst_2024_cil.jpg,,2,501a8d80-7c85-41b5-a90f-e98685be912d
Unknown Brand,KOI2250,Unknown Product,Saddle,,True,True,False,other,koi2250_form-angle_saddle_2025.jpg,koi2250_form-side_saddle_2025.jpg,,2,501a8d80-7c85-41b5-a90f-e98685be912d
Unknown Brand,KOI2250,Unknown Product,Sahara,,True,True,False,other,koi2250_form-angle_sahara_2024_cil.jpg,koi2250_form-side_sahara_2024_cil.jpg,,2,501a8d80-7c85-41b5-a90f-e98685be912d
Unknown Brand,KOI2250L,Unknown Product,Blue Mist,,True,True,False,other,koi2250l_form-angle_blue-mist_2025.jpg,koi2250l_form-side_blue-mist_2025_cil.jpg,,2,86ccda71-e76d-42c0-aee5-99a6dfab8b3f
Unknown Brand,KOI2250L,Unknown Product,Dusty Rose,,True,True,False,other,koi2250l_form-angle_dusty-rose_2025.jpg,koi2250l_form-side_dusty-rose_2025_cil.jpg,,2,86ccda71-e76d-42c0-aee5-99a6dfab8b3f
Unknown Brand,KOI2250L,Unknown Product,Grey Heather,,True,True,False,other,koi2250l_form-front_grey-heather_2025_cil.jpg,koi2250l_form-side_grey-heather_2025_cil.jpg,,2,86ccda71-e76d-42c0-aee5-99a6dfab8b3f
Unknown Brand,KOI2250L,Unknown Product,Midnight Blue,,True,True,False,other,koi2250l_form-angle_midnight-blue_2025.jpg,koi2250l_form-side_midnight-blue_2025_cil.jpg,,2,86ccda71-e76d-42c0-aee5-99a6dfab8b3f
Unknown Brand,KOI2250L,Unknown Product,Onyx,,True,True,False,other,koi2250l_form-angle_onyx_2025.jpg,koi2250l_form-side_onyx_2025_cil.jpg,,2,86ccda71-e76d-42c0-aee5-99a6dfab8b3f
Unknown Brand,KOI2250L,Unknown Product,Sahara,,True,True,False,other,koi2250l_form-angle_sahara_2025.jpg,koi2250l_form-side_sahara_2025_cil.jpg,,2,86ccda71-e76d-42c0-aee5-99a6dfab8b3f
Unknown Brand,KOI2250Y,Unknown Product,Blue Mist,,False,False,False,,,,,0,9f3f62e7-b428-43d9-9155-a6ace947907f
Unknown Brand,KOI2250Y,Unknown Product,Dusty Rose,,False,False,False,,,,,0,9f3f62e7-b428-43d9-9155-a6ace947907f
Unknown Brand,KOI2250Y,Unknown Product,Grey Heather,,False,False,False,,,,,0,9f3f62e7-b428-43d9-9155-a6ace947907f
Unknown Brand,KOI2250Y,Unknown Product,Lapis Blue,,False,False,False,,,,,0,9f3f62e7-b428-43d9-9155-a6ace947907f
Unknown Brand,KOI2250Y,Unknown Product,Midnight Blue,,False,False,False,,,,,0,9f3f62e7-b428-43d9-9155-a6ace947907f
Unknown Brand,KOI2250Y,Unknown Product,Onyx,,False,False,False,,,,,0,9f3f62e7-b428-43d9-9155-a6ace947907f
Unknown Brand,KOI2250Y,Unknown Product,Scarlet Red,,False,False,False,,,,,0,9f3f62e7-b428-43d9-9155-a6ace947907f
Unknown Brand,KOI2275,Unknown Product,Grey Heather,,True,True,False,other,koi2275_form-angle_grey-heather_2025_cil.jpg,koi2275_form-side_grey-heather_2025_cil_1.jpg,,2,6ba4c851-6bba-49a9-8ffd-c66032c08e9a
Unknown Brand,KOI2275,Unknown Product,Midnight Blue,,True,True,False,other,koi2275_form-angle_midnight-blue_2025_cil.jpg,koi2275_form-side_midnight-blue_2025_cil_1.jpg,,2,6ba4c851-6bba-49a9-8ffd-c66032c08e9a
Unknown Brand,KOI2275,Unknown Product,Onyx,,True,True,False,other,koi2275_form-angle_onyx_2025_cil.jpg,koi2275_form-side_onyx_2025_cil_1.jpg,,2,6ba4c851-6bba-49a9-8ffd-c66032c08e9a
Unknown Brand,KOI2275,Unknown Product,Sahara,,True,True,False,other,koi2275_form-angle_sahara_2025_cil.jpg,koi2275_form-side_sahara_2025_cil_1.jpg,,2,6ba4c851-6bba-49a9-8ffd-c66032c08e9a
Unknown Brand,KOI8070L,Unknown Product,Charcoal Hthr,,False,False,False,,,,,0,add451e1-db4d-4a70-a25c-3cab271b6ee0
Unknown Brand,KOI8070L,Unknown Product,Grey Heather,,True,True,False,other,koi8070l_modl_grey-heather_studio-1-crop_2024_cil.jpg,koi8070l_form-side_grey-heather_2024_cil.jpg,,2,add451e1-db4d-4a70-a25c-3cab271b6ee0
Unknown Brand,KOI8070L,Unknown Product,Lapis Blue,,True,False,False,other,koi8070l_form-angle_lapis-blue_2023_cil.jpg,,,1,add451e1-db4d-4a70-a25c-3cab271b6ee0
Unknown Brand,KOI8070L,Unknown Product,Midnight Blue,,True,False,False,other,koi8070l_form-angle_midnight-blue_2023_cil.jpg,,,1,add451e1-db4d-4a70-a25c-3cab271b6ee0
Unknown Brand,KOI8070L,Unknown Product,Onyx,,True,False,False,other,koi8070l_form-angle_onyx_2023_cil.jpg,,,1,add451e1-db4d-4a70-a25c-3cab271b6ee0
Unknown Brand,KOI8070L,Unknown Product,Scarlet Red,,True,False,False,other,koi8070l_form-angle_scarlet-red_2023_cil.jpg,,,1,add451e1-db4d-4a70-a25c-3cab271b6ee0
Unknown Brand,KOI8070L,Unknown Product,Storm Grey,,True,False,False,other,koi8070l_form-angle_storm-grey_2023_cil.jpg,,,1,add451e1-db4d-4a70-a25c-3cab271b6ee0
Unknown Brand,KOI8070L,Unknown Product,White,,True,False,False,other,koi8070l_form-angle_white_2023_cil.jpg,,,1,add451e1-db4d-4a70-a25c-3cab271b6ee0
Unknown Brand,L2045,Unknown Product,Black,,False,False,False,,,,,0,e5aff513-f0e3-46cf-b804-5f2ab968131e
Unknown Brand,L2045,Unknown Product,Charcoal,,False,False,False,,,,,0,e5aff513-f0e3-46cf-b804-5f2ab968131e
Unknown Brand,L2045,Unknown Product,Navy,,False,False,False,,,,,0,e5aff513-f0e3-46cf-b804-5f2ab968131e
Unknown Brand,L3520,Unknown Product,Atomic Blue,,True,False,True,other,l3520_form_angle_atomicblue_122019.jpg,,l3520_form_back_atomicblue_032020.jpg,2,9e6737f0-e84c-45a1-9c33-05e17a21178e
Unknown Brand,L3520,Unknown Product,Black,,True,False,True,other,l3520_form_angle_black.jpg,,l3520_flat_back_black.jpg,2,9e6737f0-e84c-45a1-9c33-05e17a21178e
Unknown Brand,L3520,Unknown Product,Coal Grey,,True,False,True,other,l3520_form_angle_coalgrey.jpg,,l3520_flat_back_coalgrey.jpg,2,9e6737f0-e84c-45a1-9c33-05e17a21178e
Unknown Brand,L3520,Unknown Product,True Navy,,True,False,True,other,l3520_form_angle_truenavy.jpg,,l3520_flat_back_truenavy.jpg,2,9e6737f0-e84c-45a1-9c33-05e17a21178e
Unknown Brand,L3520,Unknown Product,True Red,,True,False,True,other,l3520_form_angle_truered.jpg,,l3520_flat_back_truered.jpg,2,9e6737f0-e84c-45a1-9c33-05e17a21178e
Unknown Brand,L3520,Unknown Product,True Royal,,True,False,True,other,l3520_form_angle_trueroyal.jpg,,l3520_flat_back_trueroyal.jpg,2,9e6737f0-e84c-45a1-9c33-05e17a21178e
Unknown Brand,L3520,Unknown Product,White,,True,False,True,other,l3520_form_angle_white.jpg,,l3520_flat_back_white.jpg,2,9e6737f0-e84c-45a1-9c33-05e17a21178e
Unknown Brand,L7603,Unknown Product,Black,,True,False,True,other,l7603_form_angle_black_2013_1.jpg,,l7603_form_back_black_2013.jpg,2,f5f42815-e57d-4cde-bd1d-0d0a5cea5b50
Unknown Brand,L7603,Unknown Product,Black.Heather,,True,False,True,other,l7603_blackheather_modl_studio3.jpg,,l7603_form_back_blackheather.jpg,2,f5f42815-e57d-4cde-bd1d-0d0a5cea5b50
Unknown Brand,L7603,Unknown Product,Graphite,,True,False,True,other,l7603_form_angle_graphite_2013.jpg,,l7603_form_back_graphite_2013.jpg,2,f5f42815-e57d-4cde-bd1d-0d0a5cea5b50
Unknown Brand,L7603,Unknown Product,Midnight Blue,,True,False,True,other,l7603_form_angle_midnightblue_032014.jpg,,l7603_form_back_midnightblue_032014.jpg,2,f5f42815-e57d-4cde-bd1d-0d0a5cea5b50
Unknown Brand,L7603,Unknown Product,PearlGreyHthr,,False,False,False,,,,,0,f5f42815-e57d-4cde-bd1d-0d0a5cea5b50
Unknown Brand,L7605,Unknown Product,Black,,True,False,True,other,l7605_form_angle_black_cil.jpg,,l7605_form_back_black_032016.jpg,2,8946d4c3-75f6-461d-9114-0f7ce61cc37b
Unknown Brand,L7605,Unknown Product,Iron Grey,,True,False,True,other,l7605_irongrey_modl_studio-1.jpg,,l7605_form_back_irongrey_032016.jpg,2,8946d4c3-75f6-461d-9114-0f7ce61cc37b
Unknown Brand,LOE700,Unknown Product,Blacktop,,True,False,True,model,loe700_modl_blacktop_studio-front_crop_2026_exp-2027aug16_cil.jpg,,loe700_form_back_blacktop_092014.jpg,2,0983d875-8bda-404d-b2d7-3d49d253f73c
Unknown Brand,LOG138,Unknown Product,Blacktop,,True,False,False,other,log138_flat-front_blacktop_2026_cil.jpg,,,1,b1a6cd88-bc88-4656-bd13-d140ad73df6b
Unknown Brand,LOG138,Unknown Product,Bright White,,True,False,False,other,log138_flat-front_bright-white_2026_cil.jpg,,,1,b1a6cd88-bc88-4656-bd13-d140ad73df6b
Unknown Brand,LOG138,Unknown Product,Diesel Grey,,True,False,False,other,log138_flat-front_diesel-grey_2026_cil.jpg,,,1,b1a6cd88-bc88-4656-bd13-d140ad73df6b
Unknown Brand,LOG138,Unknown Product,Force Blue,,True,False,False,other,log138_flat-front_force-blue_2026_cil.jpg,,,1,b1a6cd88-bc88-4656-bd13-d140ad73df6b
Unknown Brand,LOG138,Unknown Product,Navy,,True,False,False,other,log138_flat-front_navy_2026_cil.jpg,,,1,b1a6cd88-bc88-4656-bd13-d140ad73df6b
Unknown Brand,LOG138,Unknown Product,Signal Red,,True,False,False,other,log138_flat-front_signal-red_2026_cil.jpg,,,1,b1a6cd88-bc88-4656-bd13-d140ad73df6b
Unknown Brand,NF0A52S6,Unknown Product,TNF Black,,False,False,False,,,,,0,82993b54-95b1-47e9-9252-6de80b90bcb5
Unknown Brand,NKDC2104,Unknown Product,Anthracite,,True,False,False,other,nkdc2104_flat-front_anthracite_2022_cil.jpg,,,1,71ef74c3-d935-4786-b8d6-9cbde0bc85e4
Unknown Brand,NKDC2104,Unknown Product,Black,,True,False,False,other,nkdc2104_flat-front_black_2022_cil.jpg,,,1,71ef74c3-d935-4786-b8d6-9cbde0bc85e4
Unknown Brand,NKDC2104,Unknown Product,Navy,,True,False,False,model,nkdc2104_modl_navy_studio-front_pdp_2026_exp-2031feb13_cil.jpg,,,1,71ef74c3-d935-4786-b8d6-9cbde0bc85e4
Unknown Brand,NKDX6720,Unknown Product,Black,,True,False,False,other,nkdx6720_flat-front_black_2025_cil.jpg,,,1,e3872bce-042c-4137-81ec-b9683f0d15ce
Unknown Brand,NKDX6720,Unknown Product,Dk Grey Hthr,,False,False,False,,,,,0,e3872bce-042c-4137-81ec-b9683f0d15ce
Unknown Brand,NKDX6720,Unknown Product,Midnight Navy,,True,False,False,other,nkdx6720_flat-front_midnight-navy_2025_cil.jpg,,,1,e3872bce-042c-4137-81ec-b9683f0d15ce
Unknown Brand,NKFN4106,Unknown Product,Black,,True,False,False,other,nkfn4106_form-front_black_2025.jpg,,,1,0d2b39a7-156e-4716-8f4e-2137c9851a1b
Unknown Brand,NKIB4394,Unknown Product,Black,,False,False,False,,,,,0,393bbdb3-f1ed-448f-82d2-bf8a62388f0d
Unknown Brand,NKIB4394,Unknown Product,Game Royal,,False,False,False,,,,,0,393bbdb3-f1ed-448f-82d2-bf8a62388f0d
Unknown Brand,NKIB4394,Unknown Product,Midnight Navy,,False,False,False,,,,,0,393bbdb3-f1ed-448f-82d2-bf8a62388f0d
Unknown Brand,NKIB4394,Unknown Product,Smoke Grey,,False,False,False,,,,,0,393bbdb3-f1ed-448f-82d2-bf8a62388f0d
Unknown Brand,NKIB4394,Unknown Product,UniversityRed,,False,False,False,,,,,0,393bbdb3-f1ed-448f-82d2-bf8a62388f0d
Unknown Brand,NKIB4408,Unknown Product,Black,,False,False,False,,,,,0,5d9a152e-4a63-4440-9f01-231e78d5aa60
Unknown Brand,NKIB4408,Unknown Product,Game Royal,,False,False,False,,,,,0,5d9a152e-4a63-4440-9f01-231e78d5aa60
Unknown Brand,NKIB4408,Unknown Product,Midnight Navy,,False,False,False,,,,,0,5d9a152e-4a63-4440-9f01-231e78d5aa60
Unknown Brand,NKIB4408,Unknown Product,Smoke Grey,,False,False,False,,,,,0,5d9a152e-4a63-4440-9f01-231e78d5aa60
Unknown Brand,NKIB4408,Unknown Product,UniversityRed,,False,False,False,,,,,0,5d9a152e-4a63-4440-9f01-231e78d5aa60
Unknown Brand,PC20,Unknown Product,"NAVY 32""",,False,False,False,,,,,0,da195b6d-78ed-45f2-83fd-681b067b02cb
Unknown Brand,S350LS,Unknown Product,Black,,True,False,True,other,s350ls_form_angle_black.jpg,,s350ls_form_back_black.jpg,2,965db5b7-142e-41ff-b0bc-2b9e9a02ab10
Unknown Brand,S350LS,Unknown Product,Coal Grey,,True,False,True,other,s350ls_form_angle_coalgrey_2013.jpg,,s350ls_form_back_coalgrey.jpg,2,965db5b7-142e-41ff-b0bc-2b9e9a02ab10
Unknown Brand,S350LS,Unknown Product,Forest Green,,True,False,True,other,s350ls_form_angle_forestgreen.jpg,,s350ls_form_back_forestgreen.jpg,2,965db5b7-142e-41ff-b0bc-2b9e9a02ab10
Unknown Brand,S350LS,Unknown Product,Gold,,True,False,True,other,s350ls_form_front_gold_2014.jpg,,s350ls_form_back_gold_102014.jpg,2,965db5b7-142e-41ff-b0bc-2b9e9a02ab10
Unknown Brand,S350LS,Unknown Product,Lime Shock,,True,False,True,other,s350ls_form_angle_limeshock_2014.jpg,,s350ls_form_back_limeshock_052014.jpg,2,965db5b7-142e-41ff-b0bc-2b9e9a02ab10
Unknown Brand,S350LS,Unknown Product,Purple,,True,False,True,other,s350ls_form_angle_purple_2014.jpg,,s350ls_form_back_purple_052014.jpg,2,965db5b7-142e-41ff-b0bc-2b9e9a02ab10
Unknown Brand,S350LS,Unknown Product,True Navy,,True,False,True,other,s350ls_form_angle_truenavy.jpg,,s350ls_form_back_truenavy.jpg,2,965db5b7-142e-41ff-b0bc-2b9e9a02ab10
Unknown Brand,S350LS,Unknown Product,True Red,,True,False,True,other,s350ls_truered_s355_black_modl_studio-3-2019_1.jpg,,s350ls_form_back_truered.jpg,2,965db5b7-142e-41ff-b0bc-2b9e9a02ab10
Unknown Brand,S350LS,Unknown Product,True Royal,,True,False,True,other,s350ls_form_angle_trueroyal.jpg,,s350ls_form_back_trueroyal.jpg,2,965db5b7-142e-41ff-b0bc-2b9e9a02ab10
Unknown Brand,S350LS,Unknown Product,White,,True,False,True,other,s350ls_form_angle_white.jpg,,s350ls_form_back_white.jpg,2,965db5b7-142e-41ff-b0bc-2b9e9a02ab10
Unknown Brand,S3535,Unknown Product,Black,,True,False,True,other,s3535_form-angle_black_white_2025_cil.jpg,,s3535_form-back-reverse_black_white_2025_cil.jpg,2,bc493165-c488-45a4-8094-b1964a262d97
Unknown Brand,S3535,Unknown Product,Carolina,,True,False,True,other,s3535_form-angle_carolina_white_2025_cil.jpg,,s3535_form-back-reverse_carolina_white_2025_cil.jpg,2,bc493165-c488-45a4-8094-b1964a262d97
Unknown Brand,S3535,Unknown Product,Deep Red,,True,False,True,other,s3535_form-angle_deep-red_white_2025_cil.jpg,,s3535_form-back-reverse_deep-red_white_2025_cil.jpg,2,bc493165-c488-45a4-8094-b1964a262d97
Unknown Brand,S3535,Unknown Product,Forest Green,,True,False,True,other,s3535_form-angle_forest-green_white_2025_cil.jpg,,s3535_form-back-reverse_forest-green_white_2025_cil.jpg,2,bc493165-c488-45a4-8094-b1964a262d97
Unknown Brand,S3535,Unknown Product,Iron Grey,,True,False,True,other,s3535_form-angle_iron-grey_white_2025_cil.jpg,,s3535_form-back-reverse_iron-grey_white_2025_cil.jpg,2,bc493165-c488-45a4-8094-b1964a262d97
Unknown Brand,S3535,Unknown Product,True Navy,,True,False,True,other,s3535_true-navy_white_modl_crop_2025_cil.jpg,,s3535_form-back-reverse_true-navy_white_2025_cil.jpg,2,bc493165-c488-45a4-8094-b1964a262d97
Unknown Brand,S3535,Unknown Product,True Royal,,True,False,True,other,s3535_form-angle_true-royal_white_2025_cil.jpg,,s3535_form-back-reverse_true-royal_white_2025_cil.jpg,2,bc493165-c488-45a4-8094-b1964a262d97
Unknown Brand,S3550,Unknown Product,Black,,True,True,False,other,s3550_form-angle_black_white_2025_cil.jpg,s3550_form-side_black_white_2025_cil.jpg,,2,6f311add-54ad-4bad-816b-7a020cbe4fd8
Unknown Brand,S3550,Unknown Product,Carolina,,True,True,False,other,s3550_form-angle_carolina_white_2025_cil.jpg,s3550_form-side_carolina_white_2025_cil.jpg,,2,6f311add-54ad-4bad-816b-7a020cbe4fd8
Unknown Brand,S3550,Unknown Product,Coal Grey,,True,True,False,other,s3550_coal-grey_whit_modl_crop_2025_cil.jpg,s3550_form-side_coal-grey_white_2025_cil.jpg,,2,6f311add-54ad-4bad-816b-7a020cbe4fd8
Unknown Brand,S3550,Unknown Product,Forest Green,,True,True,False,other,s3550_form-angle_forest-green_white_2025_cil.jpg,s3550_form-side_forest-green_white_2025_cil.jpg,,2,6f311add-54ad-4bad-816b-7a020cbe4fd8
Unknown Brand,S3550,Unknown Product,Gold,,True,True,False,other,s3550_form-angle_gold_white_2025_cil.jpg,s3550_form-side_gold_white_2025_cil.jpg,,2,6f311add-54ad-4bad-816b-7a020cbe4fd8
Unknown Brand,S3550,Unknown Product,Maroon,,True,True,False,other,s3550_form-angle_maroon_white_2025_cil.jpg,s3550_form-side_maroon_white_2025_cil.jpg,,2,6f311add-54ad-4bad-816b-7a020cbe4fd8
Unknown Brand,S3550,Unknown Product,Purple,,True,True,False,other,s3550_form-angle_purple_white_2025_cil.jpg,s3550_form-side_purple_white_2025_cil.jpg,,2,6f311add-54ad-4bad-816b-7a020cbe4fd8
Unknown Brand,S3550,Unknown Product,True Navy,,True,True,False,other,s3550_form-angle_true-navy_white_2025_cil.jpg,s3550_form-side_true-navy_white_2025_cil.jpg,,2,6f311add-54ad-4bad-816b-7a020cbe4fd8
Unknown Brand,S3550,Unknown Product,True Red,,True,True,False,other,s3550_form-angle_true-red_white_2025_cil.jpg,s3550_form-side_true-red_white_2025_cil.jpg,,2,6f311add-54ad-4bad-816b-7a020cbe4fd8
Unknown Brand,S3550,Unknown Product,True Royal,,True,True,False,other,s3550_form-angle_true-royal_white_2025_cil.jpg,s3550_form-side_true-royal_white_2025_cil.jpg,,2,6f311add-54ad-4bad-816b-7a020cbe4fd8
Unknown Brand,SC16,Unknown Product,NAVY,,False,False,False,,,,,0,c6fa14d9-3007-48bf-bade-db051207f180
Unknown Brand,TJ7603,Unknown Product,Black,,True,False,True,other,tj7603_form_angle_black.jpg,,tj7603_form_back_black.jpg,2,c6033cc1-e98d-4f3f-a77b-7440cc060f37
Unknown Brand,TJ7603,Unknown Product,Graphite,,True,False,True,other,tj7603_form_angle_graphite.jpg,,tj7603_form_back_graphite.jpg,2,c6033cc1-e98d-4f3f-a77b-7440cc060f37
Unknown Brand,TJ7603,Unknown Product,Midnight Blue,,True,False,True,other,tj7603_form_angle_midnightblue.jpg,,tj7603_form_back_midnightblue.jpg,2,c6033cc1-e98d-4f3f-a77b-7440cc060f37
Unknown Brand,WERK1332,Unknown Product,Black,,True,True,False,other,werk1332_form-angle_black_2025_cil.jpg,werk1332_form-inside_black_2025_cil.jpg,,2,3fe9d82a-23a7-4b27-9fb7-c3c7d245273c
Unknown Brand,WERK1332,Unknown Product,Caramel,,True,True,False,other,werk7640_black___werk1332_caramel_modl_studio-2-brand-bckgrnd_2025.jpg,werk1332_form-inside_caramel_2025_cil.jpg,,2,3fe9d82a-23a7-4b27-9fb7-c3c7d245273c
Unknown Brand,WERK1332,Unknown Product,Grey,,True,True,False,other,werk1332_form-angle_grey_2025_cil.jpg,werk1332_form-inside_grey_2025_cil.jpg,,2,3fe9d82a-23a7-4b27-9fb7-c3c7d245273c
Unknown Brand,WERK420L,Unknown Product,Athletic Grey,,False,False,False,,,,,0,90b57cf6-dd58-4d8a-ad9b-ce66fea9d002
Unknown Brand,WERK420L,Unknown Product,Black,,False,False,False,,,,,0,90b57cf6-dd58-4d8a-ad9b-ce66fea9d002
Unknown Brand,WERK420L,Unknown Product,Caramel,,False,False,False,,,,,0,90b57cf6-dd58-4d8a-ad9b-ce66fea9d002
Unknown Brand,WERK420L,Unknown Product,Dark Navy,,False,False,False,,,,,0,90b57cf6-dd58-4d8a-ad9b-ce66fea9d002
Unknown Brand,WERK420L,Unknown Product,Sand,,False,False,False,,,,,0,90b57cf6-dd58-4d8a-ad9b-ce66fea9d002
Unknown Brand,WERK7640,Unknown Product,Black,,True,True,True,other,werk7640_modl_black_studio-dark-bg-1_2025_cil.jpg,werk7640_form-side_black_2025_cil.jpg,werk7640_form-back-hood_black_2025_cil.jpg,3,2a9801d7-e086-41fd-9f3d-a3a258d8daee
Unknown Brand,WERK7640,Unknown Product,Caramel,,True,True,True,other,werk7640_form-angle_caramel_2025_cil.jpg,werk7640_form-side_caramel_2025_cil.jpg,werk7640_form-back-hood_caramel_2025_cil.jpg,3,2a9801d7-e086-41fd-9f3d-a3a258d8daee
Unknown Brand,WERK7640,Unknown Product,Grey,,True,True,True,other,werk7640_form-angle_grey_2025_cil.jpg,werk7640_form-side_grey_2025_cil.jpg,werk7640_form-back-hood_grey_2025_cil.jpg,3,2a9801d7-e086-41fd-9f3d-a3a258d8daee
Unknown Brand,Y350LS,Unknown Product,Black,,True,False,True,other,y350ls_black_form_angle_2012_2.jpg,,y350ls_flat_back_black_2013.jpg,2,19625309-f4b2-4bf7-b0dc-734219ba5e2c
Unknown Brand,Y350LS,Unknown Product,Coal Grey,,True,False,True,other,y350ls_form_angle_coalgrey_2013_1.jpg,,y350ls_flat_back_coalgrey_2013.jpg,2,19625309-f4b2-4bf7-b0dc-734219ba5e2c
Unknown Brand,Y350LS,Unknown Product,Gold,,True,False,True,other,y350ls_form_angle_gold_022016_1.jpg,,y350ls_flat_back_gold_022016.jpg,2,19625309-f4b2-4bf7-b0dc-734219ba5e2c
Unknown Brand,Y350LS,Unknown Product,True Navy,,True,False,True,other,y350ls_form_angle_truenavy_032014_1.jpg,,y350ls_flat_back_truenavy_2013.jpg,2,19625309-f4b2-4bf7-b0dc-734219ba5e2c
Unknown Brand,Y350LS,Unknown Product,True Red,,True,False,True,other,y350ls_form_angle_truered_2014_1.jpg,,y350ls_flat_back_truered_2014.jpg,2,19625309-f4b2-4bf7-b0dc-734219ba5e2c
Unknown Brand,Y350LS,Unknown Product,True Royal,,True,False,True,other,y350ls_form_angle_trueroyal_032014_1.jpg,,y350ls_flat_back_trueroyal_2013.jpg,2,19625309-f4b2-4bf7-b0dc-734219ba5e2c
Unknown Brand,Y350LS,Unknown Product,White,,True,False,True,other,y350ls_form_angle_white_2012_1.jpg,,y350ls_flat_back_white_2013.jpg,2,19625309-f4b2-4bf7-b0dc-734219ba5e2c
